date,city_zone,pm25,no2,temperature
2025-03-01,Z1,30.515049870004965,17.989668781652544,20.659630292829515
01/03/2025,Z2,39.51205944933544,15.340953292600094,22.80787986190208
2025-03-01,Z3,33.32918604109852,28.514628573829718,23.503371174540437
2025-03-01,Z4,31.31751514365013,24.275053120891883,20.485005111457717
2025-03-01,Z5,43.08647497169902,11.273068850067968,20.216649114139194
2025-03-01,Z6,44.62681973497759,25.672843278534813,23.965534939360197
2025-03-01,Z7,43.76310722528232,21.38408280970222,19.840809260466703
2025-03-01,Z8,40.56590345359421,21.495498341940635,26.17991980193256
2025-03-01,Z9,50.70996707366321,15.892582329016816,24.347324159872258
01/03/2025,Z10,46.516726150148614,22.2322640133916,25.06630495848744
2025-03-01,Z11,59.481744209810394,,21.439070428328677
2025-03-01,Z12,450.7,29.091372990121034,25.97597705419117
02/03/2025,Z1,31.10625693507445,16.5415305355993,20.72670243170647
2025-03-02,Z2,27.006361481555047,22.44154543998029,26.883139938148602
2025-03-02,Z3,,24.305671726560327,
2025-03-02,Z4,34.687783710086684,22.004076173733182,27.337631282886466
2025-03-02,Z5,41.198497070411705,28.929407334352053,16.94317710649718
2025-03-02,Z6,49.696689054656744,22.45051530556379,22.745021490556873
2025-03-02,Z7,45.491918868302605,12.986526300459376,22.943360147127763
02/03/2025,Z8,49.251096864476196,31.22293200626233,22.196864321037424
2025-03-02,Z9,41.56261110560037,22.233767473722978,25.781045160976728
2025-03-02,Z10,52.296932442386975,23.002842581901373,24.775708449504933
2025-03-02,Z11,,31.403959462491922,21.737407132028164
2025-03-02,Z12,50.31835366505463,25.5092846532576,
2025-03-03,Z1,37.37609585767055,18.80884318147642,23.46030686688981
2025-03-03,Z2,34.76680021051641,11.33580401941581,22.395909918370258
2025-03-03,Z3,35.53814478166706,15.310362292650696,23.044308946118633
2025-03-03,Z4,43.148631404761154,29.661769053902347,23.883967757363255
2025-03-03,Z5,43.612991312390605,20.76770087810977,
2025-03-03,Z6,42.97684081937839,22.35017241573665,29.60562850649687
2025-03-03,Z7,43.286427741086776,24.465848986790487,
2025-03-03,Z8,37.11225479474314,29.6,25.327355807000593
2025-03-03,Z9,54.42629830840741,20.229356819330548,26.954509002623904
2025-03-03,Z10,38.51959786608842,28.619670471396503,28.923662289808604
2025-03-03,Z11,43.446479403744796,23.7629872634722,
2025-03-03,Z12,48.97932840822435,19.750249665246308,23.618930662298727
2025-03-04,Z1,26.574110369738072,19.904232192949365,21.1035170658895
2025-03-04,Z2,49.108378956050856,14.529094487183176,22.596923860959816
2025-03-04,Z3,44.85340509123154,13.200130275785497,23.97072748798433
2025-03-04,Z4,50.438773022897244,12.226126594240045,23.863662297804765
2025-03-04,Z5,,25.08174803502364,20.3097008742788
2025/03/04,Z6,32.69070535669087,24.69143241331249,24.14453933455697
2025-03-04,Z7,46.89466470049574,24.723056541803786,21.70201584752778
2025-03-04,Z8,48.385115111380394,25.36526876990322,21.616199106408086
2025-03-04,Z9,63.08964525961406,27.17816191705967,20.423818908467386
2025-03-04,Z10,55.05224167589027,20.84467987045503,25.369789160830138
2025-03-04,Z11,60.7049410752425,22.52376753892399,25.810517974584812
2025-03-04,Z12,56.374787495038895,31.646570839745905,28.144060108108874
2025-03-05,Z1,33.17274584365342,13.799244564050746,21.132430537733107
2025-03-05,Z2,30.245732128316515,18.091507747858582,24.209096548838524
2025-03-05,Z3,40.62210443904382,23.52202344920013,23.38872134149168
2025-03-05,Z4,51.673214298025826,18.97191394692114,30.15663952827096
2025-03-05,Z5,46.686644099250984,16.918501240120417,20.678985366644135
2025-03-05,Z6,47.2,20.996066004663486,25.141217847027143
2025-03-05,Z7,48.73993358644656,22.658326277099285,21.239232316625902
2025-03-05,Z8,34.47161842873493,21.698986989139453,25.497213597605594
2025-03-05,Z9,49.93950981562711,,23.789168926424868
2025-03-05,Z10,52.94566253677981,21.33045638665071,23.74052937666073
2025-03-05,Z11,51.96515688288075,20.94398298759417,24.25068501266762
2025-03-05,Z12,57.62212698262226,32.98318160171458,
2025-03-06,Z1,24.2,12.909398279033358,24.59754186388984
2025-03-06,Z2,40.943698200879254,21.08285281923012,32.94178242250499
2025-03-06,Z3,43.036898315490554,25.094533497693785,25.6949581046012
2025-03-06,Z4,45.31726787675523,18.74944998267997,25.20737674710136
2025-03-06,Z5,35.559899786371915,20.050794081272564,22.096544826295432
2025-03-06,Z6,44.033858254126706,33.71727085743106,
2025-03-06,Z7,,14.989489577206166,
06/03/2025,Z8,55.36319718750232,24.28355993772265,20.615591751044928
2025-03-06,Z9,42.56552637404729,28.269239496009625,21.48403711657535
2025-03-06,Z10,51.655988401146466,26.00820085994622,21.680952826853648
2025-03-06,Z11,68.71223603545691,29.859027681108117,18.247097229224174
2025-03-06,Z12,54.688681475373365,24.3,25.441037032858752
2025-03-07,Z1,28.915944594959484,17.054373043876048,24.52577080983941
2025-03-07,Z2,43.818515692145695,12.535664125022572,22.4270495227859
2025-03-07,Z3,34.72927528586071,16.1795909065238,27.676938213091013
2025-03-07,Z4,43.405055099199636,14.050908206808044,25.55795748002521
2025-03-07,Z5,58.7788146239767,26.426745190329914,19.464877697503237
2025-03-07,Z6,39.564056101309255,28.508065542598203,21.494128948341316
2025-03-07,Z7,48.624847745772726,26.95577097290268,20.94597643344306
2025-03-07,Z8,46.23445310847214,7.785354914501543,20.702333509052544
2025-03-07,Z9,433.4,18.66186661411357,27.344330872217355
2025-03-07,Z10,38.542252206008754,23.609650999543806,23.5901540556035
2025-03-07,Z11,63.14993317858637,19.539653586222435,26.171211992775667
2025-03-07,Z12,53.337974990577784,22.72051199597079,24.418561298046445
2025-03-08,Z1,36.905501470070426,14.65542756694736,23.39078239755504
2025-03-08,Z2,33.9,19.133189588088488,24.871603871382607
2025-03-08,Z3,51.27388570737276,13.285616276788907,28.548860621720657
2025-03-08,Z4,24.605412418393556,19.62485920483614,24.687070201291434
2025-03-08,Z5,44.10641339281747,18.179377990002003,22.695971559186805
2025/03/08,Z6,39.55083461003019,19.25514271347482,25.340282427632552
2025-03-08,Z7,47.98732961138486,19.646509430983514,25.465276873663118
2025-03-08,Z8,49.22596552704099,28.0844589105725,24.790349289889022
2025-03-08,Z9,41.77197290901518,22.12833402448376,25.084511197888148
2025-03-08,Z10,54.92325875622312,25.733822164738772,23.509595643351947
2025/03/08,Z11,61.9,23.789564099471278,24.584020638005086
2025-03-08,Z12,51.695482686011516,26.56810593660523,25.96321931504797
2025-03-09,Z1,41.971101093637316,21.75143333086973,26.432588366478186
2025-03-09,Z2,37.17216467115879,22.002740916432266,22.393224457108722
2025-03-09,Z3,41.23382839436788,18.851351697209935,23.41138126107416
2025-03-09,Z4,45.03811741431929,16.3200544619719,28.399859537806016
09/03/2025,Z5,33.865085795190005,15.249305723291513,26.064168532342535
2025-03-09,Z6,49.88289003525474,25.34993878158186,24.739755121753063
2025-03-09,Z7,45.08797793713957,18.65215874798283,23.35840274407668
2025-03-09,Z8,41.40502206418164,28.923120181591656,22.80124789483702
2025-03-09,Z9,41.854701818302075,23.349683215328845,24.201219984281426
2025-03-09,Z10,45.585246606574,21.75460135485256,23.778109377322146
2025-03-09,Z11,53.691139234239216,24.240078364919977,21.991295584546556
2025-03-09,Z12,55.22416980059416,20.443463443379915,19.650231912650977
2025-03-10,Z1,29.672779698614086,16.64293097575755,23.89842805836642
2025-03-10,Z2,48.85954684059363,22.907555759417793,22.721312819462838
2025-03-10,Z3,38.54093107813934,14.5,23.074876304390433
2025-03-10,Z4,38.020155266363375,22.05103226327996,21.0530817854906
2025-03-10,Z5,46.120560128017495,29.010224935693312,22.849258773229263
2025-03-10,Z6,46.81584542724328,25.706341238326896,22.11810796465682
2025-03-10,Z7,47.03125514129872,23.227674192771214,23.365349390743486
2025-03-10,Z8,40.69080065233529,24.196353969247863,24.366154872485033
2025-03-10,Z9,,29.779248137470095,28.5041152881503
2025-03-10,Z10,44.008825692801906,30.25358809973836,23.579514158717288
2025-03-10,Z11,69.30239329801131,22.75958439845012,21.021854538919467
2025-03-10,Z12,48.6251923050814,17.09068811276775,21.806771590169504
2025-03-11,Z1,29.4,,23.927484655942276
2025-03-11,Z2,52.11642818067413,23.39655901531286,21.63083557734337
2025-03-11,Z3,,22.01312659100605,19.77251169894777
2025-03-11,Z4,55.03145886650914,26.359822246170864,21.900155586237613
11/03/2025,Z5,28.31107614331093,28.141074422482397,22.78674510336783
2025-03-11,Z6,53.55504650818927,14.3,21.574657159114945
11/03/2025,Z7,45.33082924651068,23.424797338660866,21.94793103780127
2025-03-11,Z8,51.90804274390885,18.76088313201509,22.717146003946144
2025-03-11,Z9,478.3,27.58027035831272,24.8521319117216
2025-03-11,Z10,41.20083382315317,18.24659624343177,26.26728677124565
2025-03-11,Z11,54.4928462900565,23.08382532341802,26.950974655305686
2025/03/11,Z12,54.39609490492627,,23.241890920024648
2025-03-12,Z1,52.00483186259106,,
2025-03-12,Z2,44.92777970753364,21.89539488878423,26.44629120133444
2025-03-12,Z3,31.072188051621602,23.007863349941594,25.670773524627535
2025-03-12,Z4,26.4,14.570404395711433,17.926631863103317
2025/03/12,Z5,39.90904833343325,24.98349914711103,26.780604937743636
2025-03-12,Z6,44.29342488871155,,19.57445866196634
2025-03-12,Z7,31.709970766875742,22.93623119182994,23.984875929851835
2025-03-12,Z8,46.711835933327876,13.785850095204562,22.801912208721596
2025-03-12,Z9,38.174001550405436,28.38051424864505,23.941207922745686
2025-03-12,Z10,42.727082900189046,23.4,20.37667850278119
2025-03-12,Z11,51.38105204898615,31.626044925182864,20.560397191664705
2025-03-12,Z12,57.55122058767792,25.108136139905376,21.042530226847706
2025-03-13,Z1,34.70852821978068,12.6061739376117,21.591902990767988
2025-03-13,Z2,27.61811159506999,28.51510212338143,23.064185134065262
2025-03-13,Z3,33.23969430820373,20.6704669215615,22.69520612990887
2025-03-13,Z4,38.706105212242264,23.580491777198425,24.869795529254205
2025-03-13,Z5,37.86621646398747,,22.288397011256833
2025-03-13,Z6,25.331219963350645,14.8,26.393211922747252
2025-03-13,Z7,58.54269462560923,21.991750806472133,24.417418661775358
2025-03-13,Z8,49.50931779031089,39.540425955621124,25.774963532722385
2025-03-13,Z9,47.632339458480104,20.277410619433716,18.95991045349201
2025-03-13,Z10,51.919752913627654,22.2,19.420391980141755
2025-03-13,Z11,46.75582438911329,21.46555462254569,27.193880341817355
2025-03-13,Z12,60.61788915501275,27.742522343125486,26.675886601361007
2025-03-14,Z1,36.227398591542176,13.497805058539296,26.734861176298985
2025-03-14,Z2,41.55609611620214,13.527086202639243,22.45120428791582
2025-03-14,Z3,31.876233376010447,12.708409228540754,25.242494851953946
2025-03-14,Z4,55.8,13.538660923357636,24.334474074851272
2025-03-14,Z5,36.948766122841164,19.00496278272077,21.446066172527672
2025-03-14,Z6,36.87834415474088,,20.84967569209725
2025-03-14,Z7,47.59028855478175,23.007580972480383,22.329680865958817
2025-03-14,Z8,39.8024882885739,21.284005775975313,24.815529047689232
2025-03-14,Z9,,20.189177113915132,23.17538174669791
2025-03-14,Z10,56.34682184460827,,24.28545146407468
2025-03-14,Z11,,29.7481284990555,21.01890309176855
2025-03-14,Z12,39.16939532504507,19.6665138757648,23.047263349778298
2025-03-15,Z1,37.7276586265071,13.30335618084558,24.474282153843482
2025-03-15,Z2,23.994081750947203,18.40363122222195,19.850260507493907
2025-03-15,Z3,498.1,19.88011448113151,20.726767593690166
2025-03-15,Z4,37.482525167987546,25.58367607971255,21.435571333092174
2025-03-15,Z5,48.880870054710925,15.812768669443168,24.202311451688253
2025-03-15,Z6,55.364245759816626,10.01217135118572,20.885562868223854
2025-03-15,Z7,50.1,22.26425783069811,23.80566569032832
2025-03-15,Z8,42.272542573554134,,22.48860791841985
2025-03-15,Z9,58.0830441969228,26.36977079560096,23.721807662088054
2025-03-15,Z10,47.08213561102823,23.568726367823334,21.796405537350996
2025-03-15,Z11,55.16913211539798,24.810925993175395,23.60223814914108
2025-03-15,Z12,70.25308500189875,32.18056282352608,22.062742176480445
2025-03-16,Z1,45.29874964828997,15.804142270381448,17.73297958134777
2025-03-16,Z2,29.260711420002806,9.399650439450836,21.949507209189136
2025-03-16,Z3,39.10911257722209,28.044887515047435,23.645609353702813
2025-03-16,Z4,38.8453249495984,24.718819768679374,17.300452646772694
2025-03-16,Z5,44.11940928130148,25.335208741287673,19.131825304842803
2025-03-16,Z6,53.02088879845202,24.082455718415822,21.790071134540405
2025-03-16,Z7,50.5694750180105,34.65252887905663,23.282956556938643
2025-03-16,Z8,49.12934841592655,21.9,20.703679995630427
2025-03-16,Z9,55.422633894241464,20.83682727867214,23.007206512340886
2025-03-16,Z10,46.595051424130205,28.421236446039345,23.66244618250978
2025-03-16,Z11,60.35299418867796,24.385346232124558,22.153603581058977
2025-03-16,Z12,45.85892854471995,25.623052835108645,23.771542151904537
2025-03-17,Z1,41.78182843440166,13.3,24.95255019147355
2025-03-17,Z2,48.20738600804208,20.839225175828837,27.470524922604564
2025-03-17,Z3,32.80833318113753,13.457868052244152,18.331734768948703
2025-03-17,Z4,52.603364902243214,23.862060759662437,22.63957371393326
2025-03-17,Z5,44.51112305725195,15.871878150491174,28.892915340251463
2025/03/17,Z6,44.94150713885884,22.95538826909843,24.592951950956127
2025-03-17,Z7,,24.43692532656053,20.80234925259612
2025-03-17,Z8,50.952211812872264,33.636718596630956,26.142085506596842
2025-03-17,Z9,61.56232160526311,22.579608641190767,20.304523340562948
2025-03-17,Z10,49.4,26.323402493881073,
2025-03-17,Z11,38.54983882715665,34.60162043883158,
2025-03-17,Z12,,22.802437874318585,18.641393711544975
2025-03-18,Z1,42.3,18.246845523348046,19.50364691693517
2025-03-18,Z2,27.036244834666768,17.1104231000463,26.901102979511286
2025-03-18,Z3,36.95650783663049,12.182722739997317,22.114191506072945
2025/03/18,Z4,38.4878137259216,7.123095199970896,22.592811999993277
2025-03-18,Z5,40.458489678597175,24.99765114783676,27.350939403651168
2025-03-18,Z6,52.9548497930123,,19.96223439443363
2025-03-18,Z7,66.16557161899274,23.63089331202392,22.76337239607017
2025-03-18,Z8,47.02205613247748,25.234315854881668,22.36764813647795
2025-03-18,Z9,44.262124410679256,22.41868825393134,22.64666599074781
2025-03-18,Z10,46.14038593301467,22.497844955838385,22.994624735517547
2025-03-18,Z11,50.084329999081575,34.5,16.101124645305276
2025-03-18,Z12,62.49256619019175,34.110681649894175,17.54507358526743
2025-03-19,Z1,33.05130288873657,16.039197490710727,19.15956781973031
2025-03-19,Z2,31.206633777016002,13.25261350245145,27.05902316508392
2025-03-19,Z3,46.6,,24.482527216632953
2025-03-19,Z4,31.669480380732438,18.00107321656354,23.901783459594657
2025-03-19,Z5,32.561235715698345,25.09775760791526,22.077533561129528
2025-03-19,Z6,40.976055362800764,25.996656207161685,23.789005335239963
2025-03-19,Z7,42.72325613300854,29.147596292056377,19.975688737525118
2025-03-19,Z8,52.17483395147893,27.225544474167965,21.904480958239887
2025/03/19,Z9,51.4927769102254,18.91356121149044,24.988414604542115
2025-03-19,Z10,49.04085927710818,23.464604899912665,25.300870121117086
2025-03-19,Z11,46.52169048067365,19.945004429780973,18.786774122715105
2025-03-19,Z12,58.640883252144484,21.494255058208267,27.065332511485774
2025-03-20,Z1,19.167351468975482,26.39367520747282,23.155487605895694
2025-03-20,Z2,36.68544547344575,16.095888841068792,23.625784223769323
2025-03-20,Z3,38.79443638537374,25.246084594287055,22.913513059544247
2025-03-20,Z4,41.934291732831184,18.820605032226077,22.485579878586478
2025-03-20,Z5,44.83065542863628,12.996915039103138,19.257480382624863
2025-03-20,Z6,49.95071766604516,23.311175102116884,22.167985597007448
2025-03-20,Z7,45.788440014750215,25.103847347376437,21.27854473711574
2025-03-20,Z8,41.05089438337221,25.2542560051474,20.182011993851567
2025-03-20,Z9,52.179717868670124,16.671202617560702,25.200833031203256
2025-03-20,Z10,54.33083931862233,27.373360219410188,25.08467139775293
2025-03-20,Z11,65.51021865138223,32.074152782022374,18.025758359560033
2025-03-20,Z12,43.586170998159645,24.787300477544235,22.69317156341623
2025-03-21,Z1,39.99172392592586,14.296506815319109,23.044271657105185
2025-03-21,Z2,31.443751939709934,15.776727775217605,19.060702003791935
2025-03-21,Z3,31.737313066012913,12.984984671186588,20.13767161346916
2025-03-21,Z4,49.18867704412649,15.90550416419945,29.15830990800597
2025-03-21,Z5,46.342449514674534,22.485770135924444,20.431460295459456
2025-03-21,Z6,49.63474897926299,19.592491295352115,22.882379282525893
2025-03-21,Z7,66.14930988650505,22.89947183700864,25.45053806162668
2025-03-21,Z8,41.67958581571123,24.11391979223799,27.004356335001265
2025-03-21,Z9,43.92562439077983,34.26019594379835,24.34673458455118
2025-03-21,Z10,46.07799028229146,,25.008740869979317
2025-03-21,Z11,57.188567823546805,19.165011372543244,20.759511806350318
2025-03-21,Z12,51.87030267776083,,24.129034989789186
2025-03-22,Z1,37.29739854148277,11.261173473457863,23.477089098779192
2025-03-22,Z2,42.396840132650965,,25.22854628515084
2025-03-22,Z3,45.81989504313524,22.1,22.35118019261767
2025-03-22,Z4,27.497193974979712,22.813259089944026,23.045813689172064
2025-03-22,Z5,44.59387577703427,15.190516024270458,19.82395312024363
2025-03-22,Z6,52.48283154249815,22.28557404317964,24.230346214695846
2025-03-22,Z7,45.92051936124224,23.54122141903255,24.87230398620428
2025-03-22,Z8,43.201978162823195,24.782135515349648,21.37090624950168
2025-03-22,Z9,45.4907298054673,23.664761922392444,23.08192890034857
2025-03-22,Z10,46.77307428798164,32.39849407669415,20.290076215715526
2025-03-22,Z11,,24.8,26.144039182148617
2025-03-22,Z12,55.448228746109336,33.09711796435154,18.812693538671855
2025-03-23,Z1,38.03519766610596,22.39755174769313,22.681388128497964
2025-03-23,Z2,46.05900217603834,16.272046428164995,25.999046755773353
2025-03-23,Z3,57.56270780083317,17.95338678555947,21.361921851807473
2025-03-23,Z4,52.4349622651844,28.574531225502234,21.168528087426232
2025-03-23,Z5,39.08275554783958,20.176838361637046,19.11455187772371
23/03/2025,Z6,36.731398149096485,17.474148481270152,20.556184242549083
2025-03-23,Z7,45.43949825823945,24.575016886804,26.351929387344594
2025-03-23,Z8,39.366508667787016,29.234646125595226,21.94070604474563
2025-03-23,Z9,48.59399495284152,28.59622250313624,19.668873101403655
2025-03-23,Z10,53.68534623589702,26.963476992459405,23.706806315329775
2025-03-23,Z11,54.57578105405079,39.31680756003951,20.881328194681114
2025-03-23,Z12,49.650819899137346,24.833695137452125,21.086985357408768
2025-03-24,Z1,30.820362942246682,,
2025-03-24,Z2,33.0,14.707043023919178,23.60315977661714
2025-03-24,Z3,34.774402879178325,22.942570887308783,22.93192843777938
2025-03-24,Z4,28.702597949811874,28.424528714272448,26.914315068389936
2025-03-24,Z5,37.56260498227828,19.657585817033127,23.139284362463393
2025-03-24,Z6,46.7769324624132,25.79790588916811,27.450132232567004
2025-03-24,Z7,44.32206395892824,19.422789212202595,18.97632281561481
2025-03-24,Z8,41.526565095708925,24.15773147961679,26.9110155444456
2025-03-24,Z9,44.869478659318546,26.351397011271178,22.38356364546925
2025-03-24,Z10,60.153878875556224,38.7762102915357,21.09744895335033
2025-03-24,Z11,48.36758078418941,32.27144345660386,24.129349609716908
2025-03-24,Z12,68.69311856658709,,21.526390658683482
2025-03-25,Z1,40.66301632088193,23.512406740586265,24.42464324465378
2025-03-25,Z2,41.6,24.21135319470841,25.29667676777455
25/03/2025,Z3,50.267776876370945,23.030620093801762,21.955642590868234
2025-03-25,Z4,42.02057807590094,26.72870639748624,20.33109861419228
2025-03-25,Z5,45.43261869178121,,22.44529984899741
2025-03-25,Z6,54.347210758020026,23.46983872322579,22.48952916205074
2025-03-25,Z7,34.877110365685915,27.154702122353285,23.987148244513058
2025-03-25,Z8,64.69836091633259,22.793634026543085,22.921313610820217
2025-03-25,Z9,51.02375623593859,33.128882509216375,
25/03/2025,Z10,52.8972226087789,29.190189568072604,22.839960599551265
2025-03-25,Z11,48.729945122575586,28.030247893072357,25.0575171663098
2025-03-25,Z12,,28.633737208406107,20.623135754312436
2025-03-26,Z1,45.514116286550355,10.360937103656934,20.92483942181352
2025-03-26,Z2,40.60780189203142,26.71358268283842,22.15776838731002
2025-03-26,Z3,34.7848743143333,29.2,18.70210928895188
2025-03-26,Z4,23.272386511281866,22.904216605115195,21.067008479110964
2025-03-26,Z5,34.32933526356045,25.15501750043621,22.93164582442049
2025-03-26,Z6,,16.120804179675883,24.503287360692852
2025-03-26,Z7,50.97353449700272,22.935537763224346,26.938736530111655
2025-03-26,Z8,38.84761057908785,16.712882136588476,20.592373865289378
2025-03-26,Z9,48.67996421521673,26.46629614691654,21.719053895351667
2025-03-26,Z10,53.49745915453872,19.900992688441768,25.931555550175638
2025-03-26,Z11,51.660170191647424,32.654259876425535,23.17895740593675
2025-03-26,Z12,57.60776900838189,30.825708028736827,23.44141544003578
2025-03-27,Z1,41.10913404811778,24.62943863525087,22.7620577543468
2025-03-27,Z2,43.275745666249165,18.444088422243496,25.871047868716808
2025-03-27,Z3,33.82894082543055,28.806559967324613,
2025-03-27,Z4,29.430242061323952,21.351470786415387,20.568125686405924
2025-03-27,Z5,49.237954906541766,18.3569197244404,21.155296247056175
2025-03-27,Z6,29.032844303431368,20.267598933797878,16.211056513520735
2025-03-27,Z7,33.114311199473455,27.2,24.235255226720206
2025-03-27,Z8,50.8255579180026,19.512431632579016,22.151476439738175
2025-03-27,Z9,49.029440747361974,,26.029250584511
2025-03-27,Z10,57.713523021055536,25.060673297258575,22.337969427579452
2025-03-27,Z11,53.99805079639421,16.865910733376353,21.652811373791632
2025-03-27,Z12,48.51147798519504,22.975575935114136,21.568004097878237
28/03/2025,Z1,,21.193514198767673,20.79133791523724
2025-03-28,Z2,42.19562567207815,25.895167984453543,24.530869596976153
2025-03-28,Z3,39.72837001695391,16.57279782208657,23.964843673728208
2025-03-28,Z4,44.03557377733015,25.19253871984401,23.807214893899154
2025-03-28,Z5,50.92047605287448,,25.512770553780047
2025-03-28,Z6,45.74121480422262,32.911058801013496,20.496315844470313
2025-03-28,Z7,59.68449202836905,24.433399264291314,20.59074038065811
2025-03-28,Z8,43.56205856697613,22.751199715097385,23.279700255699023
2025-03-28,Z9,53.25219278005834,22.393527145467,22.158398909041775
2025-03-28,Z10,67.84403538103288,34.80883392475436,23.31009456387931
2025-03-28,Z11,52.646263973847205,27.68036561693302,23.753080321520272
2025-03-28,Z12,45.796259263278,26.702417205315896,18.047825205000258
2025-03-29,Z1,39.18126835008675,21.229721383135963,20.959784814553377
2025-03-29,Z2,50.215741111928416,12.774004278701462,18.50681376977726
2025-03-29,Z3,41.055825190451564,25.04741501586485,26.377570198946483
2025-03-29,Z4,37.2255001753839,26.114418579051463,22.071479796550044
2025-03-29,Z5,41.1519195151725,26.048405008419255,23.798558166335358
2025-03-29,Z6,31.5581642951887,29.9,25.61797935567044
29/03/2025,Z7,40.801163575350095,25.427304806354755,23.402826436008656
2025-03-29,Z8,49.527418950381225,21.60585227903152,20.488692550456683
2025-03-29,Z9,48.87395989222205,31.130114053646352,23.52675135678789
2025-03-29,Z10,47.749841439828394,30.03405341968216,15.04639441872662
2025-03-29,Z11,61.5412453358577,18.386081881640848,21.26164861679398
2025-03-29,Z12,45.030124212235364,21.52033430601773,25.06981793874811
2025-03-30,Z1,32.25239047942234,19.729519453612316,21.998865395478564
2025-03-30,Z2,41.44669034406608,19.290200409350923,18.9086862822051
2025-03-30,Z3,47.23686191822186,17.346398947333988,18.224712096027147
2025-03-30,Z4,,28.228071725403016,24.241721197960256
2025-03-30,Z5,39.75023756010914,19.887075159730227,21.312079214633066
2025-03-30,Z6,60.78980214022238,24.45213185157105,23.191270960654197
2025-03-30,Z7,54.05444954035402,24.645491294636756,21.468561478124766
2025-03-30,Z8,45.8777467517831,24.00263011152478,22.02311125140192
2025-03-30,Z9,54.905945529922406,25.529456746722506,23.947767035715472
2025-03-30,Z10,50.07554017632154,26.571994178357368,17.120665131346254
2025-03-30,Z11,59.68825785117368,28.82035151535779,24.611192117325654
2025-03-30,Z12,30.823957064367956,38.43887356886238,21.76719277228859
2025-03-31,Z1,44.86361054973926,12.8,23.59648305496509
2025-03-31,Z2,29.2,15.78932011353145,26.84962667697563
2025-03-31,Z3,37.74541608245963,20.904420191999996,24.239717619030554
2025-03-31,Z4,44.872694028710875,21.478441260910174,22.97695079847423
2025-03-31,Z5,383.3,21.347343659115275,22.56729590909609
2025-03-31,Z6,52.585201365718206,28.07215821816403,25.032124056209618
2025-03-31,Z7,50.926171610254414,17.7385948988126,26.148127123061407
2025-03-31,Z8,38.28193032623508,25.875887697751093,20.178858667260272
31/03/2025,Z9,,26.915613332164238,22.86794133093435
2025-03-31,Z10,54.100786776994134,34.24944853503098,23.19838404609362
2025-03-31,Z11,50.4085312971503,31.91041894027044,25.038224514620268
2025-03-31,Z12,44.17728549474319,30.986074357168853,23.817480148085913
2025-04-01,Z1,33.61941789100958,24.9,21.637771647307414
2025-04-01,Z2,38.6409011820255,18.04369474661632,22.0518582338424
2025-04-01,Z3,30.50245249545518,12.617890364155109,25.99917327295116
2025/04/01,Z4,34.1333260404338,15.77027393893595,16.629435330879446
2025-04-01,Z5,37.43368648182805,15.020877628270906,26.117948515229656
2025-04-01,Z6,52.26028081444878,19.104665778510686,27.644000128249502
2025-04-01,Z7,53.672231632004085,21.830351495947102,15.764396327704798
2025-04-01,Z8,65.7820119531609,17.415736988763143,17.899413747496503
2025-04-01,Z9,57.27139846487574,37.4714522633684,25.47359266116503
2025-04-01,Z10,55.238471605581125,29.155552849089368,24.1464495118395
2025-04-01,Z11,58.43499099982,28.496829169700728,22.27341337476842
2025-04-01,Z12,53.49918089469334,24.23014001461138,21.311222922721797
2025-04-02,Z1,22.455678755674818,17.5079685006452,19.48979134389768
2025-04-02,Z2,28.806982367875374,19.808228299477253,25.44127482763647
2025-04-02,Z3,46.61859338998368,11.965345434684885,19.487198770349128
2025-04-02,Z4,48.434593682234535,15.81450239420013,21.399686236782408
2025-04-02,Z5,46.945204606888865,16.79430799666441,22.22470787713987
2025-04-02,Z6,33.508947491710444,19.538282960317428,22.760723947131314
2025-04-02,Z7,33.07356521916636,25.6565857789664,21.91217461445827
2025-04-02,Z8,51.873798359120535,25.48287366857862,25.37162018670958
2025-04-02,Z9,50.092038381330255,23.12536620171996,22.267012869355682
2025-04-02,Z10,55.07299022880173,26.42578516806565,22.062748339784676
02/04/2025,Z11,46.74703613042022,23.7760711377733,18.454755932275738
2025-04-02,Z12,67.99594721473342,21.780350457662525,20.229006117285202
2025-04-03,Z1,30.24911212094528,,21.172264889729206
2025-04-03,Z2,47.61467046325237,15.539822910620998,22.60712449101878
2025-04-03,Z3,32.586321092148076,30.542112579798193,18.940643037885494
2025-04-03,Z4,43.38402683640599,23.89434225468265,22.94413682908802
2025-04-03,Z5,,20.985445260445935,22.01916776540705
2025-04-03,Z6,43.00217241428913,27.363035252178527,27.435946589437656
2025-04-03,Z7,41.354617783618004,16.603715679399492,21.68893396458114
2025-04-03,Z8,68.08859040127886,20.34344864653714,26.007431099069443
2025-04-03,Z9,62.50888584901948,22.50297118693673,23.332096783422465
2025-04-03,Z10,442.4,24.284364599630173,21.40068818520337
2025-04-03,Z11,47.70655929754607,22.015310560194187,20.286445222794256
2025-04-03,Z12,44.20484811140081,28.16860246404556,19.984706007812672
2025-04-04,Z1,37.86132501900625,10.216040631321999,22.68523641556885
2025-04-04,Z2,,8.935931558573767,22.793177259651635
2025-04-04,Z3,49.08511693719388,13.765495587065928,26.039466802126963
2025-04-04,Z4,44.25228070869954,17.197732310820818,21.71861314088844
2025-04-04,Z5,,22.011909455765828,23.204925816148627
2025-04-04,Z6,36.80746716186352,23.4,18.323749592770255
2025-04-04,Z7,44.919411052072476,18.93052610956164,20.019210978558288
04/04/2025,Z8,57.33432858090922,29.81570582894784,23.380881137300648
2025-04-04,Z9,40.34344469820873,23.686203886593397,24.890780084980662
2025-04-04,Z10,51.85204576107223,37.77398474406679,22.841330433518635
2025-04-04,Z11,53.89106702023688,,22.19188809698841
2025-04-04,Z12,52.77127903363592,31.536062245783086,
2025-04-05,Z1,29.695421602859543,11.335503875672678,17.21596121889381
2025-04-05,Z2,41.68363153858712,13.383926521683112,16.424248169270847
2025-04-05,Z3,42.4,32.27484804880734,21.79129737280232
2025-04-05,Z4,47.60035439162718,21.12808816347212,21.559250518674197
2025-04-05,Z5,49.88140369627983,20.176659558881948,22.47495543683181
2025-04-05,Z6,46.738737918309425,19.19667092070087,24.28658052549336
2025-04-05,Z7,44.40184105154168,19.6674883005428,23.147749260578063
05/04/2025,Z8,40.250138887140295,24.496210793943575,21.783677160041545
2025-04-05,Z9,57.761410904484855,27.637887080588605,21.743907254789193
2025-04-05,Z10,57.252740407798164,33.12452457036632,23.20100041753171
2025-04-05,Z11,52.42979460930654,20.52339657261986,19.14369049396362
2025-04-05,Z12,,24.944107632665155,21.339046394188436
2025-04-06,Z1,36.42647061321022,20.635099378800334,21.578723868861005
2025-04-06,Z2,41.501648001006615,19.218098590158192,16.816304398124053
2025-04-06,Z3,31.7313153362106,19.084379646590424,18.730733956905965
2025/04/06,Z4,45.6817919630939,28.367662496007895,24.801875443252023
2025-04-06,Z5,40.811182792046246,29.076629927630076,22.12663945701401
2025-04-06,Z6,41.458401626907225,19.465076834766528,20.998796597788413
2025-04-06,Z7,42.68603848388534,24.293262173439572,22.156405766633394
2025-04-06,Z8,47.5,26.53496281938479,24.731586500974586
2025-04-06,Z9,,17.834873037494436,15.370167976753844
2025-04-06,Z10,58.17510323122028,19.334060296757755,21.193057309277023
2025-04-06,Z11,42.97600336919484,18.06764251002567,23.1086276345207
2025-04-06,Z12,60.04651249645453,25.10408360338308,15.277365083646458
2025-04-07,Z1,31.59088690278572,19.939441271415525,18.006260661866065
2025-04-07,Z2,39.06408548340246,18.812962907628723,23.151768332804107
2025-04-07,Z3,40.19021270884608,14.933258358176829,24.694968337962614
2025-04-07,Z4,39.60169681368073,20.57117127412586,19.370369686118398
2025-04-07,Z5,38.96003902472805,17.192771310631922,21.27117443399283
2025-04-07,Z6,57.83632851176251,15.666370075200556,17.669636089109535
2025-04-07,Z7,57.54838692693626,22.388348313188914,20.030857737151596
2025-04-07,Z8,55.73462544251964,21.315979909354834,26.26856386766873
2025-04-07,Z9,54.47515855042883,22.81359147640155,27.096810116965145
2025-04-07,Z10,,29.872716286267504,22.451771034817618
2025-04-07,Z11,62.73840916763233,34.878886318946144,21.783549956465805
2025-04-07,Z12,47.933499526036115,,
2025-04-08,Z1,52.0531527743523,18.655704052483344,20.73889232293323
2025-04-08,Z2,39.05986087742222,12.146486858512084,19.22316110493687
2025-04-08,Z3,48.82209333042199,16.506737820394495,19.03491874450865
2025-04-08,Z4,45.14836772344851,26.62882089765737,23.449579477876167
2025-04-08,Z5,50.45989082604039,17.82541559058599,18.09766953435889
2025-04-08,Z6,56.13854219160139,20.905082748313525,21.02511366007588
2025-04-08,Z7,56.38978974711359,26.20872289861841,22.791915631417517
2025-04-08,Z8,64.72061900789345,21.119072608805304,23.971796521416593
2025-04-08,Z9,49.49306888422508,26.588716064113214,25.47336726724483
2025-04-08,Z10,54.7,28.846325974136,24.333464544488006
2025-04-08,Z11,49.39006932143259,22.867888151283715,19.040173216160916
2025-04-08,Z12,38.2152020791313,38.254063046771265,18.89417528690929
2025-04-09,Z1,512.9,16.580389756529215,22.369472624920164
2025/04/09,Z2,44.1,23.175914606863454,20.143262283975066
2025-04-09,Z3,37.86466607438362,21.195537826597132,20.979228064938543
2025-04-09,Z4,53.69676802919848,23.1466037414378,23.438150345521954
2025-04-09,Z5,47.77741720674148,27.5,22.053509777156677
2025-04-09,Z6,33.736075110119046,24.508350560191573,19.972563645917838
2025-04-09,Z7,41.5181608761314,26.35082180429474,24.6966635589815
2025-04-09,Z8,47.553630580381586,25.872257682605,25.856493241985504
2025-04-09,Z9,50.94584703876528,38.24559909960307,23.014729994476273
2025-04-09,Z10,36.57008316597382,29.912982543314662,22.553851842604356
2025-04-09,Z11,62.61057090824596,30.4212721032327,21.254815920437977
2025-04-09,Z12,44.13452662163271,26.919339969543692,19.47465474487416
2025-04-10,Z1,31.26523312342094,20.89760238303241,25.724595065844557
10/04/2025,Z2,40.70315659680621,12.9,22.661340475516393
2025-04-10,Z3,48.7551998877512,,
2025-04-10,Z4,40.936017188783204,16.8,23.17053488957569
2025-04-10,Z5,447.2,23.688736216828136,19.33110336046079
2025-04-10,Z6,40.59157250108962,26.112071695522765,20.617750924736626
2025-04-10,Z7,59.54331334990778,21.411074887401803,22.11154561934576
2025-04-10,Z8,54.824692831388894,,17.1478117750141
2025-04-10,Z9,36.8,31.540358150792546,20.170188440234924
2025-04-10,Z10,71.1,23.3152905494606,22.011212062958634
2025-04-10,Z11,64.6,37.07608389263407,26.703592746557035
2025-04-10,Z12,63.576350566603864,33.07502298998667,23.031151177969
2025-04-11,Z1,42.114473809043744,15.187864018212654,19.453347914937872
11/04/2025,Z2,37.49695317678667,18.00196039632159,20.365775000175454
2025-04-11,Z3,44.73141205209164,24.538500460889693,
2025-04-11,Z4,52.616916757243644,14.962619756460523,21.014696475294347
2025-04-11,Z5,36.69846118034275,,21.292143408886893
2025-04-11,Z6,43.09542331446255,30.056495861520524,23.075874334880584
2025-04-11,Z7,37.512272423258814,32.7,24.551429362307022
2025-04-11,Z8,51.99891228200502,23.175008469242524,
2025-04-11,Z9,46.00084008205131,30.660262971103524,26.210310888330163
11/04/2025,Z10,62.96080615316088,23.68136367274213,18.699801540271114
2025-04-11,Z11,53.37831153863663,18.192504862950152,22.306764408955594
2025-04-11,Z12,52.706764509321296,25.61361009051411,17.512087455326654
12/04/2025,Z1,39.972213268397596,15.268202009610373,18.52321285575124
2025-04-12,Z2,14.5216783459503,18.703222591757658,25.87863393670132
2025-04-12,Z3,52.42621340495009,17.464406743170386,19.942474794122507
2025-04-12,Z4,44.52269737353096,15.6670517392512,22.202484694575624
2025/04/12,Z5,48.53750918837193,27.7,21.197619753827077
2025-04-12,Z6,42.41584059624231,18.08724781959167,19.380804059927307
2025-04-12,Z7,43.86976309880946,25.223079196546273,23.731966510610082
2025-04-12,Z8,40.89252626494255,,20.770195942420536
2025-04-12,Z9,48.783383151961466,21.468375084908086,15.387404294344606
2025-04-12,Z10,57.66304831400099,29.797743875200275,20.744686052231426
2025-04-12,Z11,52.7629745172752,29.602311387349516,17.541640302810602
2025-04-12,Z12,49.6309909970695,31.903029606029065,18.312281387103837
2025-04-13,Z1,38.18537299049695,11.135545743464935,22.56340329069191
2025-04-13,Z2,37.18814131114769,10.751886596145322,24.309176720751022
13/04/2025,Z3,33.2329041915068,15.685374399691874,21.898751327685453
2025-04-13,Z4,49.93509923768455,15.6,21.55152795922802
2025-04-13,Z5,45.8,25.020346439261317,21.838432222801156
2025-04-13,Z6,41.08250500231552,18.32595820879291,21.612688042224033
2025-04-13,Z7,37.077979255460875,8.766247803654377,22.488727845002263
2025-04-13,Z8,54.52293371639893,12.467428952509131,18.87300157283325
2025-04-13,Z9,53.881052712114595,35.47865938786772,21.449312603796614
2025-04-13,Z10,44.74015873060357,25.185790742875938,24.834519382478558
2025-04-13,Z11,47.032832463804,23.01340382423978,20.190469529153013
2025-04-13,Z12,46.21028066709422,28.531806346555936,25.459024480781995
14/04/2025,Z1,38.39271858998718,16.642274691898038,20.617302136521545
2025-04-14,Z2,24.938921571849328,23.22868199735618,21.1522373162784
2025-04-14,Z3,,35.68776185993559,22.09371257972462
2025-04-14,Z4,34.702846913388385,18.499526948774484,24.217944581802293
2025-04-14,Z5,43.25970223481561,14.349015947306277,23.64490264524841
2025-04-14,Z6,38.64474990256518,31.815985629071747,24.046950473097024
2025-04-14,Z7,42.04769105797075,29.763669465750493,21.51646908512891
2025-04-14,Z8,54.08481926058216,26.691342652638212,19.23093867133322
2025-04-14,Z9,43.750594837428345,30.326573563162555,20.50989197854405
2025-04-14,Z10,47.306169426395705,21.31024748760089,22.405827972794057
2025-04-14,Z11,68.67192012264047,21.6572867221672,21.407378950492298
2025-04-14,Z12,65.10584884838238,27.505835246300897,22.47775979943474
2025-04-15,Z1,27.277797347857454,20.03000827255449,20.8286651687774
2025-04-15,Z2,45.29914917483504,24.734493953430913,27.770434936335306
2025-04-15,Z3,43.68673823146837,21.3356361876089,21.78248658523211
15/04/2025,Z4,37.86070613963789,22.308164731097428,20.558022305941197
2025-04-15,Z5,43.67008792864395,28.11282410091968,18.78016941808967
2025-04-15,Z6,53.07779224388304,29.01950266867012,21.001354513811076
2025-04-15,Z7,28.62028819914555,20.303908305589538,24.539012197691545
2025-04-15,Z8,47.048546529186886,,20.03458852821823
2025-04-15,Z9,55.59281487597801,,20.699195583364535
2025-04-15,Z10,47.56962300578772,24.111500223115318,18.990500370042515
2025-04-15,Z11,65.06358745242439,25.367779531368637,24.339422133352514
2025-04-15,Z12,65.9474739884121,,20.21747504949365
2025-04-16,Z1,38.97334298688539,17.750773100141675,18.987175156520223
2025-04-16,Z2,39.97474015432898,12.885643085388155,24.21562827949945
2025-04-16,Z3,,,
2025-04-16,Z4,38.5813533836508,23.532492866745358,20.05917066678923
2025-04-16,Z5,49.25933518930501,14.8,21.562378757211572
2025-04-16,Z6,59.43675243847697,17.41554905452293,19.552067382033414
2025-04-16,Z7,,24.2242054963397,22.12300505652944
2025-04-16,Z8,51.111544759919276,27.40899483854147,24.0206794132361
2025-04-16,Z9,52.11296061052971,,22.92786406135237
2025-04-16,Z10,65.66983047062696,25.39040058200157,18.81010654666894
2025-04-16,Z11,60.96378398212465,26.360754403237355,15.814755943310452
2025-04-16,Z12,60.52287568139589,25.195110202326642,21.02009660258514
2025-04-17,Z1,38.36360703306531,18.80638059315193,22.970186627361073
2025-04-17,Z2,33.860237060318084,21.328502094227918,20.547690390553683
2025-04-17,Z3,44.89097550834049,22.748901432503683,18.857960329401987
2025-04-17,Z4,49.3,17.901337695959082,23.216701580216338
2025-04-17,Z5,45.19151744117846,30.681164214595846,20.637892128583847
2025-04-17,Z6,41.095048201385794,22.30223871027248,20.438607627427785
2025-04-17,Z7,51.92548142223141,,18.56235103664759
2025-04-17,Z8,38.6198864704251,28.969056517760837,25.473090515968288
2025-04-17,Z9,48.0,24.282500851033817,21.37168749229643
2025-04-17,Z10,,21.398934705121903,21.79247954135044
2025-04-17,Z11,59.872981790408986,29.45026213486491,21.670511126010336
2025-04-17,Z12,61.71613312905032,14.3,22.891245383340745
2025-04-18,Z1,30.437137070878983,8.681706783666902,22.42492893696944
2025-04-18,Z2,48.29537453356566,18.056719603901637,23.529108806164334
2025-04-18,Z3,51.84069587253481,26.22762535405124,25.24683376158547
2025-04-18,Z4,46.51585337356442,20.939312189729876,17.142007908414065
2025-04-18,Z5,40.24669717631333,17.255001927731865,26.57427923190152
2025-04-18,Z6,42.44447421825786,22.99634984732616,22.525635878258157
2025-04-18,Z7,45.836743925059814,31.764671924648404,19.59029903382086
2025-04-18,Z8,48.68114763234177,20.48615470309531,17.846866160105222
2025-04-18,Z9,43.9,24.9224145554344,20.07366687686384
2025-04-18,Z10,44.85764742418025,18.985102131408198,20.93915850658525
2025-04-18,Z11,39.99561590728671,30.726060177306287,21.353021820493247
2025-04-18,Z12,,26.288825882699868,19.26653142418053
2025-04-19,Z1,38.18284405639701,,
19/04/2025,Z2,38.18602024258654,17.92315091777949,22.77589076821916
2025-04-19,Z3,40.60774827167236,15.873059146009506,20.29990573792645
2025-04-19,Z4,34.170332027706564,25.9220324067875,21.150819698772853
2025-04-19,Z5,57.38442800452218,21.147783553812317,19.32652365981684
2025-04-19,Z6,31.701551013959133,13.3,17.137200719579273
2025-04-19,Z7,47.584642999317246,25.812894557216907,17.144563822012664
2025-04-19,Z8,54.24429994019795,21.76305509174095,21.46452310705687
2025-04-19,Z9,,29.571647838576716,20.426213957328414
2025-04-19,Z10,43.227182896993995,15.23746516169344,19.299657278986945
19/04/2025,Z11,50.30404242605837,21.969735441674956,20.769398159362233
2025-04-19,Z12,54.24426303671371,26.69044407748139,19.472534125034347
2025-04-20,Z1,36.936130015831196,20.003149567895733,18.322428440625565
2025-04-20,Z2,48.51071531443117,18.20959656771829,21.0955501915948
2025-04-20,Z3,44.5253352988771,,23.431267719015793
2025-04-20,Z4,42.792976870802875,17.458532174119224,21.952184947247936
2025-04-20,Z5,32.982537526986626,21.97260848529494,20.96535115762153
2025-04-20,Z6,42.10377596373524,21.69621330830858,16.343803520488585
2025-04-20,Z7,41.015275196351496,23.7,21.44806711422618
2025-04-20,Z8,38.82003696723516,30.485621888008552,18.88298901369643
2025-04-20,Z9,56.43345933522036,27.202145402134384,19.432857859623173
2025-04-20,Z10,388.4,20.007080343084468,23.346311568257686
2025-04-20,Z11,59.95518754807756,23.531254365574554,24.529589384393503
2025-04-20,Z12,51.58652052330575,29.236914466447974,21.699230731160732
2025-04-21,Z1,34.46761921535898,21.82508593936059,22.98331546462597
2025-04-21,Z2,23.19019699758156,25.20183669704336,16.843363693156252
2025-04-21,Z3,47.0751860545839,,18.272177587707443
2025-04-21,Z4,37.16466575257759,14.969793958404729,20.4622910875236
2025-04-21,Z5,39.62326941909198,25.30571087127202,24.27536552854446
2025-04-21,Z6,54.8893778152612,19.50565898612472,20.47653897888412
2025-04-21,Z7,31.892765427537576,19.19623969562619,23.41172274598908
2025-04-21,Z8,59.92129719005467,17.962936577798438,19.518433015363204
2025-04-21,Z9,48.4,26.44457764038699,18.975584863441323
2025-04-21,Z10,53.66185023010881,23.58366602002528,20.96346298604974
2025-04-21,Z11,56.27599949478932,26.894065013525463,19.908628936929016
2025-04-21,Z12,363.9,27.329229777535005,20.07456608854012
2025-04-22,Z1,33.42468226902663,25.740761237705307,22.35335625409941
2025-04-22,Z2,34.7675718624938,22.141388316826315,20.11650890985629
2025-04-22,Z3,48.152775143783856,21.413918164354016,20.682802274235744
2025-04-22,Z4,43.98587708593658,12.620417352111954,18.1341389619718
2025-04-22,Z5,32.48910526462555,22.098604495363897,25.282345132959044
2025-04-22,Z6,61.527270121722694,25.483235437840058,22.203168821607456
2025-04-22,Z7,30.90477071532335,20.48870184105707,18.981598254475717
2025-04-22,Z8,41.982815438899976,23.270442655894144,19.770831190003495
2025-04-22,Z9,32.75156137826624,28.759803938496667,18.269200069896797
2025-04-22,Z10,52.13629841052538,36.29975691574977,18.652596155280257
2025-04-22,Z11,31.61638695202917,25.408413366690265,23.703456721742743
2025-04-22,Z12,69.1618304041282,21.59977741291964,22.19280569233762
2025-04-23,Z1,31.72330779406341,17.19315395263124,27.513690797050778
23/04/2025,Z2,25.058392457506244,19.900684940715696,22.072065358921773
2025-04-23,Z3,47.40480932054589,20.030993309688213,21.67295877826845
2025-04-23,Z4,37.22169381802041,21.79580315765018,20.044851740764663
2025-04-23,Z5,,19.511207680297385,21.845583414263658
2025-04-23,Z6,43.39350712064219,,20.774348120536974
2025-04-23,Z7,31.079713520830598,29.48704868226733,18.638501677351645
2025-04-23,Z8,41.67020619365873,21.10822561757082,24.338927662435236
2025-04-23,Z9,31.451306827383366,40.68436566517916,23.54297445217332
2025-04-23,Z10,51.95897548860984,,21.616717616652334
2025-04-23,Z11,55.9784072389749,30.039882744811294,22.291843594516813
2025-04-23,Z12,54.162436898345824,26.73620362261529,20.52464922037441
2025-04-24,Z1,33.83505953472329,23.366013373107695,22.338824144902176
2025-04-24,Z2,13.507580336594142,21.885757680512086,
2025-04-24,Z3,38.51738299870484,17.572752441509763,23.665214139165055
2025/04/24,Z4,,16.56004727692705,21.87256305701136
2025-04-24,Z5,34.166526446669,14.435435701191356,19.288139277725108
2025-04-24,Z6,50.47529173842499,27.008242661107353,22.137645889443256
2025-04-24,Z7,51.01327389051053,25.7,19.251228351142643
2025-04-24,Z8,50.30425158948172,28.06284687854715,22.74066066373396
2025-04-24,Z9,57.996541840250984,28.511409397504963,21.73355285805398
2025-04-24,Z10,58.68280041134889,25.746374774345252,18.65024571113073
2025/04/24,Z11,50.453426429630994,23.06355875564922,19.16698665176407
2025-04-24,Z12,52.238176411820604,23.735063283772565,20.085028515102422
2025-04-25,Z1,20.19175167284486,18.736803041102267,20.810385245557892
2025-04-25,Z2,30.4,21.87565375549051,23.15129690121873
2025-04-25,Z3,25.752917366250635,15.674892429588322,18.88451568268409
2025-04-25,Z4,32.730535108695136,24.544981441169043,20.322806210220325
2025-04-25,Z5,39.77000482344481,11.287386318567446,22.395916632675398
2025-04-25,Z6,33.608420031465556,22.5,21.500813902047813
2025-04-25,Z7,56.04411959336617,16.580777963187465,13.258591167600269
2025-04-25,Z8,48.26601082105016,33.03652677542821,23.904737439500927
2025-04-25,Z9,50.108853421581244,22.48488084880461,22.82517804874561
2025-04-25,Z10,42.27957213811213,28.233941532836848,22.0710469550689
2025-04-25,Z11,60.185984632102546,40.559543789702055,21.788411475099252
2025-04-25,Z12,49.268960002815156,27.542462943277602,16.384681794929538
2025-04-26,Z1,29.727131992041265,15.596006329811345,19.449943181814806
2025-04-26,Z2,38.14003965338715,14.439409767556771,23.562740844962466
2025-04-26,Z3,38.559220832826576,19.41409873286561,19.94042738536899
2025-04-26,Z4,41.43545342071647,24.495182570987765,18.592338637374034
2025-04-26,Z5,36.565359673606224,19.760152012857176,17.39548686796825
2025-04-26,Z6,36.912592344799926,19.806768698108115,22.946137128433104
2025-04-26,Z7,47.20350949095094,24.06491353176004,22.887409082071215
2025-04-26,Z8,45.64040818810401,25.958379133657676,20.502109794320045
2025-04-26,Z9,50.49864492685985,22.001352505046228,14.663121280960215
2025-04-26,Z10,48.937876470536025,32.93797738269475,23.07570268225527
2025-04-26,Z11,59.37165328111946,32.91398122031704,20.98180815405488
2025-04-26,Z12,54.8633626999985,24.554159043205114,19.969982036583662
27/04/2025,Z1,40.15301561676661,23.63284539514282,20.36470849706005
2025-04-27,Z2,33.26169593614982,18.525153912672636,22.216341058585336
2025-04-27,Z3,26.948735162256412,7.950700261794367,19.336982062533593
2025-04-27,Z4,30.37023792037511,17.79999494833491,20.34387338921887
2025-04-27,Z5,38.14631369186792,28.5121245180161,21.53018609776835
2025-04-27,Z6,45.81245947730228,25.269913474970295,17.86624139181063
2025-04-27,Z7,53.35792253614144,22.689147231166892,22.38952572936558
2025-04-27,Z8,38.1,16.208265742854778,
2025-04-27,Z9,51.3290317182867,20.37589271023846,18.539166483075814
2025-04-27,Z10,58.95759742118835,19.848181926780278,24.82000656940246
2025-04-27,Z11,44.385516905050885,29.89629192824974,19.891777996890088
2025-04-27,Z12,,24.9,20.306341921081813
2025-04-28,Z1,35.494067729045035,12.572419884032271,22.518926329236475
2025-04-28,Z2,32.697369430470225,17.349448495330453,18.18099202916488
2025-04-28,Z3,17.94077232824406,18.44640016812061,26.698404019718453
2025-04-28,Z4,46.352639538154364,20.214327991540387,20.009638392665494
2025-04-28,Z5,41.891896013830184,23.955316375179322,17.71483342741405
2025-04-28,Z6,52.263106065048426,25.7057182856004,22.462329779955997
2025-04-28,Z7,48.4927020545389,23.13598590595504,22.349018555603212
2025-04-28,Z8,51.35577285035575,22.17678997187088,19.23286103344391
2025-04-28,Z9,49.07247377888426,32.60118519314285,17.56909777655141
2025-04-28,Z10,38.2,26.588979550940397,20.794084720326207
2025-04-28,Z11,52.917084004478895,27.894032243391226,20.10885982909915
2025-04-28,Z12,65.08562183469593,19.578837270557056,18.595622903735546
2025-04-29,Z1,34.27842049984356,9.336285234747134,20.18116577056351
2025-04-29,Z2,50.03258354322373,18.565752641088693,21.197554045940397
2025-04-29,Z3,28.295867732382582,16.288604068502405,19.682810830833844
2025-04-29,Z4,37.47182871607698,26.687720992809542,22.0150294334565
2025-04-29,Z5,32.75824947099423,22.421116819041636,21.86635615288565
2025-04-29,Z6,52.40746907102426,,18.083066302074016
2025-04-29,Z7,38.43578030953505,16.7,20.035752133876237
2025-04-29,Z8,50.289871031152074,28.852538237099846,20.43092422253738
2025/04/29,Z9,45.63658748590628,25.583746524488948,18.53294452756863
2025-04-29,Z10,66.54804108186687,17.69574233674586,21.082653228883
2025-04-29,Z11,67.65694469850942,26.677137604227052,20.145704194139952
2025-04-29,Z12,50.24489519855253,26.650270881705932,24.052922968335015
2025-04-30,Z1,17.34520234115223,25.18721732237577,17.015253902673486
2025-04-30,Z2,34.54324263427661,16.282917623491745,22.046529958225648
2025-04-30,Z3,25.52783008944558,21.649093964485676,25.63592084201598
2025-04-30,Z4,29.043796504136708,21.19585238121885,18.920191339307326
2025-04-30,Z5,44.992649826787115,21.3,18.971429511188077
2025-04-30,Z6,47.124894092575055,31.087243910282403,20.097887304480604
2025-04-30,Z7,50.6,,18.18405584175383
2025-04-30,Z8,50.27389330937676,31.30426532221033,21.464180155763
2025/04/30,Z9,45.62654247851214,24.789233115738185,17.449127448874556
2025-04-30,Z10,54.60349296990395,30.11353230932937,19.44492095171615
2025-04-30,Z11,47.64339681334863,27.940349055063475,19.48334744369736
2025-04-30,Z12,52.5110367147817,,19.95758253193386
2025-05-01,Z1,32.106929333504794,14.24911624666149,22.390393929462665
2025-05-01,Z2,35.16022080029339,15.149050992321067,23.833174081395352
2025-05-01,Z3,49.60320185851094,16.302889264325582,15.863564122311281
2025-05-01,Z4,47.94285097746086,16.790948873309993,22.506477998619744
2025-05-01,Z5,25.758274553434436,25.58617560269747,17.50198417751087
2025-05-01,Z6,49.00158168402495,22.103645159474006,18.14506545222121
2025-05-01,Z7,41.535541864442145,26.372963014166245,20.79465013350091
2025-05-01,Z8,51.1034998479999,,16.619309971435193
2025-05-01,Z9,61.00226024033266,25.281332235180624,18.282953879905
2025-05-01,Z10,39.05841427103538,24.7230415027703,22.83403928052397
2025-05-01,Z11,50.31689395029066,34.13350901698311,16.901974775583923
2025-05-01,Z12,52.87693896690614,21.22485805277169,21.43899370727524
2025-05-02,Z1,42.000236145177695,15.348759543794381,
2025-05-02,Z2,38.133085835134885,20.5453521799581,21.495853723239684
2025-05-02,Z3,48.064121831703794,13.91548193213622,22.18565709946156
2025-05-02,Z4,49.354288033314,11.28690331943979,21.28424640063288
2025-05-02,Z5,37.41715292179247,20.68131878305505,21.35430804468128
2025-05-02,Z6,39.18912669330905,18.619482661846135,20.5704978795555
2025-05-02,Z7,325.1,17.477988322319174,22.183550043226695
2025-05-02,Z8,37.1693301976755,27.147767380382067,21.641595067970314
2025-05-02,Z9,34.18959228498362,21.337472523248646,23.470390343453868
2025-05-02,Z10,41.78308550255456,23.31236538247089,21.64026906896518
2025-05-02,Z11,57.53589746229642,25.285783172886255,18.991341349106335
2025-05-02,Z12,64.28409591798736,36.1,22.932261962789926
2025-05-03,Z1,35.51712249851881,,
2025-05-03,Z2,40.65105383648831,20.41837069253364,23.944765045899526
2025-05-03,Z3,43.310905371015004,11.720068988382035,23.070637607840748
2025-05-03,Z4,31.75918324857422,18.224705046510277,21.06626907916269
2025-05-03,Z5,57.34537182172488,36.60324509538975,21.95757621137391
2025-05-03,Z6,41.5508225900537,24.635271466856608,22.659907128218045
2025-05-03,Z7,42.087418171722895,31.847890913106376,21.015945461511958
2025-05-03,Z8,50.27106752527523,27.11054630290798,21.494735090069593
2025-05-03,Z9,54.63701045266461,21.603750018991967,19.045014178668378
2025-05-03,Z10,40.760616221497784,27.79661301391862,22.388109822313737
2025-05-03,Z11,54.86039665085006,34.88065993664608,20.426778516460836
2025-05-03,Z12,58.18451060273872,22.0,19.47301930734745
2025-05-04,Z1,40.326294519350725,21.626506783127972,19.66196495599661
2025-05-04,Z2,35.82556208032361,10.700718405099117,19.504309323140543
2025-05-04,Z3,45.15778503971007,22.0752031281269,21.648546628610088
2025-05-04,Z4,40.0692728653631,20.143584749825862,18.746079476473447
2025-05-04,Z5,46.89807436589933,23.12222458772284,21.626929445139062
2025-05-04,Z6,38.735531899302046,11.2,23.139764104541303
2025-05-04,Z7,40.74947462893909,18.521662863742105,22.13057960494205
2025-05-04,Z8,43.080436794016926,,21.93939719909881
2025-05-04,Z9,53.32145613533742,17.823944946136855,23.426742288623068
2025-05-04,Z10,51.57926943596809,23.716428714999417,20.755353493512693
2025-05-04,Z11,371.5,28.5151693777247,17.823453554701885
2025-05-04,Z12,41.94063017207623,19.7692002983228,23.178603262631878
2025-05-05,Z1,29.653296685806787,25.012340467257044,19.0139674675151
2025-05-05,Z2,22.66490381096916,12.670170627022163,23.443000175163192
2025-05-05,Z3,36.712945684583026,16.420447253403363,20.753516689777815
2025-05-05,Z4,43.6,,23.97471919987816
2025-05-05,Z5,38.35470921449095,14.349827123627993,19.319808222337656
2025-05-05,Z6,,17.07036183207604,17.960593837908238
2025-05-05,Z7,,22.554985614367745,20.435463613674813
2025-05-05,Z8,40.07398661229399,22.555334710282075,18.042888264475085
2025-05-05,Z9,54.89990021525648,29.792675864020584,15.73800146955061
2025-05-05,Z10,41.97858968108254,18.04287382404233,18.728411289128598
2025-05-05,Z11,50.38353644066257,19.186384910090986,18.048821592332562
2025-05-05,Z12,44.655744858697105,,20.52683196773647
2025-05-06,Z1,28.83693316309325,18.18952115559263,18.94384761570708
2025-05-06,Z2,34.073956343546485,26.58176815547923,23.661700456651115
2025-05-06,Z3,27.48691096709777,23.27226070247333,22.339039213404227
2025-05-06,Z4,30.333818188861237,24.12657774094267,24.155377623206626
2025-05-06,Z5,32.2,16.354266326187958,22.854701494284
2025-05-06,Z6,44.96461425821464,24.608252716547803,21.162020868176487
2025-05-06,Z7,47.554582775398245,,22.928842093728868
2025-05-06,Z8,55.422098983758914,22.522099438191862,20.20185545264059
2025-05-06,Z9,35.452882660254595,27.149417847712087,21.740691431460604
2025-05-06,Z10,48.84057818106952,31.109001776066332,19.475354749725394
2025-05-06,Z11,55.49131736057644,,20.25166744998965
2025-05-06,Z12,51.21599952656859,28.431956405100347,19.386730505091847
2025-05-07,Z1,33.48052364619399,,19.176214557249274
2025-05-07,Z2,23.31605124202153,26.92316263590168,23.721760347071037
2025-05-07,Z3,27.466930123449657,,19.01068822396646
2025-05-07,Z4,41.54929304330671,21.46454557812386,19.682105649554014
2025-05-07,Z5,34.807633632330706,17.449810580566005,17.977645361641713
2025-05-07,Z6,36.05954492754195,21.5,18.478725177567938
2025-05-07,Z7,49.8069027554501,30.156928437008755,18.817992046919713
2025-05-07,Z8,47.9020858703958,26.128214120934697,21.448130827643006
2025-05-07,Z9,48.23085564580512,28.252291570309552,21.473747532046463
2025-05-07,Z10,39.358277760221675,,22.486352243511675
2025-05-07,Z11,44.78965194177504,26.546750473930764,21.97644763237249
2025-05-07,Z12,50.85779385493244,32.631042444613726,26.17780638689322
2025-05-08,Z1,28.1639513094877,10.320696769514903,20.985762154421458
2025/05/08,Z2,41.86070324794034,16.980678825150843,23.85936732371185
2025-05-08,Z3,27.01572044550884,22.508694718623655,18.711563613512034
2025-05-08,Z4,53.115953729316836,29.915769278397097,18.309574195950898
2025-05-08,Z5,36.60083702875346,25.160222856546426,19.25838904093548
2025-05-08,Z6,,,15.427032774915126
2025-05-08,Z7,44.15931941999547,19.23182636950836,18.993408609409837
2025-05-08,Z8,57.45544105286352,17.30702167752386,22.25922863227921
2025-05-08,Z9,45.31104521882218,23.09984621553188,22.202145405538545
2025-05-08,Z10,51.9,28.260802953199615,22.64667731674142
2025/05/08,Z11,48.16500886873734,23.25564520365412,17.51333934901477
2025-05-08,Z12,45.84855533073592,41.9713919118274,23.337914617251233
2025-05-09,Z1,23.560867980596758,10.572441671412614,21.389496945349684
2025-05-09,Z2,40.383944925648294,20.8382415408082,19.54744230716921
2025-05-09,Z3,36.638556102965,20.642310894109066,20.399564306786782
2025-05-09,Z4,21.524150837371554,18.763006029527222,18.05631570540267
2025-05-09,Z5,42.3,35.747390104511155,21.103535954739215
2025-05-09,Z6,40.043043602699925,26.339193510471272,21.391551509076486
2025-05-09,Z7,47.548400652057474,25.7,25.32619070312731
2025-05-09,Z8,36.77690088219906,25.9165282028241,17.868878966099608
2025-05-09,Z9,51.9,19.864026170427266,19.141414757040742
2025-05-09,Z10,46.7360163236304,30.245633233672187,22.48096790090949
2025-05-09,Z11,40.767360262326214,26.550311101038798,
2025-05-09,Z12,42.30142362485825,26.09964620300861,19.413624819913906
2025-05-10,Z1,53.6989307313939,19.30739854711834,16.699942038326895
2025-05-10,Z2,31.40337044362582,23.15860680655276,25.365092722387303
2025-05-10,Z3,24.870059615453325,9.561159312801454,24.821398728641945
2025-05-10,Z4,42.311203168687854,15.5,21.480558505518577
2025-05-10,Z5,19.744671473949243,20.7958405896643,20.9635387223202
2025-05-10,Z6,49.86117813875054,16.618574204306718,20.35820369372089
2025-05-10,Z7,36.69998365033483,23.874063653231897,17.90561998430493
2025-05-10,Z8,42.47493758189341,18.527158810000078,21.771826394771633
2025-05-10,Z9,54.243716864792134,23.242223843255065,20.23958077761256
2025-05-10,Z10,37.42374025083409,23.826034362099104,20.01847424760813
2025-05-10,Z11,71.61517993250588,20.67367338235313,23.804428887093582
2025/05/10,Z12,60.260069028356185,28.54578144276554,24.540537000700326
2025/05/11,Z1,37.175916111791224,19.045332143807805,19.97088813389409
2025-05-11,Z2,45.62398702664898,23.49097324361349,18.53949654769742
2025-05-11,Z3,26.91782204687346,17.9028147966717,18.103593355443834
2025-05-11,Z4,38.59996664310439,26.013999566161587,18.960435628720976
2025-05-11,Z5,40.401939825898275,21.026013475873775,22.224766971951162
2025-05-11,Z6,24.405775840877663,18.611489237096226,20.631898997136634
2025-05-11,Z7,53.6,20.09456938248259,15.412308001333267
2025-05-11,Z8,50.61130935321087,20.28636058497638,17.12952311871205
2025-05-11,Z9,42.295218304139624,23.449636649916187,18.59182810509242
2025-05-11,Z10,,29.766685331722,23.290877369634757
2025-05-11,Z11,55.8,,19.599960931569157
2025-05-11,Z12,52.14690180910066,30.093508113277714,21.774540988233156
2025/05/12,Z1,28.2,17.465532233229975,21.207156671849454
2025-05-12,Z2,47.4,21.487178059376696,22.036597378750148
2025-05-12,Z3,38.0544491984865,25.92603199536151,21.088362650210094
2025-05-12,Z4,32.13149653002669,26.799677029060852,21.80871384165892
2025-05-12,Z5,37.11221127875103,18.29445325052959,20.805394523163255
2025-05-12,Z6,45.9984054462832,22.587470324772752,20.842227343918562
2025-05-12,Z7,57.5289497171172,27.867815666882056,20.54054463847391
2025-05-12,Z8,53.09613900300967,18.256571297160836,21.058773285178372
2025-05-12,Z9,61.67646879109832,23.238052246927577,17.944870838763638
2025-05-12,Z10,43.62167052085258,19.789207446268414,18.102050889992093
2025-05-12,Z11,47.51068047724048,19.1,20.103001495185357
2025-05-12,Z12,59.32932629261752,22.516773550427573,23.86216546941577
2025-05-13,Z1,38.107671328476826,22.163570238248322,18.38020886127551
2025-05-13,Z2,42.49390007315263,12.46008871724238,22.250413997997125
2025-05-13,Z3,38.668776611331594,21.59510522823377,17.085808731843724
2025-05-13,Z4,31.769866791134138,22.724081128667684,17.65392523534535
2025-05-13,Z5,44.2724395025036,13.8,22.14523077757252
2025-05-13,Z6,32.3,24.3176215439802,21.588872580020855
13/05/2025,Z7,38.265341891001285,25.375345600097123,20.675900904239743
2025-05-13,Z8,41.165145225259614,18.331530253383356,15.118231016724405
2025-05-13,Z9,49.90944408956271,16.459380726045033,20.263155744509124
2025-05-13,Z10,46.6410216188708,28.588199369137193,19.269681497181192
2025-05-13,Z11,47.7493886931157,29.760929922478603,20.862440318616148
2025-05-13,Z12,54.5505822777183,29.357005259170666,16.185864937888088
2025-05-14,Z1,39.98408552668462,20.027232013462395,17.444512305856165
2025-05-14,Z2,33.61349593375879,17.67744251434714,19.649978166293074
2025-05-14,Z3,39.9,25.93990377073212,22.69063694647948
2025-05-14,Z4,28.341113448428427,22.802510722197354,23.30855342613593
2025-05-14,Z5,43.569698797756935,26.056153805687856,25.01689624154932
2025-05-14,Z6,50.3012706374628,22.756885567057576,
2025-05-14,Z7,44.90706056974571,22.538948714364615,19.107684538013075
2025-05-14,Z8,57.89162841199109,19.236381077320743,23.817139438992697
2025-05-14,Z9,51.019598167620835,,20.905343359775962
2025-05-14,Z10,31.856836752848505,28.274246309367744,22.199298834769884
2025-05-14,Z11,45.5545648052087,26.673535614081388,24.871613711673124
2025-05-14,Z12,47.883802452693274,21.670350108111382,23.690378633453903
