visits_last_3mo,avg_basket,days_since_last_shop,used_coupons,is_member,churn
6,83.0718068663385,7,1,1,0
7,87.72698794525687,50,0,1,0
6,53.95638826034757,10,1,1,0
7,7.937258243454025,62,0,1,0
7,52.77378876065419,56,0,1,0
6,58.716316774223614,11,1,0,0
11,39.78803560142173,72,0,0,0
4,49.695632123835146,1,0,1,0
8,90.60390397726702,7,0,1,0
6,73.29854324603482,10,1,1,0
6,41.508717712438,52,1,1,0
12,28.04801660809136,99,1,1,0
2,53.45965364780458,9,0,0,0
8,55.73086441299124,84,1,1,0
12,69.92398374726633,83,0,0,0
5,49.293665748646816,111,0,1,0
7,70.22999150723723,7,1,1,0
8,98.70308080120458,35,0,1,0
6,76.31002044888525,92,0,1,0
11,59.03822985338455,105,0,1,1
6,56.336990578934106,75,0,1,0
8,52.86653731640258,13,1,0,0
9,83.61281824904289,111,0,1,0
11,47.45373108097394,53,1,1,0
5,60.904454179999654,113,0,0,1
9,61.0239580376217,84,0,0,0
8,49.96431614376936,85,0,0,1
9,32.550689042317984,20,1,1,0
8,66.45949007235336,107,1,0,0
12,58.77992056289233,49,1,1,0
15,70.0048093887314,93,1,1,0
9,49.32799387121666,38,0,1,0
5,84.41642597626095,19,1,1,0
7,42.464524375763105,87,1,1,0
9,94.24080568035785,86,1,1,0
6,25.047269803434766,6,0,1,0
9,68.69540129113783,8,0,1,0
5,69.50861365053247,0,1,1,0
2,44.088858641182355,25,1,0,1
8,68.48787875722024,37,0,0,0
8,85.59037339520317,37,1,1,0
6,15.663623212918708,117,1,0,1
9,70.05489614981629,60,0,1,0
3,10.134583593398446,43,1,1,0
5,40.68670392953584,85,0,1,0
13,92.5833272980189,43,0,1,0
12,48.36435933215892,73,0,0,1
10,36.52240071182055,118,0,1,0
7,56.04124542030636,61,1,1,0
6,101.35812676327104,5,0,1,0
5,23.36635505587948,16,0,1,0
9,38.97380176721311,50,0,0,0
6,89.94863366359253,113,0,0,1
4,97.15404687075466,37,0,1,0
8,57.93137551419432,23,1,0,0
9,35.218945949467155,50,0,1,0
10,101.91687003618318,9,1,0,0
8,91.88884783498393,119,1,1,0
13,73.57893975524466,71,0,1,0
6,43.751953021251595,20,1,1,0
15,59.019413183239266,119,0,1,0
8,56.79279837910339,69,0,1,0
10,66.61702609231156,84,0,1,0
5,89.02002876262672,56,0,1,0
12,77.58834082274807,38,0,0,0
9,38.45247846030483,87,1,1,0
4,87.52992900039075,32,0,1,0
7,66.26264280026311,58,1,1,0
4,73.74131591717833,17,0,0,0
7,89.33081718557206,55,1,1,0
7,37.76839500972898,91,0,0,1
7,59.28348842587074,56,0,0,0
8,49.3709089728157,115,0,1,1
4,28.642811492690882,95,0,1,1
8,66.93419955209839,75,0,1,0
8,110.23113103168848,47,1,1,1
6,23.198445109884943,41,0,0,0
6,59.354387779010594,26,1,0,0
11,72.81085870149548,73,1,1,0
7,62.46156403312362,109,1,1,0
6,57.73743894968519,51,0,0,0
6,34.01567273108351,41,0,1,0
12,64.65573485880327,31,1,1,0
7,44.86472045968147,105,1,1,0
11,16.201565900428932,25,0,1,0
11,83.89184441027462,24,0,0,0
8,79.16771639684085,74,0,1,0
7,61.033219537021594,22,0,1,0
9,64.58149376411406,97,1,0,0
9,81.48636025431122,56,0,1,0
10,64.48679313556165,51,0,0,0
13,78.08035109522629,103,0,1,0
5,54.050355982523,86,0,1,1
9,86.23967477147893,92,1,0,0
8,66.41571451865367,30,1,1,0
7,63.88103887211748,63,0,1,0
6,34.59877822575936,70,1,1,0
5,65.73911708603417,103,0,1,0
9,43.360901650110975,32,0,1,0
6,47.23434546943012,84,0,0,0
4,43.69248743367758,1,0,0,0
7,38.6753013620155,17,0,0,0
6,102.49542806033924,46,0,1,0
3,86.62678123976806,32,1,1,0
10,98.40735004288523,100,0,1,1
11,35.54209960888872,97,1,0,1
8,61.42507499821785,83,0,1,0
4,34.129847495918085,34,1,1,0
5,46.08610245605872,50,1,0,0
11,41.63746033166851,113,0,1,1
6,84.79168012883123,117,1,1,0
9,52.0754064379648,17,0,0,0
7,81.36758667388033,109,1,0,0
9,72.08241779177035,87,0,1,0
7,106.07277504209577,71,1,1,0
12,30.411115537205518,29,1,0,0
11,85.18466479573598,43,0,1,0
7,82.92881740801455,52,0,1,0
5,40.532423239459305,9,1,1,0
7,80.1426667294632,86,0,1,0
10,66.72289926052457,51,0,1,0
10,55.45047480093184,48,0,1,0
3,43.52129026056001,10,0,1,0
11,45.61781097101628,65,1,1,0
9,100.99624191571851,57,0,0,0
9,60.01365637914965,89,0,0,0
9,75.64260003062918,35,1,0,0
10,44.182012366648934,32,1,1,0
6,44.40294107556723,46,0,1,0
10,81.63969618499884,12,0,1,0
14,33.008475768969355,39,1,0,0
8,51.69572464189457,88,1,1,0
11,60.68054822144464,67,0,1,0
7,62.22745203680105,41,0,0,0
5,56.41813429967687,18,0,1,1
7,67.91639562191847,81,0,1,0
9,73.85711511635623,100,0,0,0
8,74.6927509091866,93,1,0,0
10,40.283923826643466,18,0,1,0
9,54.316898041424054,57,1,0,0
9,83.89525723753876,22,0,1,0
5,77.89294375147745,53,1,0,0
5,32.542810970378724,79,1,1,0
8,67.02959800704403,64,0,1,0
8,20.435495012503793,11,0,1,0
3,60.938698041207395,23,0,0,0
4,97.95534033491954,33,1,1,0
8,41.04214565462027,52,1,1,0
9,43.31353909016836,7,0,1,1
8,75.28059563145719,17,0,0,0
8,29.14396969580708,56,0,1,0
9,47.34489940229922,111,1,1,1
7,71.92882275163505,4,0,1,0
11,47.31428304621194,25,0,1,0
10,55.28060025578057,29,0,1,0
10,74.8837142063007,53,0,1,0
9,68.43092167073122,12,1,1,0
6,65.33636792590804,82,0,1,1
5,53.21755441459923,28,1,0,0
9,67.40122230537911,2,0,1,0
6,57.52534639800487,89,0,1,0
5,69.1561121985157,103,1,0,1
8,50.06135949764044,57,1,1,0
9,56.34862051240918,75,1,0,0
12,40.20084414895972,1,0,1,0
8,59.29984779987528,74,0,1,0
14,43.7799827274231,107,1,1,0
3,37.71907099676014,27,0,0,0
6,65.17322295710777,81,0,1,0
8,64.25479551715321,76,1,1,0
10,75.65747469897146,100,1,0,0
4,51.37748860849802,85,1,1,0
6,68.16105693673512,75,1,1,1
9,71.01595144547326,1,1,1,0
7,68.8954761566319,100,0,0,0
11,43.48692634395716,6,0,1,0
11,62.98726964542378,25,0,1,0
8,67.28280592109323,89,0,1,0
10,60.14356933815884,87,0,1,0
8,18.27044683257831,75,0,0,0
5,63.2097924794696,15,0,0,0
5,104.25062078794484,22,0,0,0
12,52.79921462486035,39,0,0,0
7,45.43845804289358,59,0,1,0
13,67.46697119422797,72,0,1,0
6,66.24756420933143,31,1,0,0
7,83.85470330832828,14,0,1,0
12,34.842636881822244,100,0,1,0
8,74.62760505149984,12,1,0,0
12,71.80844122502927,4,0,1,0
3,57.15706926118908,74,0,0,1
9,66.7737463584338,73,0,1,0
6,80.58914963196715,51,0,1,0
6,77.44630760056901,76,1,1,0
8,37.13961375852543,40,0,1,0
8,76.40316373510969,52,1,0,0
6,58.70622789934963,109,0,1,0
5,61.45748196031031,49,0,1,0
9,61.46393982003389,14,0,1,0
11,56.9951402240348,105,0,1,0
7,83.8341499421413,119,0,1,1
9,58.32564080301576,6,0,0,0
4,37.609077432336626,39,0,1,0
4,52.129402880605426,27,1,0,0
6,63.57389433620951,31,0,0,0
4,84.58429568594102,98,1,1,0
10,72.06189369897668,14,1,1,0
10,42.98929442505912,111,0,0,1
9,109.70379833357782,99,0,1,0
15,65.2955062195596,84,0,1,0
7,85.50781475998029,69,1,1,0
13,56.96571132845542,64,0,0,1
5,70.66718489410898,3,1,0,0
10,76.7893700903681,10,0,0,0
7,84.36389423508513,107,1,1,0
11,81.1473661075645,25,0,1,0
7,77.44394000145955,60,1,1,0
10,53.69826537611783,36,0,1,0
9,48.565079160878774,22,0,1,0
12,66.65215020648395,92,0,0,0
5,78.66256144682139,84,0,0,0
6,55.54558598446786,111,1,1,0
8,81.30343931428773,108,0,1,0
11,89.05233490972358,108,0,1,1
5,41.67358161853161,112,0,1,1
6,43.2615859240744,90,0,0,0
7,57.192498821893274,102,0,0,0
10,66.15225336378393,39,1,1,0
7,49.50865972465898,76,0,1,0
8,87.04405357734288,22,1,1,0
9,68.48133723036902,15,0,1,0
7,60.78894096481479,93,0,1,0
7,31.281809522629448,60,1,1,0
8,33.683683671449856,67,1,1,1
11,65.62018500563613,103,0,0,1
12,17.348087476903274,79,1,1,0
8,80.25274819288143,30,0,1,0
11,56.83692311255359,52,0,1,0
5,124.86185939189467,105,1,1,0
10,106.15832501232221,24,0,1,0
9,56.371018615049664,43,0,1,0
9,57.873259949373704,11,1,1,0
7,79.9116302800406,89,1,1,0
9,94.06345219836075,100,0,0,0
12,27.239418851279666,111,0,1,0
7,24.272490692906267,96,0,0,1
10,47.55930388891237,91,1,1,0
7,71.65475166347728,8,1,1,0
4,69.93747181015195,11,0,1,0
9,81.395429099677,68,0,1,0
4,36.006049432693835,53,0,0,0
7,13.677122740622465,115,1,0,1
15,77.1602839060429,53,1,0,0
10,43.43607454069531,27,1,0,0
5,19.630242712227243,55,1,1,0
7,62.901274919187635,98,0,1,0
3,75.86351376437355,68,0,1,0
3,57.55885735757445,97,0,0,1
8,50.843032276350215,109,0,0,1
9,56.81275535708187,97,0,1,0
8,52.588344751984344,76,0,0,0
4,33.03905776119666,102,1,1,0
6,45.70638646019137,105,1,1,0
7,70.42559810027629,108,0,1,1
7,66.43357082753,111,0,1,1
4,63.361196119336405,57,0,0,0
5,40.097030362932415,77,1,1,0
13,56.36993675728666,74,1,1,0
11,16.458699071142902,41,0,1,0
4,63.5695332777078,37,0,1,0
8,88.57715415627135,67,0,1,0
6,30.517357359157884,52,0,1,0
4,48.281446533644896,32,0,1,0
5,66.5821355742026,70,1,1,0
12,85.05685268854967,55,1,1,0
9,51.03550767399701,104,0,0,1
7,46.154993414682075,71,1,1,0
11,20.62153715167834,100,1,1,0
10,62.06876258616213,50,0,1,0
11,100.84152080287488,73,0,1,0
13,65.54716923929352,42,1,1,0
9,59.55442041632573,14,0,0,0
7,66.44164621533972,37,1,0,0
5,59.77815992102796,14,1,0,0
8,43.73971255479741,4,1,1,0
9,76.46559831355411,92,1,1,0
6,64.51523046223508,82,1,0,0
7,60.352265038673146,53,1,1,0
7,40.492679454435006,50,0,1,0
10,86.07015863869518,9,0,0,0
10,73.2940549066622,11,0,1,0
6,48.941583252653956,117,1,1,0
4,80.03649707363874,3,0,1,0
4,50.048583232295854,94,0,1,0
4,44.35993014977926,17,0,1,0
9,44.805937650394256,79,1,1,0
7,24.578628938238175,103,1,1,1
11,69.43084760836412,35,1,1,0
8,23.377102433233,24,0,1,0
12,35.431123374684745,86,1,0,0
10,18.488239818429335,75,1,1,0
4,58.27860614418214,97,0,1,0
3,56.99359079456256,35,0,1,0
5,53.46607573627272,100,0,0,1
10,39.14844610658847,66,1,1,0
5,36.5553249312672,8,0,1,0
4,69.28739727093148,60,0,1,0
10,48.98896136583025,52,1,0,0
6,66.3271664307229,17,0,1,0
10,42.29502627751555,42,0,1,0
11,63.62125485542165,34,1,1,0
5,86.06556074632127,62,0,1,0
8,71.72331600785567,118,1,0,1
6,51.751723635670395,97,0,0,1
9,65.14397940711855,104,1,1,0
11,55.18669650939574,77,1,0,0
13,60.157603693894565,3,0,1,0
4,53.48777895702993,92,0,1,1
8,56.71329588229218,40,1,1,0
5,64.2418670614835,44,1,1,0
11,40.132826008360986,49,1,0,0
8,39.68242346020043,78,1,1,1
3,32.229148923375774,27,0,1,1
10,27.994577909925802,41,0,1,0
12,35.65434615559042,79,1,1,0
7,63.189250136082585,75,0,1,0
8,42.14424969016232,115,0,1,0
2,70.27228928462192,68,0,0,0
6,60.694274975051236,97,0,1,0
2,20.629915731238924,105,0,1,1
11,73.09951168443379,0,1,0,0
11,76.2159729118342,38,0,0,0
8,40.122746503302935,95,0,1,0
14,68.40383085789983,89,1,0,0
13,42.87003525181602,16,1,1,0
2,61.95340753496671,111,0,1,1
12,34.710031860900685,90,0,1,0
7,24.137870949308464,87,1,0,1
9,52.34365620774063,34,1,1,0
6,57.52542107450328,45,1,1,0
8,52.04640612770792,41,1,1,0
9,36.31938883554881,117,1,0,0
7,52.00201875737726,38,0,1,0
8,65.38589505161468,89,1,1,0
6,59.10213939754926,48,0,1,0
7,63.65002061198427,61,1,0,0
10,46.59769599091534,37,1,0,0
9,83.43435829432319,22,0,1,0
9,36.47653326890439,21,0,1,0
2,69.75120594173437,3,0,0,0
6,83.63782185919924,48,0,1,0
9,69.61816185497791,58,1,0,0
4,55.9495154587034,72,0,0,1
13,49.43405906674042,67,1,1,0
8,80.72175302092512,70,0,1,0
11,31.540501494766538,86,1,1,1
6,40.597514792407125,1,1,1,0
8,52.04884469016557,48,1,1,0
7,84.75307515023997,87,0,1,0
11,67.59535272081791,103,1,1,0
8,40.639084829795095,118,0,1,1
11,53.793845892301924,94,0,1,0
2,47.713537118074115,110,0,1,1
5,45.8042201553293,30,0,0,0
5,79.57779117113559,110,1,1,0
6,32.56513741472989,39,0,0,0
12,92.17561711468747,47,1,1,0
5,76.56459380369246,50,1,1,0
7,81.81723341207396,42,0,0,0
7,50.741209759494836,97,1,1,1
13,57.001185618417814,54,0,1,0
9,31.33696370950576,87,0,1,0
8,49.50675185866394,48,0,1,0
8,69.87309695286302,89,1,1,0
4,85.92126123562792,79,1,1,0
10,37.85686366395097,56,0,1,0
13,52.68988126029468,110,0,1,0
6,56.974015595349556,76,1,1,0
9,32.084215956150295,14,0,1,0
9,71.826984835168,26,1,1,0
9,45.52019336514782,67,0,1,0
3,56.09219297645952,79,0,0,0
8,50.961012561762445,63,1,1,0
9,44.21322988560651,93,0,1,0
7,59.85910029038891,107,1,1,0
6,55.687808428639556,29,1,0,0
4,52.56284235442669,35,0,1,0
16,45.43076756639314,66,0,0,0
11,66.39049341565911,85,1,1,0
9,93.07234536984569,112,1,1,0
7,62.79774465678255,85,0,0,0
13,79.92236429822258,113,1,1,0
4,32.19556149693075,113,0,1,0
10,63.15522878587539,118,0,0,1
8,38.05263362057867,48,1,0,0
8,30.461501449361972,75,0,1,0
5,45.21257185081927,54,1,1,0
9,83.83798668827146,84,0,0,0
5,79.00031657339291,55,1,1,0
6,64.860094441088,67,0,0,0
8,29.345988802201383,94,0,1,0
5,56.074386972241264,43,1,1,0
13,66.03400017803472,30,0,0,0
11,63.51072459157196,57,0,1,0
9,23.124128330385084,86,0,1,0
6,42.19364303960256,117,0,1,1
9,58.71844471702567,52,1,1,0
9,70.7258181903438,83,0,1,0
3,16.077443578001073,78,0,0,1
7,56.75752049040283,22,0,1,0
8,62.86097539757905,27,0,1,0
8,76.99223977032426,15,0,0,0
7,73.85715168474873,36,0,1,0
6,71.6514263761761,20,0,1,0
5,44.001189865961315,78,1,1,0
10,21.839957257533847,16,1,0,0
5,52.13894485877198,113,0,1,0
8,80.0326365041712,36,0,1,0
8,87.86909055048864,76,0,1,0
8,74.2109820459557,18,0,1,0
6,68.58681645603468,29,0,1,0
8,67.5927929677193,44,0,1,0
7,48.87762506478439,17,0,1,0
10,57.3987941289276,77,0,0,0
7,93.38139051652662,61,0,1,0
8,41.14883988416247,35,0,1,0
9,92.29557581419704,99,0,1,1
8,53.55943691015883,83,0,1,0
6,86.50864218190156,51,0,1,0
9,31.863699810049233,18,0,1,0
7,71.71808402329299,108,0,1,1
8,45.26459728104756,43,0,0,0
11,31.69465616151625,6,0,1,0
7,64.37068084821891,43,0,1,0
9,80.18943577191938,116,0,1,1
8,43.10117122813007,67,0,1,0
6,30.019680790831977,33,1,1,0
6,58.163104713300896,65,0,1,1
14,58.25129342445638,68,0,1,0
12,70.96639255108997,54,1,0,0
5,78.99189142728977,9,0,1,0
12,58.81169637455012,95,0,1,0
8,97.11006629588526,41,1,1,0
7,64.48469489070584,40,1,1,0
4,53.07146987986201,76,0,1,0
5,27.76865281794344,102,0,0,1
5,54.746809593676645,68,0,1,1
4,53.272261091777274,9,0,0,0
7,79.2060959256294,9,0,0,0
9,69.24967248133709,101,0,1,0
7,36.41261756734765,90,0,1,0
6,63.44508772822075,59,1,1,0
7,73.43062343458107,50,1,1,1
4,90.56062718775665,20,0,0,0
9,77.75007934828119,7,1,1,0
10,75.21693308622956,64,0,0,0
11,61.201719892303274,91,1,1,0
11,67.76624010846899,112,0,0,0
8,84.99009801412318,102,0,0,0
10,33.34445205040701,77,0,1,0
9,53.01121345566088,84,0,1,0
8,44.548625024875186,29,0,1,0
3,67.58306237452248,84,1,0,0
5,84.60444351301575,48,1,0,0
7,48.06051426557852,8,0,0,0
7,12.193912650611239,16,0,1,0
8,51.7555850995106,68,0,1,0
5,78.26947464034814,57,1,0,0
7,70.75259805899759,56,1,1,0
7,68.56372495621153,61,1,0,0
7,54.4001339625104,94,1,1,0
7,34.41938527560427,51,0,1,0
10,70.30588643248934,60,0,1,0
7,43.3143637993075,39,0,1,0
9,103.68193466760913,37,1,1,0
7,71.41014416709032,42,0,1,0
5,48.38703394892098,62,0,1,1
8,47.772295052227435,18,1,1,0
12,58.14111586772823,99,0,1,0
4,55.209961559565,49,0,0,0
9,82.3366755105991,32,1,0,0
7,63.728323394880924,12,0,0,0
9,45.36736522182944,77,0,0,0
10,97.80881370311565,119,1,1,0
6,60.986166630404455,96,1,1,0
11,75.37679351937794,61,1,1,1
6,47.83546985110482,92,0,0,0
9,67.26231255489047,42,0,1,0
9,66.2221998228639,48,1,1,0
7,22.207014158076944,35,0,0,0
7,100.3055022092128,107,0,1,0
8,85.81288921845095,9,1,1,0
12,52.05609367708025,94,0,1,0
7,37.95460519088289,5,0,1,0
4,66.95123227607104,56,0,1,0
7,61.73395398828793,0,0,1,0
7,67.11337897126458,70,0,1,0
7,63.83154792388179,57,0,1,0
5,70.12481978611852,90,1,0,0
7,88.94611398783613,20,1,0,0
