Transaction_ID,Account_ID,Amount,Time,Is_Fraud,Transaction_Frequency,Average_Transaction_Amount,Transaction_Time_Deviation,Suspicious_Account_Label
T0,A82,1802.62,11,0,11,3879.7218181818184,1,1
T1,A15,151.34,16,0,11,5531.051818181818,4,1
T2,A4,5346.01,17,0,13,4375.786923076923,5,1
T3,A95,2750.37,3,0,12,5788.974166666667,9,1
T4,A36,9743.21,10,0,16,3547.711875,2,1
T5,A32,5538.06,7,0,20,4933.135499999999,5,1
T6,A29,6977.2,14,0,14,5571.065714285714,2,1
T7,A18,1907.295,3,0,23,4880.01,14,1
T8,A95,8685.93,8,0,12,5788.974166666667,4,1
T9,A14,4913.88,14,0,13,5203.632307692308,2,1
T10,A87,8728.47,7,0,9,4859.406666666667,5,0
T11,A95,5744.9,4,0,12,5788.974166666667,8,1
T12,A70,4699.28,3,0,13,4566.172307692307,9,1
T13,A12,4410.28,1,0,9,3851.8277777777776,11,1
T14,A76,2777.685,9,1,23,4435.786875,8,1
T15,A55,523.25,12,0,15,4489.224,0,1
T16,A5,9411.23,19,0,6,6171.066666666667,7,1
T17,A4,4782.51,13,0,13,4375.786923076923,1,1
T18,A12,8222.94,7,0,9,3851.8277777777776,5,0
T19,A28,4013.07,5,0,15,4897.166,7,1
T20,A30,750.08,10,0,10,5117.564,2,1
T21,A65,6298.16,18,0,10,6853.116,6,1
T22,A78,545.55,23,0,11,5513.804545454545,11,1
T23,A4,1500.48,10,0,13,4375.786923076923,2,1
T24,A72,5632.77,6,0,10,5840.468,6,1
T25,A26,4567.9800000000005,5,0,23,5584.485,12,1
T26,A92,9939.24,15,0,11,6073.983636363637,3,1
T27,A84,1193.33,16,1,11,4807.995454545454,4,1
T28,A90,7646.79,14,0,13,5612.052307692307,2,1
T29,A70,6067.11,15,0,13,4566.172307692307,3,1
T30,A54,7909.5,9,0,10,3609.3769999999995,3,0
T31,A29,2264.61,15,0,14,5571.065714285714,3,1
T32,A58,5230.5,0,0,7,4044.154285714286,12,1
T33,A76,6765.960000000001,2,0,23,4435.786875,15,1
T34,A36,4432.78,12,0,16,3547.711875,0,1
T35,A1,8603.06,16,0,10,6174.63,4,1
T36,A98,9900.41,14,0,10,6770.950999999999,2,1
T37,A21,3060.75,7,0,13,5466.449230769231,5,1
T38,A90,6214.06,6,0,13,5612.052307692307,6,1
T39,A55,6100.21,18,0,15,4489.224,6,1
T40,A44,11105.235,11,0,26,6873.118636363636,6,1
T41,A36,9476.43,1,0,16,3547.711875,11,1
T42,A20,2085.8,1,1,11,4443.7472727272725,11,1
T43,A28,2118.14,9,0,15,4897.166,3,1
T44,A98,6607.68,15,0,10,6770.950999999999,3,1
T45,A44,2368.5,19,0,26,6873.118636363636,12,1
T46,A14,1746.4,20,0,13,5203.632307692308,8,1
T47,A12,759.9,21,0,9,3851.8277777777776,9,1
T48,A49,36.73,15,0,13,3498.369230769231,3,1
T49,A13,4510.53,9,0,8,6105.9262499999995,3,1
T50,A46,5942.17,17,0,8,7117.0575,5,1
T51,A45,2919.68,0,0,8,4022.1175000000003,12,1
T52,A78,2322.45,3,0,11,5513.804545454545,9,1
T53,A34,7072.49,13,0,17,4573.92411764706,1,1
T54,A6,10549.275000000001,4,0,25,8278.3455,13,1
T55,A94,4545.77,8,0,10,4531.981000000001,4,0
T56,A59,6876.98,23,0,13,5202.203846153846,11,1
T57,A69,9239.87,11,0,14,5133.897142857143,1,1
T58,A16,7880.4,12,0,8,5821.07875,0,1
T59,A49,6254.33,11,0,13,3498.369230769231,1,1
T60,A11,6615.22,1,0,11,6381.582727272727,11,1
T61,A71,9337.35,12,0,14,6108.2,0,1
T62,A38,4257.14,1,0,7,5405.907142857143,11,1
T63,A81,5450.18,18,0,7,5086.76,6,1
T64,A80,6479.87,17,0,8,4313.12,5,0
T65,A47,9085.03,6,0,8,5937.14125,6,1
T66,A74,8268.05,11,0,7,5558.737142857142,1,1
T67,A25,723.38,17,0,13,5433.03923076923,5,1
T68,A91,1667.57,9,0,7,4514.434285714286,3,0
T69,A9,3083.04,2,0,14,4713.567857142857,10,1
T70,A6,11238.135,12,0,25,8278.3455,5,1
T71,A85,5696.38,16,0,13,5129.256153846154,4,1
T72,A30,2893.22,14,0,10,5117.564,2,1
T73,A99,1878.435,17,0,27,8718.80375,10,1
T74,A38,6889.89,8,0,7,5405.907142857143,4,1
T75,A11,7000.34,19,0,11,6381.582727272727,7,1
T76,A30,9427.34,21,0,10,5117.564,9,1
T77,A13,5009.72,19,0,8,6105.9262499999995,7,1
T78,A49,4943.01,3,0,13,3498.369230769231,9,1
T79,A36,813.61,4,0,16,3547.711875,8,1
T80,A59,408.21,3,0,13,5202.203846153846,9,1
T81,A82,4325.97,12,0,11,3879.7218181818184,0,1
T82,A47,3229.99,11,0,8,5937.14125,1,1
T83,A21,2511.18,10,0,13,5466.449230769231,2,1
T84,A48,922.36,17,0,8,5036.998750000001,5,1
T85,A46,9619.49,11,0,8,7117.0575,1,1
T86,A27,8361.23,4,0,7,6403.712857142857,8,1
T87,A86,5756.24,6,0,16,5208.98375,6,1
T88,A35,9508.35,19,0,11,5521.192727272727,7,1
T89,A90,9995.73,16,0,13,5612.052307692307,4,1
T90,A88,6726.09,12,0,9,4829.727777777778,0,0
T91,A83,2702.42,16,0,9,5427.044444444445,4,1
T92,A10,411.91,1,0,10,4844.211,11,1
T93,A78,7565.13,1,1,11,5513.804545454545,11,1
T94,A82,4710.3,1,0,11,3879.7218181818184,11,1
T95,A22,6518.58,4,0,7,6019.110000000001,8,1
T96,A69,9161.57,22,0,14,5133.897142857143,10,1
T97,A94,1823.08,10,0,10,4531.981000000001,2,0
T98,A32,5857.44,15,0,20,4933.135499999999,3,1
T99,A21,6351.5,16,0,13,5466.449230769231,4,1
T100,A60,4922.34,14,0,13,6159.910769230769,2,1
T101,A49,921.51,4,0,13,3498.369230769231,8,1
T102,A35,3486.13,19,0,11,5521.192727272727,7,1
T103,A82,3339.75,16,0,11,3879.7218181818184,4,1
T104,A89,6704.63,4,0,9,5387.504444444445,8,1
T105,A72,8578.75,10,0,10,5840.468,2,1
T106,A29,3304.74,19,0,14,5571.065714285714,7,1
T107,A88,6939.8,10,0,9,4829.727777777778,2,0
T108,A42,2889.3,5,0,8,6320.3575,7,1
T109,A99,14178.72,12,0,27,8718.80375,5,1
T110,A100,8137.52,19,0,8,4672.7612500000005,7,1
T111,A8,5505.47,23,0,10,4789.126,11,1
T112,A30,4553.71,9,0,10,5117.564,3,1
T113,A5,3152.03,18,0,6,6171.066666666667,6,1
T114,A41,3239.51,10,0,11,4032.712727272727,2,1
T115,A52,14553.224999999999,16,0,28,7058.672307692307,9,1
T116,A35,4047.71,16,0,11,5521.192727272727,4,1
T117,A9,5150.82,17,0,14,4713.567857142857,5,1
T118,A28,9881.31,15,0,15,4897.166,3,1
T119,A73,6580.03,22,0,10,6778.88,10,1
T120,A92,5430.51,18,0,11,6073.983636363637,6,1
T121,A41,4138.34,9,0,11,4032.712727272727,3,1
T122,A28,1883.95,15,0,15,4897.166,3,1
T123,A84,3624.18,0,0,11,4807.995454545454,12,1
T124,A64,7566.87,11,0,4,5833.415,1,1
T125,A51,6257.83,10,0,4,3772.8149999999996,2,0
T126,A83,7602.31,21,1,9,5427.044444444445,9,1
T127,A59,2043.55,3,0,13,5202.203846153846,9,1
T128,A19,5496.7,13,0,4,5539.5,1,1
T129,A34,9277.45,18,0,17,4573.92411764706,6,1
T130,A18,6580.17,9,0,23,4880.01,8,1
T131,A32,6985.52,23,0,20,4933.135499999999,11,1
T132,A96,1223.05,22,0,12,4297.670833333334,10,1
T133,A72,9731.74,20,0,10,5840.468,8,1
T134,A69,6092.63,0,0,14,5133.897142857143,12,1
T135,A34,2400.58,19,0,17,4573.92411764706,7,1
T136,A96,1592.2,15,0,12,4297.670833333334,3,1
T137,A75,5512.88,8,0,12,3326.8741666666665,4,1
T138,A55,5526.99,20,0,15,4489.224,8,1
T139,A75,941.16,18,0,12,3326.8741666666665,6,1
T140,A52,14883.974999999999,18,0,28,7058.672307692307,11,1
T141,A47,9130.17,7,0,8,5937.14125,5,1
T142,A29,4619.86,23,0,14,5571.065714285714,11,1
T143,A18,1775.2350000000001,1,0,23,4880.01,16,1
T144,A66,8323.11,18,0,7,4142.637142857143,6,0
T145,A64,4988.77,15,0,4,5833.415,3,1
T146,A12,7168.87,5,0,9,3851.8277777777776,7,1
T147,A97,5093.63,16,0,13,5373.866153846155,4,1
T148,A7,2741.51,20,0,8,5172.64375,8,1
T149,A15,8348.89,23,0,11,5531.051818181818,11,1
T150,A20,9802.64,19,0,11,4443.7472727272725,7,1
T151,A81,2444.87,12,1,7,5086.76,0,1
T152,A21,5517.14,4,0,13,5466.449230769231,8,1
T153,A88,3842.02,21,0,9,4829.727777777778,9,1
T154,A55,9219.46,7,0,15,4489.224,5,1
T155,A77,5087.33,1,0,10,5425.8589999999995,11,1
T156,A9,8794.47,18,0,14,4713.567857142857,6,1
T157,A50,12962.445,22,0,23,9743.004375,15,1
T158,A49,2769.71,3,0,13,3498.369230769231,9,1
T159,A77,7902.16,6,0,10,5425.8589999999995,6,1
T160,A60,4155.27,0,0,13,6159.910769230769,12,1
T161,A68,9343.14,14,0,8,6334.655,2,1
T162,A33,5082.3,10,0,6,3474.6633333333334,2,0
T163,A71,8207.29,13,0,14,6108.2,1,1
T164,A2,2835.56,4,0,7,5020.28,8,1
T165,A88,2992.57,13,0,9,4829.727777777778,1,0
T166,A93,5873.51,22,0,11,4353.373636363636,10,1
T167,A15,9989.03,6,0,11,5531.051818181818,6,1
T168,A88,4901.51,13,0,9,4829.727777777778,1,0
T169,A69,1494.47,16,0,14,5133.897142857143,4,1
T170,A97,5390.42,19,0,13,5373.866153846155,7,1
T171,A35,3457.79,15,0,11,5521.192727272727,3,1
T172,A99,8285.474999999999,23,0,27,8718.80375,16,1
T173,A83,5438.87,23,0,9,5427.044444444445,11,1
T174,A44,6838.335000000001,1,0,26,6873.118636363636,16,1
T175,A15,3224.56,22,0,11,5531.051818181818,10,1
T176,A38,1894.64,4,0,7,5405.907142857143,8,1
T177,A56,6978.01,16,0,12,6100.080833333333,4,1
T178,A21,5722.26,6,0,13,5466.449230769231,6,1
T179,A59,2343.29,17,0,13,5202.203846153846,5,1
T180,A1,7757.69,10,0,10,6174.63,2,1
T181,A93,446.04,21,0,11,4353.373636363636,9,1
T182,A93,7449.6,15,0,11,4353.373636363636,3,1
T183,A34,7055.23,16,1,17,4573.92411764706,4,1
T184,A65,8115.97,12,0,10,6853.116,0,1
T185,A98,3866.93,10,0,10,6770.950999999999,2,1
T186,A23,6640.25,5,1,7,3467.808571428571,7,1
T187,A65,8209.27,14,0,10,6853.116,2,1
T188,A14,9808.37,17,0,13,5203.632307692308,5,1
T189,A81,4958.33,10,0,7,5086.76,2,1
T190,A39,569.745,17,0,24,7987.513333333332,10,1
T191,A82,5027.89,11,0,11,3879.7218181818184,1,1
T192,A65,5905.9,21,0,10,6853.116,9,1
T193,A78,8698.31,23,0,11,5513.804545454545,11,1
T194,A26,13114.74,21,0,23,5584.485,14,1
T195,A20,4408.66,20,0,11,4443.7472727272725,8,1
T196,A48,5264.25,22,0,8,5036.998750000001,10,1
T197,A98,4574.71,8,0,10,6770.950999999999,4,1
T198,A21,7227.21,19,0,13,5466.449230769231,7,1
T199,A70,4105.69,15,0,13,4566.172307692307,3,1
T200,A100,6551.27,6,0,8,4672.7612500000005,6,0
T201,A68,1552.07,7,0,8,6334.655,5,1
T202,A1,4700.21,8,0,10,6174.63,4,1
T203,A77,9692.34,17,0,10,5425.8589999999995,5,1
T204,A42,3392.23,9,0,8,6320.3575,3,1
T205,A63,6930.12,7,0,13,4587.743846153846,5,1
T206,A3,6501.87,9,0,6,5731.3966666666665,3,1
T207,A15,8519.14,9,0,11,5531.051818181818,3,1
T208,A47,8524.89,22,0,8,5937.14125,10,1
T209,A40,8594.83,6,0,10,6721.728999999999,6,1
T210,A31,3806.29,22,0,13,5864.717692307692,10,1
T211,A8,3173.44,22,0,10,4789.126,10,1
T212,A31,7189.99,15,0,13,5864.717692307692,3,1
T213,A73,7596.42,10,0,10,6778.88,2,1
T214,A11,8725.11,15,0,11,6381.582727272727,3,1
T215,A11,368.63,11,0,11,6381.582727272727,1,1
T216,A94,693.52,17,0,10,4531.981000000001,5,0
T217,A63,6315.3,23,0,13,4587.743846153846,11,1
T218,A9,9210.08,8,0,14,4713.567857142857,4,1
T219,A98,9974.28,9,0,10,6770.950999999999,3,1
T220,A69,7470.2,3,1,14,5133.897142857143,9,1
T221,A99,6518.07,18,0,27,8718.80375,11,1
T222,A17,993.45,21,0,10,6542.4800000000005,9,1
T223,A17,6341.14,17,0,10,6542.4800000000005,5,1
T224,A85,8727.07,12,0,13,5129.256153846154,0,1
T225,A61,4442.35,12,0,11,4226.511818181818,0,1
T226,A71,6943.07,11,1,14,6108.2,1,1
T227,A22,9035.21,4,0,7,6019.110000000001,8,1
T228,A34,469.45,9,0,17,4573.92411764706,3,1
T229,A68,7963.47,1,0,8,6334.655,11,1
T230,A78,2940.74,9,0,11,5513.804545454545,3,1
T231,A55,3754.66,22,0,15,4489.224,10,1
T232,A28,1464.24,2,0,15,4897.166,10,1
T233,A70,5316.35,11,0,13,4566.172307692307,1,1
T234,A97,5663.62,14,0,13,5373.866153846155,2,1
T235,A94,7927.27,20,0,10,4531.981000000001,8,1
T236,A89,1708.14,8,0,9,5387.504444444445,4,1
T237,A26,1198.335,23,0,23,5584.485,16,1
T238,A92,8709.69,15,0,11,6073.983636363637,3,1
T239,A40,6200.91,6,0,10,6721.728999999999,6,1
T240,A52,3623.835,6,0,28,7058.672307692307,11,1
T241,A86,9129.16,17,0,16,5208.98375,5,1
T242,A84,1439.75,8,0,11,4807.995454545454,4,1
T243,A48,4616.89,17,0,8,5036.998750000001,5,1
T244,A57,3820.8450000000003,22,1,23,7540.610625,15,1
T245,A67,2560.71,8,0,7,5409.528571428571,4,1
T246,A58,103.88,4,1,7,4044.154285714286,8,1
T247,A16,8048.28,3,0,8,5821.07875,9,1
T248,A32,9013.08,19,0,20,4933.135499999999,7,1
T249,A29,6779.33,23,0,14,5571.065714285714,11,1
T250,A9,1588.18,18,0,14,4713.567857142857,6,1
T251,A44,6634.32,7,0,26,6873.118636363636,10,1
T252,A3,3462.2,7,0,6,5731.3966666666665,5,1
T253,A76,8819.76,1,0,23,4435.786875,16,1
T254,A71,6393.0,21,0,14,6108.2,9,1
T255,A30,4248.85,16,0,10,5117.564,4,1
T256,A76,3762.7200000000003,7,0,23,4435.786875,10,1
T257,A29,8454.59,20,0,14,5571.065714285714,8,1
T258,A1,2000.18,7,0,10,6174.63,5,1
T259,A10,3853.09,1,0,10,4844.211,11,1
T260,A91,4837.25,3,0,7,4514.434285714286,9,1
T261,A81,2379.68,13,0,7,5086.76,1,1
T262,A8,5723.51,10,0,10,4789.126,2,0
T263,A30,5752.37,22,0,10,5117.564,10,1
T264,A9,9926.99,15,0,14,4713.567857142857,3,1
T265,A5,2959.36,3,0,6,6171.066666666667,9,1
T266,A43,9779.67,21,0,10,4775.514,9,1
T267,A10,6585.72,4,0,10,4844.211,8,1
T268,A66,2752.06,0,0,7,4142.637142857143,12,1
T269,A31,5663.63,17,0,13,5864.717692307692,5,1
T270,A36,6861.14,5,0,16,3547.711875,7,1
T271,A86,7449.24,13,0,16,5208.98375,1,1
T272,A63,499.95,20,0,13,4587.743846153846,8,1
T273,A28,6068.0,15,0,15,4897.166,3,1
T274,A70,4972.31,15,0,13,4566.172307692307,3,1
T275,A17,9042.51,20,0,10,6542.4800000000005,8,1
T276,A93,2869.08,6,0,11,4353.373636363636,6,1
T277,A74,7990.61,9,0,7,5558.737142857142,3,1
T278,A74,6074.58,10,0,7,5558.737142857142,2,1
T279,A61,3529.69,9,0,11,4226.511818181818,3,1
T280,A32,6369.81,20,0,20,4933.135499999999,8,1
T281,A61,6212.7,1,0,11,4226.511818181818,11,1
T282,A53,6780.87,2,0,9,6192.9,10,1
T283,A25,7212.07,20,0,13,5433.03923076923,8,1
T284,A13,6595.22,18,0,8,6105.9262499999995,6,1
T285,A13,8384.99,7,0,8,6105.9262499999995,5,1
T286,A85,6286.2,17,0,13,5129.256153846154,5,1
T287,A56,9035.0,23,0,12,6100.080833333333,11,1
T288,A46,6466.94,23,0,8,7117.0575,11,1
T289,A55,3096.24,1,0,15,4489.224,11,1
T290,A53,4413.82,5,0,9,6192.9,7,1
T291,A60,5799.94,13,0,13,6159.910769230769,1,1
T292,A94,7326.27,5,0,10,4531.981000000001,7,1
T293,A7,910.43,1,0,8,5172.64375,11,1
T294,A87,2958.15,12,0,9,4859.406666666667,0,0
T295,A84,7477.33,15,0,11,4807.995454545454,3,1
T296,A83,1764.64,5,0,9,5427.044444444445,7,1
T297,A13,1330.28,23,0,8,6105.9262499999995,11,1
T298,A8,5398.68,9,0,10,4789.126,3,0
T299,A52,14572.77,1,0,28,7058.672307692307,16,1
T300,A94,5313.22,0,0,10,4531.981000000001,12,1
T301,A44,13703.595,9,0,26,6873.118636363636,8,1
T302,A14,8306.42,18,0,13,5203.632307692308,6,1
T303,A32,2577.13,19,0,20,4933.135499999999,7,1
T304,A25,8248.65,3,0,13,5433.03923076923,9,1
T305,A25,4823.66,10,0,13,5433.03923076923,2,1
T306,A69,8066.82,9,0,14,5133.897142857143,3,1
T307,A58,7468.13,14,0,7,4044.154285714286,2,0
T308,A18,5090.655,20,0,23,4880.01,13,1
T309,A55,1160.55,17,0,15,4489.224,5,1
T310,A24,9629.3,16,0,5,7121.564,4,1
T311,A36,1416.16,15,0,16,3547.711875,3,1
T312,A60,9665.34,4,0,13,6159.910769230769,8,1
T313,A32,8602.8,16,0,20,4933.135499999999,4,1
T314,A10,7244.92,14,0,10,4844.211,2,0
T315,A57,14699.43,8,0,23,7540.610625,9,1
T316,A71,9673.02,6,0,14,6108.2,6,1
T317,A13,8047.83,3,0,8,6105.9262499999995,9,1
T318,A7,3664.09,10,0,8,5172.64375,2,1
T319,A84,7908.91,5,0,11,4807.995454545454,7,1
T320,A70,149.05,23,0,13,4566.172307692307,11,1
T321,A2,5370.36,14,0,7,5020.28,2,1
T322,A12,4553.31,20,0,9,3851.8277777777776,8,1
T323,A97,6731.56,8,0,13,5373.866153846155,4,1
T324,A31,6726.68,22,0,13,5864.717692307692,10,1
T325,A22,5849.76,5,0,7,6019.110000000001,7,1
T326,A53,8225.95,0,0,9,6192.9,12,1
T327,A63,9403.52,23,0,13,4587.743846153846,11,1
T328,A62,1092.38,10,0,5,3838.1979999999994,2,0
T329,A28,2345.88,9,0,15,4897.166,3,1
T330,A52,390.0,18,0,28,7058.672307692307,11,1
T331,A8,8843.51,21,0,10,4789.126,9,1
T332,A22,5618.46,6,0,7,6019.110000000001,6,1
T333,A49,9153.41,5,0,13,3498.369230769231,7,1
T334,A1,2221.46,19,0,10,6174.63,7,1
T335,A50,962.31,20,0,23,9743.004375,13,1
T336,A34,8240.31,12,1,17,4573.92411764706,0,1
T337,A59,9094.78,13,0,13,5202.203846153846,1,1
T338,A37,3028.88,16,0,7,4505.89,4,0
T339,A55,4088.88,10,0,15,4489.224,2,1
T340,A90,1406.37,2,0,13,5612.052307692307,10,1
T341,A94,9463.15,12,0,10,4531.981000000001,0,0
T342,A72,3050.6,21,0,10,5840.468,9,1
T343,A85,4931.32,3,0,13,5129.256153846154,9,1
T344,A92,980.95,5,0,11,6073.983636363637,7,1
T345,A63,8873.72,4,0,13,4587.743846153846,8,1
T346,A20,1365.28,15,0,11,4443.7472727272725,3,1
T347,A25,4541.9,10,0,13,5433.03923076923,2,1
T348,A38,6708.16,7,0,7,5405.907142857143,5,1
T349,A28,7433.97,0,0,15,4897.166,12,1
T350,A8,9460.28,8,0,10,4789.126,4,0
T351,A75,4197.08,12,0,12,3326.8741666666665,0,1
T352,A95,7425.27,7,0,12,5788.974166666667,5,1
T353,A70,1553.68,14,0,13,4566.172307692307,2,1
T354,A8,4154.7,8,0,10,4789.126,4,0
T355,A96,999.23,10,1,12,4297.670833333334,2,1
T356,A41,4898.58,9,0,11,4032.712727272727,3,1
T357,A8,4087.08,18,0,10,4789.126,6,0
T358,A7,9515.7,23,0,8,5172.64375,11,1
T359,A75,336.84,18,0,12,3326.8741666666665,6,1
T360,A62,3711.59,0,0,5,3838.1979999999994,12,1
T361,A65,4439.4,8,0,10,6853.116,4,1
T362,A68,9506.05,20,0,8,6334.655,8,1
T363,A21,8555.95,11,0,13,5466.449230769231,1,1
T364,A8,1002.55,22,1,10,4789.126,10,1
T365,A66,6859.95,7,0,7,4142.637142857143,5,0
T366,A11,5449.21,1,0,11,6381.582727272727,11,1
T367,A24,9778.65,21,0,5,7121.564,9,1
T368,A9,3593.15,3,0,14,4713.567857142857,9,1
T369,A77,3987.42,14,0,10,5425.8589999999995,2,1
T370,A9,1906.19,9,0,14,4713.567857142857,3,1
T371,A87,1230.38,5,0,9,4859.406666666667,7,1
T372,A31,8481.85,12,0,13,5864.717692307692,0,1
T373,A52,6828.945,21,0,28,7058.672307692307,14,1
T374,A16,6631.06,16,0,8,5821.07875,4,1
T375,A73,6420.63,22,0,10,6778.88,10,1
T376,A32,5975.49,9,0,20,4933.135499999999,3,1
T377,A75,223.36,22,0,12,3326.8741666666665,10,1
T378,A77,7870.08,3,0,10,5425.8589999999995,9,1
T379,A6,3664.875,20,0,25,8278.3455,13,1
T380,A80,1267.98,9,0,8,4313.12,3,0
T381,A11,5650.13,11,0,11,6381.582727272727,1,1
T382,A54,695.42,19,0,10,3609.3769999999995,7,1
T383,A85,7653.92,7,0,13,5129.256153846154,5,1
T384,A75,2079.5,7,0,12,3326.8741666666665,5,1
T385,A73,2167.35,4,0,10,6778.88,8,1
T386,A67,8698.26,15,0,7,5409.528571428571,3,1
T387,A41,3292.31,4,0,11,4032.712727272727,8,1
T388,A34,1484.07,14,0,17,4573.92411764706,2,1
T389,A27,9006.31,23,0,7,6403.712857142857,11,1
T390,A86,38.33,19,0,16,5208.98375,7,1
T391,A92,8585.48,11,0,11,6073.983636363637,1,1
T392,A41,1455.43,13,1,11,4032.712727272727,1,1
T393,A31,1308.62,22,0,13,5864.717692307692,10,1
T394,A34,2514.04,17,0,17,4573.92411764706,5,1
T395,A51,1753.23,15,0,4,3772.8149999999996,3,0
T396,A17,6613.97,17,0,10,6542.4800000000005,5,1
T397,A86,267.54,21,0,16,5208.98375,9,1
T398,A83,158.45,6,0,9,5427.044444444445,6,1
T399,A39,11852.925,7,0,24,7987.513333333332,10,1
T400,A59,2386.94,21,0,13,5202.203846153846,9,1
T401,A41,3244.48,19,0,11,4032.712727272727,7,1
T402,A97,1750.72,2,0,13,5373.866153846155,10,1
T403,A10,533.47,16,0,10,4844.211,4,0
T404,A2,7419.76,14,0,7,5020.28,2,1
T405,A59,5265.59,16,0,13,5202.203846153846,4,1
T406,A80,7459.2,22,0,8,4313.12,10,1
T407,A73,4767.7,11,0,10,6778.88,1,1
T408,A13,7782.39,2,0,8,6105.9262499999995,10,1
T409,A10,5137.25,18,0,10,4844.211,6,0
T410,A69,1099.45,3,0,14,5133.897142857143,9,1
T411,A28,5043.35,1,0,15,4897.166,11,1
T412,A65,9454.7,17,1,10,6853.116,5,1
T413,A34,443.22,16,0,17,4573.92411764706,4,1
T414,A17,7834.44,6,0,10,6542.4800000000005,6,1
T415,A45,8671.14,18,0,8,4022.1175000000003,6,0
T416,A9,5219.3,17,0,14,4713.567857142857,5,1
T417,A32,4585.84,4,0,20,4933.135499999999,8,1
T418,A48,9640.62,5,0,8,5036.998750000001,7,1
T419,A37,617.65,10,0,7,4505.89,2,0
T420,A21,4795.03,16,0,13,5466.449230769231,4,1
T421,A57,6033.24,14,0,23,7540.610625,7,1
T422,A70,6864.11,3,0,13,4566.172307692307,9,1
T423,A91,4907.79,21,0,7,4514.434285714286,9,1
T424,A39,13646.865,6,0,24,7987.513333333332,11,1
T425,A79,744.17,22,0,6,4600.218333333333,10,1
T426,A84,817.1,18,0,11,4807.995454545454,6,1
T427,A68,6086.89,15,0,8,6334.655,3,1
T428,A2,666.17,2,0,7,5020.28,10,1
T429,A86,2757.41,16,0,16,5208.98375,4,1
T430,A71,6334.44,14,0,14,6108.2,2,1
T431,A39,8232.119999999999,1,0,24,7987.513333333332,16,1
T432,A85,3258.6,14,0,13,5129.256153846154,2,1
T433,A14,9946.33,4,0,13,5203.632307692308,8,1
T434,A18,7965.39,16,0,23,4880.01,9,1
T435,A34,4542.62,13,0,17,4573.92411764706,1,1
T436,A15,6058.21,14,0,11,5531.051818181818,2,1
T437,A14,1000.79,18,0,13,5203.632307692308,6,1
T438,A96,7020.78,1,0,12,4297.670833333334,11,1
T439,A71,8529.4,17,0,14,6108.2,5,1
T440,A20,6512.66,14,0,11,4443.7472727272725,2,1
T441,A35,7691.94,21,0,11,5521.192727272727,9,1
T442,A37,7211.19,9,1,7,4505.89,3,0
T443,A78,2158.08,23,1,11,5513.804545454545,11,1
T444,A27,4521.03,0,0,7,6403.712857142857,12,1
T445,A92,2292.65,12,0,11,6073.983636363637,0,1
T446,A44,5093.8949999999995,8,0,26,6873.118636363636,9,1
T447,A27,4540.45,0,0,7,6403.712857142857,12,1
T448,A88,4165.74,23,0,9,4829.727777777778,11,1
T449,A82,959.91,6,0,11,3879.7218181818184,6,1
T450,A34,4273.37,18,0,17,4573.92411764706,6,1
T451,A65,6654.43,2,0,10,6853.116,10,1
T452,A63,3749.27,1,0,13,4587.743846153846,11,1
T453,A33,1534.86,13,0,6,3474.6633333333334,1,0
T454,A7,9230.62,11,0,8,5172.64375,1,1
T455,A12,680.66,22,0,9,3851.8277777777776,10,1
T456,A82,8319.4,2,0,11,3879.7218181818184,10,1
T457,A55,941.37,17,0,15,4489.224,5,1
T458,A36,974.68,1,0,16,3547.711875,11,1
T459,A6,11085.855,2,0,25,8278.3455,15,1
T460,A1,8119.58,15,0,10,6174.63,3,1
T461,A43,5568.14,1,1,10,4775.514,11,1
T462,A99,8803.185,9,0,27,8718.80375,8,1
T463,A17,5620.25,13,1,10,6542.4800000000005,1,1
T464,A82,3303.16,5,1,11,3879.7218181818184,7,1
T465,A34,1231.09,4,0,17,4573.92411764706,8,1
T466,A21,3542.44,20,0,13,5466.449230769231,8,1
T467,A95,6656.75,23,0,12,5788.974166666667,11,1
T468,A57,11258.01,20,0,23,7540.610625,13,1
T469,A71,8682.24,13,0,14,6108.2,1,1
T470,A91,7213.4,11,0,7,4514.434285714286,1,0
T471,A55,9684.3,12,0,15,4489.224,0,1
T472,A72,6008.1,14,0,10,5840.468,2,1
T473,A2,3522.95,12,0,7,5020.28,0,1
T474,A15,5783.41,12,0,11,5531.051818181818,0,1
T475,A10,2135.26,2,0,10,4844.211,10,1
T476,A89,6570.8,21,0,9,5387.504444444445,9,1
T477,A20,2250.21,21,0,11,4443.7472727272725,9,1
T478,A70,1091.1,17,0,13,4566.172307692307,5,1
T479,A5,8455.28,4,0,6,6171.066666666667,8,1
T480,A48,3681.93,20,0,8,5036.998750000001,8,1
T481,A75,7628.43,11,0,12,3326.8741666666665,1,1
T482,A71,5745.26,3,0,14,6108.2,9,1
T483,A19,8074.14,5,0,4,5539.5,7,1
T484,A56,8453.1,17,0,12,6100.080833333333,5,1
T485,A17,9745.72,12,0,10,6542.4800000000005,0,1
T486,A6,12279.119999999999,16,0,25,8278.3455,9,1
T487,A40,6139.6,4,0,10,6721.728999999999,8,1
T488,A47,6430.56,23,0,8,5937.14125,11,1
T489,A6,408.41999999999996,7,0,25,8278.3455,10,1
T490,A46,9291.55,0,0,8,7117.0575,12,1
T491,A27,8296.31,0,0,7,6403.712857142857,12,1
T492,A88,2681.8,9,0,9,4829.727777777778,3,0
T493,A32,1812.36,14,0,20,4933.135499999999,2,1
T494,A86,7029.96,21,0,16,5208.98375,9,1
T495,A14,3096.76,23,0,13,5203.632307692308,11,1
T496,A46,3404.85,17,0,8,7117.0575,5,1
T497,A100,71.0,13,0,8,4672.7612500000005,1,0
T498,A72,8699.93,17,0,10,5840.468,5,1
T499,A53,5667.55,12,0,9,6192.9,0,1
T500,A80,4013.84,7,0,8,4313.12,5,0
T501,A96,1427.33,7,0,12,4297.670833333334,5,1
T502,A20,6335.39,14,0,11,4443.7472727272725,2,1
T503,A31,316.26,11,0,13,5864.717692307692,1,1
T504,A21,7463.66,4,0,13,5466.449230769231,8,1
T505,A23,2159.18,8,0,7,3467.808571428571,4,0
T506,A53,4204.13,6,0,9,6192.9,6,1
T507,A4,3415.55,23,0,13,4375.786923076923,11,1
T508,A23,3706.83,3,0,7,3467.808571428571,9,1
T509,A95,7218.74,1,0,12,5788.974166666667,11,1
T510,A43,7770.59,21,0,10,4775.514,9,1
T511,A53,5680.26,13,0,9,6192.9,1,1
T512,A86,858.72,19,1,16,5208.98375,7,1
T513,A95,535.56,0,0,12,5788.974166666667,12,1
T514,A32,1582.52,7,0,20,4933.135499999999,5,1
T515,A35,6182.2,6,0,11,5521.192727272727,6,1
T516,A21,6742.95,2,0,13,5466.449230769231,10,1
T517,A90,2728.31,3,0,13,5612.052307692307,9,1
T518,A14,6622.77,19,1,13,5203.632307692308,7,1
T519,A49,4861.76,1,0,13,3498.369230769231,11,1
T520,A5,4426.02,14,0,6,6171.066666666667,2,1
T521,A61,2738.94,19,0,11,4226.511818181818,7,1
T522,A29,7551.88,21,0,14,5571.065714285714,9,1
T523,A26,1720.56,22,0,23,5584.485,15,1
T524,A59,4304.84,1,0,13,5202.203846153846,11,1
T525,A45,2839.63,7,0,8,4022.1175000000003,5,0
T526,A40,6788.08,23,0,10,6721.728999999999,11,1
T527,A30,4871.46,1,0,10,5117.564,11,1
T528,A29,6674.65,12,0,14,5571.065714285714,0,1
T529,A4,463.72,14,0,13,4375.786923076923,2,1
T530,A85,3958.68,7,0,13,5129.256153846154,5,1
T531,A25,5997.26,17,0,13,5433.03923076923,5,1
T532,A52,130.185,6,0,28,7058.672307692307,11,1
T533,A43,3021.18,1,0,10,4775.514,11,1
T534,A36,2120.23,4,0,16,3547.711875,8,1
T535,A9,1380.98,16,0,14,4713.567857142857,4,1
T536,A99,3843.96,9,0,27,8718.80375,8,1
T537,A36,3287.94,7,1,16,3547.711875,5,1
T538,A45,87.22,23,0,8,4022.1175000000003,11,1
T539,A83,7472.67,18,0,9,5427.044444444445,6,1
T540,A66,1765.19,10,0,7,4142.637142857143,2,0
T541,A52,5712.405,18,0,28,7058.672307692307,11,1
T542,A87,7039.68,19,0,9,4859.406666666667,7,1
T543,A69,5007.62,21,0,14,5133.897142857143,9,1
T544,A43,8335.21,10,0,10,4775.514,2,0
T545,A4,8063.94,7,0,13,4375.786923076923,5,1
T546,A15,730.03,9,0,11,5531.051818181818,3,1
T547,A34,8619.03,4,0,17,4573.92411764706,8,1
T548,A23,432.6,21,0,7,3467.808571428571,9,1
T549,A75,197.23,16,0,12,3326.8741666666665,4,1
T550,A34,9212.41,7,0,17,4573.92411764706,5,1
T551,A5,8622.48,13,0,6,6171.066666666667,1,1
T552,A14,5761.83,9,0,13,5203.632307692308,3,1
T553,A77,5738.26,8,0,10,5425.8589999999995,4,1
T554,A56,7097.89,1,0,12,6100.080833333333,11,1
T555,A45,4182.76,17,0,8,4022.1175000000003,5,0
T556,A94,1160.58,18,0,10,4531.981000000001,6,0
T557,A41,218.36,23,0,11,4032.712727272727,11,1
T558,A56,3254.43,5,0,12,6100.080833333333,7,1
T559,A78,8015.21,20,0,11,5513.804545454545,8,1
T560,A66,6185.07,21,0,7,4142.637142857143,9,1
T561,A15,8321.94,13,0,11,5531.051818181818,1,1
T562,A50,13797.75,17,0,23,9743.004375,10,1
T563,A74,890.42,15,0,7,5558.737142857142,3,1
T564,A25,8446.4,1,0,13,5433.03923076923,11,1
T565,A33,2440.73,11,0,6,3474.6633333333334,1,0
T566,A6,8839.23,20,0,25,8278.3455,13,1
T567,A91,5244.39,21,0,7,4514.434285714286,9,1
T568,A56,3963.71,12,0,12,6100.080833333333,0,1
T569,A1,3109.64,16,0,10,6174.63,4,1
T570,A67,3401.74,10,1,7,5409.528571428571,2,1
T571,A69,3337.36,22,0,14,5133.897142857143,10,1
T572,A88,1689.65,13,0,9,4829.727777777778,1,0
T573,A93,5109.73,13,0,11,4353.373636363636,1,1
T574,A95,1149.13,4,0,12,5788.974166666667,8,1
T575,A95,5104.42,9,0,12,5788.974166666667,3,1
T576,A86,9060.17,12,0,16,5208.98375,0,1
T577,A26,5250.39,5,0,23,5584.485,12,1
T578,A47,7276.52,17,0,8,5937.14125,5,1
T579,A56,8191.3,15,0,12,6100.080833333333,3,1
T580,A9,8152.22,7,0,14,4713.567857142857,5,1
T581,A86,2370.33,7,0,16,5208.98375,5,1
T582,A43,1472.98,9,0,10,4775.514,3,0
T583,A80,1980.75,22,0,8,4313.12,10,1
T584,A41,6027.97,4,0,11,4032.712727272727,8,1
T585,A85,7604.55,14,0,13,5129.256153846154,2,1
T586,A16,6558.54,1,0,8,5821.07875,11,1
T587,A93,1779.69,17,0,11,4353.373636363636,5,1
T588,A39,11596.125,13,0,24,7987.513333333332,6,1
T589,A65,4946.23,13,0,10,6853.116,1,1
T590,A40,7546.91,17,0,10,6721.728999999999,5,1
T591,A86,7601.17,16,0,16,5208.98375,4,1
T592,A53,4494.56,4,0,9,6192.9,8,1
T593,A42,9242.3,12,0,8,6320.3575,0,1
T594,A52,8473.905,7,0,28,7058.672307692307,10,1
T595,A90,6356.63,8,0,13,5612.052307692307,4,1
T596,A38,6248.97,6,0,7,5405.907142857143,6,1
T597,A71,8643.83,10,0,14,6108.2,2,1
T598,A17,6275.9,20,0,10,6542.4800000000005,8,1
T599,A25,1518.06,2,0,13,5433.03923076923,10,1
T600,A54,692.18,14,1,10,3609.3769999999995,2,0
T601,A86,4427.66,11,0,16,5208.98375,1,1
T602,A49,3035.18,2,0,13,3498.369230769231,10,1
T603,A87,2753.99,17,1,9,4859.406666666667,5,0
T604,A96,571.16,23,0,12,4297.670833333334,11,1
T605,A23,5078.3,6,0,7,3467.808571428571,6,0
T606,A79,3110.97,1,0,6,4600.218333333333,11,1
T607,A73,4524.62,8,0,10,6778.88,4,1
T608,A39,867.4950000000001,12,0,24,7987.513333333332,5,1
T609,A52,12477.974999999999,21,0,28,7058.672307692307,14,1
T610,A71,776.54,19,0,14,6108.2,7,1
T611,A1,8643.86,19,0,10,6174.63,7,1
T612,A39,12831.57,1,0,24,7987.513333333332,16,1
T613,A37,6153.93,2,0,7,4505.89,10,1
T614,A27,5075.61,6,0,7,6403.712857142857,6,1
T615,A56,4632.49,18,0,12,6100.080833333333,6,1
T616,A75,5547.62,23,0,12,3326.8741666666665,11,1
T617,A78,7920.26,21,1,11,5513.804545454545,9,1
T618,A84,8959.81,17,0,11,4807.995454545454,5,1
T619,A42,4502.84,6,0,8,6320.3575,6,1
T620,A60,8100.06,15,0,13,6159.910769230769,3,1
T621,A57,9782.789999999999,6,0,23,7540.610625,11,1
T622,A57,4833.075000000001,10,0,23,7540.610625,7,1
T623,A87,4761.53,9,0,9,4859.406666666667,3,0
T624,A28,1517.1,0,0,15,4897.166,12,1
T625,A66,628.12,6,0,7,4142.637142857143,6,0
T626,A61,1043.98,6,0,11,4226.511818181818,6,1
T627,A95,8992.28,23,0,12,5788.974166666667,11,1
T628,A22,3440.94,3,0,7,6019.110000000001,9,1
T629,A85,7146.01,23,0,13,5129.256153846154,11,1
T630,A11,5050.44,15,0,11,6381.582727272727,3,1
T631,A37,1733.86,7,0,7,4505.89,5,0
T632,A66,2484.96,22,0,7,4142.637142857143,10,1
T633,A85,4383.21,19,0,13,5129.256153846154,7,1
T634,A82,4399.82,22,0,11,3879.7218181818184,10,1
T635,A80,5232.25,6,0,8,4313.12,6,0
T636,A43,1595.87,12,0,10,4775.514,0,0
T637,A12,3734.79,7,0,9,3851.8277777777776,5,0
T638,A97,2836.11,17,0,13,5373.866153846155,5,1
T639,A31,4093.61,10,0,13,5864.717692307692,2,1
T640,A87,3390.29,9,0,9,4859.406666666667,3,0
T641,A40,5982.88,12,0,10,6721.728999999999,0,1
T642,A29,7894.38,14,0,14,5571.065714285714,2,1
T643,A26,9714.869999999999,17,0,23,5584.485,10,1
T644,A19,668.46,20,0,4,5539.5,8,1
T645,A4,954.11,11,1,13,4375.786923076923,1,1
T646,A6,10180.515,9,0,25,8278.3455,8,1
T647,A32,2848.63,8,0,20,4933.135499999999,4,1
T648,A61,7240.1,11,0,11,4226.511818181818,1,1
T649,A79,6569.08,16,0,6,4600.218333333333,4,0
T650,A99,13596.54,15,0,27,8718.80375,8,1
T651,A10,8734.06,14,0,10,4844.211,2,0
T652,A59,3340.29,3,0,13,5202.203846153846,9,1
T653,A54,5831.57,23,0,10,3609.3769999999995,11,1
T654,A81,1422.87,15,0,7,5086.76,3,1
T655,A74,3504.71,10,0,7,5558.737142857142,2,1
T656,A25,9677.29,6,0,13,5433.03923076923,6,1
T657,A92,6987.81,11,0,11,6073.983636363637,1,1
T658,A90,3925.66,10,0,13,5612.052307692307,2,1
T659,A50,8931.69,13,0,23,9743.004375,6,1
T660,A64,9380.64,1,0,4,5833.415,11,1
T661,A52,4654.08,18,0,28,7058.672307692307,11,1
T662,A32,3773.03,7,0,20,4933.135499999999,5,1
T663,A19,7918.7,23,0,4,5539.5,11,1
T664,A84,8133.72,4,0,11,4807.995454545454,8,1
T665,A89,6704.46,0,0,9,5387.504444444445,12,1
T666,A1,8291.3,8,0,10,6174.63,4,1
T667,A97,7390.36,17,0,13,5373.866153846155,5,1
T668,A99,10285.935,18,0,27,8718.80375,11,1
T669,A14,5268.67,18,0,13,5203.632307692308,6,1
T670,A100,6463.79,23,0,8,4672.7612500000005,11,1
T671,A55,4239.83,13,0,15,4489.224,1,1
T672,A29,3624.66,9,0,14,5571.065714285714,3,1
T673,A23,3632.35,4,0,7,3467.808571428571,8,1
T674,A90,1810.83,6,0,13,5612.052307692307,6,1
T675,A67,2149.78,10,0,7,5409.528571428571,2,1
T676,A60,9477.21,7,0,13,6159.910769230769,5,1
T677,A7,4867.85,12,0,8,5172.64375,0,1
T678,A72,2273.17,18,0,10,5840.468,6,1
T679,A32,1384.28,7,0,20,4933.135499999999,5,1
T680,A16,780.88,15,1,8,5821.07875,3,1
T681,A59,8445.84,17,0,13,5202.203846153846,5,1
T682,A18,1530.6,20,0,23,4880.01,13,1
T683,A60,7711.04,21,0,13,6159.910769230769,9,1
T684,A86,8352.85,10,0,16,5208.98375,2,1
T685,A68,8837.98,8,0,8,6334.655,4,1
T686,A72,387.1,15,0,10,5840.468,3,1
T687,A77,3374.28,23,0,10,5425.8589999999995,11,1
T688,A41,7665.41,20,0,11,4032.712727272727,8,1
T689,A97,1319.18,23,0,13,5373.866153846155,11,1
T690,A57,5660.1449999999995,15,0,23,7540.610625,8,1
T691,A79,1630.85,14,0,6,4600.218333333333,2,0
T692,A93,8315.14,5,0,11,4353.373636363636,7,1
T693,A65,7713.27,23,0,10,6853.116,11,1
T694,A55,8092.35,11,0,15,4489.224,1,1
T695,A71,1663.74,5,0,14,6108.2,7,1
T696,A58,4382.36,4,0,7,4044.154285714286,8,1
T697,A21,4114.48,23,0,13,5466.449230769231,11,1
T698,A96,6766.87,17,0,12,4297.670833333334,5,1
T699,A61,2382.93,15,0,11,4226.511818181818,3,1
T700,A58,4447.55,5,0,7,4044.154285714286,7,1
T701,A34,2856.43,17,0,17,4573.92411764706,5,1
T702,A97,7487.88,20,0,13,5373.866153846155,8,1
T703,A32,4494.79,1,0,20,4933.135499999999,11,1
T704,A82,5344.77,16,0,11,3879.7218181818184,4,1
T705,A36,3101.58,1,0,16,3547.711875,11,1
T706,A99,12132.224999999999,2,0,27,8718.80375,15,1
T707,A100,4695.47,21,0,8,4672.7612500000005,9,1
T708,A67,8352.78,1,0,7,5409.528571428571,11,1
T709,A63,3684.73,0,0,13,4587.743846153846,12,1
T710,A81,9471.83,13,0,7,5086.76,1,1
T711,A31,9844.55,4,0,13,5864.717692307692,8,1
T712,A36,4622.18,20,0,16,3547.711875,8,1
T713,A57,4237.35,7,0,23,7540.610625,10,1
T714,A10,3824.91,2,0,10,4844.211,10,1
T715,A92,5279.32,22,1,11,6073.983636363637,10,1
T716,A37,9663.02,4,0,7,4505.89,8,1
T717,A31,8170.74,0,1,13,5864.717692307692,12,1
T718,A35,8014.58,6,0,11,5521.192727272727,6,1
T719,A43,1392.6,16,0,10,4775.514,4,0
T720,A41,2507.53,14,0,11,4032.712727272727,2,1
T721,A70,6415.38,11,0,13,4566.172307692307,1,1
T722,A11,8742.43,1,0,11,6381.582727272727,11,1
T723,A18,8324.789999999999,19,0,23,4880.01,12,1
T724,A20,1034.87,20,0,11,4443.7472727272725,8,1
T725,A30,8460.46,21,0,10,5117.564,9,1
T726,A50,12769.724999999999,19,1,23,9743.004375,12,1
T727,A89,2857.78,15,0,9,5387.504444444445,3,1
T728,A20,7633.54,21,0,11,4443.7472727272725,9,1
T729,A91,2735.19,15,0,7,4514.434285714286,3,0
T730,A28,9054.01,0,0,15,4897.166,12,1
T731,A9,1482.01,0,0,14,4713.567857142857,12,1
T732,A54,4380.35,17,0,10,3609.3769999999995,5,0
T733,A53,9464.67,17,0,9,6192.9,5,1
T734,A43,2228.16,13,0,10,4775.514,1,0
T735,A70,4516.77,0,0,13,4566.172307692307,12,1
T736,A60,3502.35,0,0,13,6159.910769230769,12,1
T737,A54,276.44,16,0,10,3609.3769999999995,4,0
T738,A8,542.04,23,0,10,4789.126,11,1
T739,A27,5025.05,8,0,7,6403.712857142857,4,1
T740,A54,2365.42,17,0,10,3609.3769999999995,5,0
T741,A50,14917.965,9,0,23,9743.004375,8,1
T742,A99,5633.07,0,0,27,8718.80375,17,1
T743,A75,291.59,16,0,12,3326.8741666666665,4,1
T744,A90,9308.95,22,0,13,5612.052307692307,10,1
T745,A3,8393.37,21,0,6,5731.3966666666665,9,1
T746,A98,6503.11,13,1,10,6770.950999999999,1,1
T747,A74,7915.89,5,0,7,5558.737142857142,7,1
T748,A49,1384.62,3,0,13,3498.369230769231,9,1
T749,A62,2875.93,3,0,5,3838.1979999999994,9,1
T750,A1,8299.32,16,0,10,6174.63,4,1
T751,A46,6963.76,4,0,8,7117.0575,8,1
T752,A39,2094.81,7,0,24,7987.513333333332,10,1
T753,A97,7058.31,6,0,13,5373.866153846155,6,1
T754,A50,6737.295,19,0,23,9743.004375,12,1
T755,A54,62.46,16,0,10,3609.3769999999995,4,0
T756,A69,801.47,8,0,14,5133.897142857143,4,1
T757,A96,2566.68,11,0,12,4297.670833333334,1,1
T758,A95,8351.28,8,0,12,5788.974166666667,4,1
T759,A70,5492.55,12,0,13,4566.172307692307,0,1
T760,A78,7275.08,2,0,11,5513.804545454545,10,1
T761,A29,5282.44,11,0,14,5571.065714285714,1,1
T762,A63,1120.76,12,0,13,4587.743846153846,0,1
T763,A29,2888.13,14,0,14,5571.065714285714,2,1
T764,A35,3018.5,18,0,11,5521.192727272727,6,1
T765,A56,487.02,7,0,12,6100.080833333333,5,1
T766,A63,4204.06,22,0,13,4587.743846153846,10,1
T767,A4,7941.05,7,0,13,4375.786923076923,5,1
T768,A50,6864.855,9,0,23,9743.004375,8,1
T769,A44,1676.205,21,0,26,6873.118636363636,14,1
T770,A86,9052.42,2,0,16,5208.98375,10,1
T771,A87,5971.42,20,0,9,4859.406666666667,8,1
T772,A52,261.28499999999997,20,0,28,7058.672307692307,13,1
T773,A93,5158.6,1,0,11,4353.373636363636,11,1
T774,A22,2426.96,2,1,7,6019.110000000001,10,1
T775,A60,1444.33,12,0,13,6159.910769230769,0,1
T776,A17,4298.1,12,0,10,6542.4800000000005,0,1
T777,A80,6151.95,12,0,8,4313.12,0,0
T778,A69,2413.24,17,0,14,5133.897142857143,5,1
T779,A4,4171.51,15,0,13,4375.786923076923,3,1
T780,A51,6647.07,1,0,4,3772.8149999999996,11,1
T781,A76,1297.92,20,0,23,4435.786875,13,1
T782,A73,9746.8,0,0,10,6778.88,12,1
T783,A85,686.12,22,0,13,5129.256153846154,10,1
T784,A4,5265.33,5,0,13,4375.786923076923,7,1
T785,A11,5078.2,2,0,11,6381.582727272727,10,1
T786,A83,9883.43,15,1,9,5427.044444444445,3,1
T787,A55,5545.98,13,0,15,4489.224,1,1
T788,A18,5865.945,20,0,23,4880.01,13,1
T789,A60,4706.65,10,0,13,6159.910769230769,2,1
T790,A24,6360.35,18,0,5,7121.564,6,1
T791,A7,9810.58,3,0,8,5172.64375,9,1
T792,A34,2543.97,16,0,17,4573.92411764706,4,1
T793,A49,172.26,1,0,13,3498.369230769231,11,1
T794,A42,7887.31,7,0,8,6320.3575,5,1
T795,A28,3454.58,6,0,15,4897.166,6,1
T796,A59,7332.08,22,0,13,5202.203846153846,10,1
T797,A42,6286.29,18,0,8,6320.3575,6,1
T798,A44,11575.95,15,0,26,6873.118636363636,8,1
T799,A98,7354.52,8,0,10,6770.950999999999,4,1
T800,A49,3331.86,1,0,13,3498.369230769231,11,1
T801,A36,452.91,2,0,16,3547.711875,10,1
T802,A97,5464.68,21,0,13,5373.866153846155,9,1
T803,A54,8136.95,8,0,10,3609.3769999999995,4,0
T804,A33,1759.14,17,0,6,3474.6633333333334,5,0
T805,A11,7793.63,18,0,11,6381.582727272727,6,1
T806,A61,4651.58,21,0,11,4226.511818181818,9,1
T807,A3,6956.94,1,0,6,5731.3966666666665,11,1
T808,A96,6321.04,5,0,12,4297.670833333334,7,1
T809,A70,8116.86,10,0,13,4566.172307692307,2,1
T810,A7,640.37,0,0,8,5172.64375,12,1
T811,A45,7764.14,6,0,8,4022.1175000000003,6,0
T812,A29,4582.22,18,0,14,5571.065714285714,6,1
T813,A84,2941.49,4,0,11,4807.995454545454,8,1
T814,A9,447.62,22,0,14,4713.567857142857,10,1
T815,A100,2002.7,12,0,8,4672.7612500000005,0,0
T816,A84,428.64,2,0,11,4807.995454545454,10,1
T817,A6,14001.57,9,0,25,8278.3455,8,1
T818,A97,5158.68,5,1,13,5373.866153846155,7,1
T819,A4,9891.34,18,0,13,4375.786923076923,6,1
T820,A32,5434.88,7,0,20,4933.135499999999,5,1
T821,A26,3810.8999999999996,18,0,23,5584.485,11,1
T822,A3,7535.38,12,0,6,5731.3966666666665,0,1
T823,A80,1919.12,21,0,8,4313.12,9,1
T824,A20,3576.17,17,0,11,4443.7472727272725,5,1
T825,A31,7810.61,10,0,13,5864.717692307692,2,1
T826,A17,8659.32,12,0,10,6542.4800000000005,0,1
T827,A61,3325.93,23,0,11,4226.511818181818,11,1
T828,A86,1253.51,4,0,16,5208.98375,8,1
T829,A15,3686.51,22,0,11,5531.051818181818,10,1
T830,A73,8895.97,23,0,10,6778.88,11,1
T831,A28,7435.64,2,0,15,4897.166,10,1
T832,A60,8947.43,16,0,13,6159.910769230769,4,1
T833,A90,3872.58,23,0,13,5612.052307692307,11,1
T834,A33,9737.5,11,0,6,3474.6633333333334,1,0
T835,A99,7450.605,1,0,27,8718.80375,16,1
T836,A48,4980.26,3,0,8,5036.998750000001,9,1
T837,A22,9243.86,13,0,7,6019.110000000001,1,1
T838,A78,5197.57,7,0,11,5513.804545454545,5,1
T839,A78,8013.47,2,0,11,5513.804545454545,10,1
T840,A96,7273.54,10,0,12,4297.670833333334,2,1
T841,A92,798.48,19,0,11,6073.983636363637,7,1
T842,A15,6028.51,19,0,11,5531.051818181818,7,1
T843,A100,8225.19,19,0,8,4672.7612500000005,7,1
T844,A21,5459.29,12,0,13,5466.449230769231,0,1
T845,A40,3218.9,10,0,10,6721.728999999999,2,1
T846,A14,809.89,0,0,13,5203.632307692308,12,1
T847,A75,6612.58,20,0,12,3326.8741666666665,8,1
T848,A4,3071.89,8,1,13,4375.786923076923,4,1
T849,A40,6030.19,14,0,10,6721.728999999999,2,1
T850,A74,4266.9,15,0,7,5558.737142857142,3,1
T851,A87,6900.75,7,0,9,4859.406666666667,5,0
T852,A49,3521.95,11,0,13,3498.369230769231,1,1
T853,A51,433.13,17,0,4,3772.8149999999996,5,0
T854,A92,8701.67,12,0,11,6073.983636363637,0,1
T855,A26,5298.1050000000005,13,0,23,5584.485,6,1
T856,A10,9981.52,5,0,10,4844.211,7,1
T857,A76,4129.215,21,0,23,4435.786875,14,1
T858,A89,9800.47,18,0,9,5387.504444444445,6,1
T859,A81,9479.56,21,0,7,5086.76,9,1
T860,A32,759.66,12,0,20,4933.135499999999,0,1
T861,A14,6378.75,2,0,13,5203.632307692308,10,1
T862,A90,3639.48,19,0,13,5612.052307692307,7,1
T863,A99,12019.425,9,0,27,8718.80375,8,1
T864,A39,10195.965,7,0,24,7987.513333333332,10,1
T865,A88,9528.37,22,0,9,4829.727777777778,10,1
T866,A77,1436.37,2,0,10,5425.8589999999995,10,1
T867,A16,6079.65,2,0,8,5821.07875,10,1
T868,A73,7815.31,8,0,10,6778.88,4,1
T869,A6,536.46,4,0,25,8278.3455,13,1
T870,A45,681.66,12,0,8,4022.1175000000003,0,0
T871,A69,7787.37,22,0,14,5133.897142857143,10,1
T872,A55,3669.62,20,0,15,4489.224,8,1
T873,A85,3834.72,4,0,13,5129.256153846154,8,1
T874,A48,5676.77,23,0,8,5036.998750000001,11,1
T875,A9,6054.9,12,0,14,4713.567857142857,0,1
T876,A65,6793.83,10,0,10,6853.116,2,1
T877,A83,9488.75,11,0,9,5427.044444444445,1,1
T878,A44,5589.615,3,0,26,6873.118636363636,14,1
T879,A2,7633.21,2,0,7,5020.28,10,1
T880,A54,5743.48,0,0,10,3609.3769999999995,12,1
T881,A63,5299.3,9,0,13,4587.743846153846,3,1
T882,A14,3986.36,14,0,13,5203.632307692308,2,1
T883,A56,6499.11,11,0,12,6100.080833333333,1,1
T884,A47,2503.62,8,0,8,5937.14125,4,1
T885,A82,1143.35,3,0,11,3879.7218181818184,9,1
T886,A59,7359.39,4,0,13,5202.203846153846,8,1
T887,A91,4995.45,2,1,7,4514.434285714286,10,1
T888,A20,3876.0,5,0,11,4443.7472727272725,7,1
T889,A56,5621.11,13,0,12,6100.080833333333,1,1
T890,A23,2625.15,14,0,7,3467.808571428571,2,0
T891,A94,2610.29,17,0,10,4531.981000000001,5,0
T892,A67,4468.27,17,0,7,5409.528571428571,5,1
T893,A84,9963.69,16,0,11,4807.995454545454,4,1
T894,A35,2862.91,13,0,11,5521.192727272727,1,1
T895,A79,9165.62,3,0,6,4600.218333333333,9,1
T896,A69,4917.09,0,0,14,5133.897142857143,12,1
T897,A100,1235.15,2,0,8,4672.7612500000005,10,1
T898,A62,8529.73,11,0,5,3838.1979999999994,1,0
T899,A60,4525.91,17,0,13,6159.910769230769,5,1
T900,A56,8987.8,2,0,12,6100.080833333333,10,1
T901,A94,4456.66,19,0,10,4531.981000000001,7,1
T902,A76,1330.545,19,0,23,4435.786875,12,1
T903,A35,6822.47,10,0,11,5521.192727272727,2,1
T904,A42,8456.76,12,0,8,6320.3575,0,1
T905,A32,3202.68,0,0,20,4933.135499999999,12,1
T906,A12,3480.78,9,1,9,3851.8277777777776,3,0
T907,A36,658.74,13,0,16,3547.711875,1,1
T908,A58,5426.29,12,0,7,4044.154285714286,0,0
T909,A32,8914.4,2,0,20,4933.135499999999,10,1
T910,A97,8515.11,23,0,13,5373.866153846155,11,1
T911,A60,7120.97,17,0,13,6159.910769230769,5,1
T912,A73,9273.97,7,0,10,6778.88,5,1
T913,A79,6380.62,18,0,6,4600.218333333333,6,0
T914,A86,7939.03,16,0,16,5208.98375,4,1
T915,A49,5092.47,5,0,13,3498.369230769231,7,1
T916,A44,1833.6150000000002,21,0,26,6873.118636363636,14,1
T917,A4,2017.79,12,0,13,4375.786923076923,0,1
T918,A64,1397.38,5,0,4,5833.415,7,1
T919,A42,7905.83,4,0,8,6320.3575,8,1
T920,A24,272.58,8,0,5,7121.564,4,1
T921,A63,5544.67,9,0,13,4587.743846153846,3,1
T922,A28,3695.42,8,0,15,4897.166,4,1
T923,A46,8038.58,15,0,8,7117.0575,3,1
T924,A34,5520.95,4,0,17,4573.92411764706,8,1
T925,A44,9185.039999999999,2,0,26,6873.118636363636,15,1
T926,A36,871.29,5,0,16,3547.711875,7,1
T927,A77,3099.81,13,1,10,5425.8589999999995,1,1
T928,A90,9995.95,8,1,13,5612.052307692307,4,1
T929,A36,7191.51,13,0,16,3547.711875,1,1
T930,A72,5261.7,9,0,10,5840.468,3,1
T931,A2,7693.95,15,0,7,5020.28,3,1
T932,A67,8235.16,2,0,7,5409.528571428571,10,1
T933,A25,746.77,11,0,13,5433.03923076923,1,1
T934,A11,9724.07,8,0,11,6381.582727272727,4,1
T935,A31,6426.96,7,0,13,5864.717692307692,5,1
T936,A93,4505.25,23,0,11,4353.373636363636,11,1
T937,A53,6804.29,20,0,9,6192.9,8,1
T938,A63,3451.7,15,0,13,4587.743846153846,3,1
T939,A72,8780.82,19,0,10,5840.468,7,1
T940,A98,7804.83,19,1,10,6770.950999999999,7,1
T941,A31,6401.54,6,0,13,5864.717692307692,6,1
T942,A89,1827.81,14,0,9,5387.504444444445,2,1
T943,A61,9662.98,3,0,11,4226.511818181818,9,1
T944,A83,4331.86,4,0,9,5427.044444444445,8,1
T945,A92,9108.02,9,0,11,6073.983636363637,3,1
T946,A63,563.57,0,0,13,4587.743846153846,12,1
T947,A58,1250.37,12,0,7,4044.154285714286,0,0
T948,A3,1538.62,10,0,6,5731.3966666666665,2,1
T949,A12,1654.92,19,0,9,3851.8277777777776,7,1
T950,A38,3233.38,12,0,7,5405.907142857143,0,1
T951,A29,7096.23,10,0,14,5571.065714285714,2,1
T952,A52,5200.155,14,0,28,7058.672307692307,7,1
T953,A89,9409.63,10,0,9,5387.504444444445,2,1
T954,A32,8950.31,13,0,20,4933.135499999999,1,1
T955,A40,8460.88,20,0,10,6721.728999999999,8,1
T956,A85,2513.55,19,0,13,5129.256153846154,7,1
T957,A75,6354.22,4,0,12,3326.8741666666665,8,1
T958,A48,5512.91,9,1,8,5036.998750000001,3,1
T959,A61,1260.45,10,0,11,4226.511818181818,2,1
T960,A71,3035.22,19,0,14,6108.2,7,1
T961,A68,5339.45,22,0,8,6334.655,10,1
T962,A45,5030.71,6,0,8,4022.1175000000003,6,0
T963,A55,1694.67,15,0,15,4489.224,3,1
T964,A96,9416.65,10,0,12,4297.670833333334,2,1
T965,A71,1550.4,5,0,14,6108.2,7,1
T966,A43,6590.74,12,0,10,4775.514,0,0
T967,A46,7209.12,10,0,8,7117.0575,2,1
T968,A90,6055.34,9,0,13,5612.052307692307,3,1
T969,A59,8426.87,23,0,13,5202.203846153846,11,1
T970,A35,5640.54,22,0,11,5521.192727272727,10,1
T971,A40,8254.11,20,0,10,6721.728999999999,8,1
T972,A33,293.45,15,0,6,3474.6633333333334,3,0
T973,A30,464.16,18,0,10,5117.564,6,1
T974,A16,6418.12,7,0,8,5821.07875,5,1
T975,A93,5771.94,10,0,11,4353.373636363636,2,1
T976,A25,6514.79,12,0,13,5433.03923076923,0,1
T977,A41,7671.92,8,0,11,4032.712727272727,4,1
T978,A16,4171.7,12,0,8,5821.07875,0,1
T979,A96,6393.52,11,0,12,4297.670833333334,1,1
T980,A69,4985.4,3,0,14,5133.897142857143,9,1
T981,A98,6275.37,18,0,10,6770.950999999999,6,1
T982,A89,2903.82,6,0,9,5387.504444444445,6,1
T983,A24,9566.94,18,0,5,7121.564,6,1
T984,A25,4834.62,17,0,13,5433.03923076923,5,1
T985,A28,8048.83,5,0,15,4897.166,7,1
T986,A95,6853.06,21,0,12,5788.974166666667,9,1
T987,A62,2981.36,17,0,5,3838.1979999999994,5,0
T988,A36,739.0,0,0,16,3547.711875,12,1
T989,A93,608.53,23,0,11,4353.373636363636,11,1
T990,A76,6602.49,14,0,23,4435.786875,7,1
T991,A98,4847.67,22,0,10,6770.950999999999,10,1
T992,A68,2048.19,6,0,8,6334.655,6,1
T993,A77,6070.54,14,0,10,5425.8589999999995,2,1
T994,A37,3132.7,9,0,7,4505.89,3,0
T995,A13,7186.45,22,0,8,6105.9262499999995,10,1
T996,A25,7344.66,2,0,13,5433.03923076923,10,1
T997,A38,8609.17,13,0,7,5405.907142857143,1,1
T998,A30,9753.99,21,0,10,5117.564,9,1
T999,A47,1316.35,15,0,8,5937.14125,3,1
