user_id,movie_id,rating
856,59,2
953,71,4
776,1,5
388,38,5
470,54,2
703,66,2
220,81,5
335,27,1
511,76,5
482,49,3
812,38,4
506,62,1
765,14,5
210,100,3
898,63,2
89,88,3
621,67,1
767,79,1
763,64,2
186,60,3
231,67,1
872,34,2
776,21,4
196,89,2
220,94,5
564,49,1
421,65,4
410,57,1
631,32,3
685,27,4
80,64,1
546,38,5
223,96,3
914,33,5
787,30,3
1,79,3
135,46,1
87,22,2
939,78,1
875,45,5
307,35,1
717,95,5
13,10,2
725,48,1
647,42,1
442,24,2
916,24,4
199,54,5
223,78,5
992,35,5
888,88,3
623,45,4
66,15,4
634,8,2
117,12,5
888,29,4
639,18,2
373,83,2
292,99,5
585,76,4
705,50,3
725,51,2
353,42,4
837,44,4
53,33,2
473,16,5
87,95,5
417,73,2
67,38,5
252,84,2
857,9,5
105,74,2
706,9,1
69,65,2
185,17,3
371,95,1
860,70,1
528,92,4
901,7,5
71,89,5
781,20,4
308,55,5
677,72,4
790,5,4
470,20,5
317,8,5
378,43,5
607,3,4
190,2,4
28,91,3
657,3,5
432,5,3
575,87,5
90,28,2
175,100,1
375,10,4
86,52,4
347,37,3
882,68,5
793,50,1
157,71,4
793,19,5
921,93,4
619,16,1
930,19,1
647,61,3
804,74,5
44,97,4
659,24,2
73,89,4
435,97,5
589,57,2
96,48,5
849,63,2
841,18,1
712,25,5
228,15,2
925,32,1
468,72,5
495,10,5
976,44,5
10,69,3
621,2,4
116,27,4
625,96,3
844,8,3
486,72,5
77,25,3
962,39,1
1000,38,3
912,5,2
316,77,2
22,32,1
895,90,2
905,5,5
189,51,3
390,10,3
698,89,5
130,98,4
180,83,1
977,90,1
571,39,4
684,65,5
967,71,4
156,4,4
189,15,1
601,36,2
121,72,5
828,78,1
784,81,3
15,97,2
413,73,1
39,45,5
94,90,1
405,70,2
597,36,1
279,95,4
977,3,2
251,29,2
638,57,3
178,72,3
18,68,4
597,1,3
586,50,3
115,13,1
830,24,5
31,54,2
212,40,5
421,43,4
439,90,1
43,99,1
726,4,3
24,82,2
567,23,4
253,11,1
338,59,3
146,8,1
719,84,2
572,45,4
160,87,5
312,16,5
226,76,5
139,26,5
934,11,3
618,25,4
327,88,3
294,29,5
544,25,3
405,56,1
419,73,2
427,15,3
430,85,4
251,37,4
742,34,3
236,52,3
783,27,2
522,38,2
930,63,2
405,98,3
153,22,5
553,25,3
555,71,4
238,56,2
919,64,4
601,55,3
346,51,4
683,83,2
691,80,3
290,7,2
490,58,3
773,93,1
977,53,4
902,5,5
902,54,2
226,91,4
707,73,4
814,12,3
304,11,5
480,29,4
559,25,5
648,34,4
659,64,3
96,65,1
19,46,5
301,70,4
132,84,5
59,55,3
18,42,1
883,17,4
215,73,3
78,13,3
107,31,5
280,62,2
785,18,3
245,54,4
44,2,2
613,52,5
418,6,1
822,91,2
609,75,4
904,97,2
810,12,3
172,67,4
204,41,1
907,41,2
354,28,1
216,18,4
836,96,3
180,80,1
786,20,4
561,12,1
514,37,1
700,85,1
797,83,4
106,66,2
167,69,1
193,83,5
432,88,1
698,88,3
356,100,3
310,77,2
156,85,3
498,40,5
503,31,1
512,85,2
19,71,5
914,49,1
972,60,5
475,67,3
699,85,2
292,90,2
139,93,3
500,81,3
170,79,2
621,35,1
409,91,5
41,93,4
76,79,5
777,17,2
125,49,5
814,98,3
763,15,5
878,3,2
34,33,5
69,54,4
276,93,3
99,19,4
423,91,5
636,39,2
923,55,1
625,29,5
660,3,2
312,64,2
407,26,4
140,27,5
632,25,1
682,71,5
772,61,1
601,98,2
982,48,5
390,43,2
836,89,1
705,1,2
255,100,5
621,25,4
795,50,5
172,16,2
710,18,4
257,15,5
411,49,2
171,10,1
165,65,2
346,40,3
588,12,4
213,39,3
641,15,3
905,100,1
962,74,1
987,2,5
381,96,5
249,38,5
980,58,1
971,29,3
141,32,5
709,14,3
318,18,5
363,31,4
469,78,3
583,72,3
506,20,2
864,67,3
588,54,1
305,84,2
273,30,4
520,80,2
206,92,1
854,53,5
399,99,4
153,62,3
753,37,5
451,72,5
649,93,4
477,61,3
182,70,3
428,87,2
43,4,5
968,66,2
290,60,1
100,100,2
281,96,1
273,18,4
395,38,1
774,94,2
319,27,5
42,89,2
401,49,3
792,78,4
230,92,3
290,6,4
791,53,1
459,18,4
617,32,1
501,77,3
697,62,1
960,64,1
2,55,5
373,42,3
219,54,5
931,94,4
593,31,3
248,36,4
196,21,3
819,2,5
92,22,3
77,93,3
960,9,1
539,88,5
306,10,1
763,38,1
751,18,1
723,42,5
762,90,2
141,2,2
948,100,2
956,88,1
21,36,1
264,11,4
36,38,5
868,24,4
735,77,1
354,35,5
747,40,1
183,16,1
629,65,5
963,79,2
528,24,1
339,5,5
599,10,1
446,74,1
124,3,5
620,80,3
972,45,4
711,29,5
937,12,5
158,38,5
431,24,1
438,54,2
110,85,2
548,61,4
300,33,1
185,100,5
495,99,2
247,97,5
263,5,2
985,12,4
175,92,4
28,44,3
298,30,5
907,35,2
62,38,3
426,87,3
410,68,1
713,57,2
772,11,2
44,58,5
209,31,4
476,97,2
280,70,2
624,69,1
937,13,1
302,14,2
822,44,4
658,60,1
766,1,1
935,76,1
833,26,1
310,49,5
155,91,5
697,25,2
947,29,5
861,46,4
717,22,3
10,41,2
330,49,4
963,61,5
54,79,1
457,90,2
820,43,4
598,13,1
541,98,1
685,35,3
187,50,3
161,100,1
633,48,1
609,3,3
540,13,5
578,9,5
262,14,2
540,6,2
677,63,3
433,14,1
350,19,1
627,10,2
261,40,1
507,14,4
826,61,3
997,78,5
25,93,3
600,17,4
651,8,5
560,10,1
458,41,1
531,33,2
867,12,3
607,3,2
189,99,2
247,8,4
410,2,4
593,98,3
653,77,5
197,88,5
363,64,3
97,79,5
327,90,3
446,1,5
462,37,4
575,99,4
624,86,1
652,22,4
775,74,1
192,28,4
368,51,3
612,24,1
762,7,5
357,97,1
617,56,1
949,86,4
882,44,3
844,100,4
292,33,1
584,100,4
988,96,2
964,87,2
393,83,3
63,45,3
227,55,5
990,32,4
675,28,4
993,45,5
430,44,3
49,96,4
341,21,3
910,20,5
551,47,4
209,62,4
368,72,5
576,69,3
8,71,4
414,57,3
98,72,4
442,76,2
326,46,4
960,52,3
848,20,1
465,49,1
472,86,2
664,36,2
94,56,1
647,34,3
603,47,5
782,47,5
660,19,2
961,93,3
883,67,2
512,4,1
219,8,5
187,76,5
98,26,4
3,98,4
320,70,1
300,12,2
369,99,1
11,85,5
900,21,4
983,56,1
52,57,2
568,48,2
723,79,4
392,61,4
288,86,4
665,58,5
368,80,2
10,97,2
329,49,5
571,18,1
580,47,3
119,53,1
504,28,5
243,56,4
82,63,3
67,18,1
927,51,1
404,37,5
27,58,2
180,78,1
138,58,4
725,22,1
393,47,3
231,63,4
381,47,4
155,33,3
548,17,3
333,61,2
534,81,4
954,44,4
430,11,5
584,10,4
251,86,5
415,5,5
435,51,1
788,31,5
726,52,1
944,58,1
438,55,3
301,18,5
178,76,2
535,51,5
424,50,5
360,23,4
510,61,5
129,30,5
431,32,3
581,21,4
977,55,4
586,81,3
188,92,2
684,64,4
3,84,2
492,23,4
265,72,5
584,48,5
603,99,2
558,37,3
51,98,1
826,52,4
141,83,4
666,34,3
515,19,3
147,97,2
173,9,1
536,41,3
165,11,5
273,85,3
136,54,1
32,14,5
597,28,2
327,19,3
647,89,4
174,31,2
282,90,5
520,67,4
861,25,1
322,24,1
478,49,4
832,88,4
867,49,4
53,99,3
697,72,4
423,92,1
745,24,2
666,23,1
674,49,1
93,51,3
319,22,5
904,61,3
201,89,1
801,15,4
447,76,4
303,48,2
27,34,1
58,41,2
7,36,5
420,25,4
147,75,4
529,15,3
704,55,5
115,34,5
798,63,4
676,48,1
390,87,3
697,18,2
207,86,3
209,84,1
233,44,5
24,19,3
567,94,5
265,65,5
385,77,3
911,84,4
529,1,1
646,13,1
992,43,5
805,30,4
354,34,4
143,27,2
46,50,3
899,15,3
239,97,4
669,18,2
601,99,2
82,80,2
480,60,1
132,3,5
39,78,4
181,67,1
133,16,3
216,87,2
460,75,4
576,29,2
498,31,4
302,61,3
134,47,4
5,32,5
192,12,2
814,76,4
284,36,4
164,91,1
484,75,2
310,6,5
980,29,4
711,97,3
215,12,2
793,65,1
599,61,2
37,59,1
371,81,5
929,58,2
903,8,1
481,43,5
699,37,2
633,92,5
187,15,5
405,11,2
350,7,1
935,99,3
717,36,5
553,59,3
669,98,1
89,84,4
141,73,1
656,25,1
539,95,5
578,78,3
45,7,1
792,30,2
863,25,3
532,62,4
180,9,3
984,73,2
417,44,1
696,3,5
276,89,5
582,45,1
372,12,1
151,39,1
49,46,4
268,80,3
164,17,1
969,90,3
776,10,3
37,85,1
649,10,2
292,2,5
412,60,5
616,49,1
359,30,3
344,24,5
563,69,5
866,38,5
30,3,5
528,19,1
145,29,1
407,79,3
783,16,3
370,92,3
91,94,4
702,63,1
669,10,1
215,97,1
279,93,2
108,85,3
435,31,3
250,20,4
216,96,2
977,57,4
335,73,4
564,88,5
526,44,5
991,48,1
456,62,3
425,21,3
262,65,5
12,32,1
677,10,4
944,66,1
261,16,5
656,67,5
652,96,3
227,93,1
305,13,3
919,16,1
504,23,3
773,32,2
153,32,1
426,25,2
178,9,4
136,89,4
5,33,5
86,25,3
760,84,4
708,52,2
67,40,3
860,40,5
538,45,3
560,49,1
858,55,1
837,29,4
343,41,1
911,26,3
656,19,3
37,24,2
95,4,4
149,33,3
658,44,1
331,49,4
278,77,4
155,99,3
682,28,4
85,89,4
803,49,5
888,65,3
3,38,3
247,6,3
416,27,1
930,57,2
989,51,5
70,13,1
603,55,2
96,3,4
549,44,3
1,78,1
674,84,4
268,59,4
842,67,1
623,62,2
382,40,1
923,86,4
579,56,2
974,19,3
146,63,4
336,88,3
292,22,3
569,84,5
654,25,3
850,60,1
535,25,4
712,49,2
823,54,3
408,6,3
197,38,1
285,11,5
696,84,1
977,98,2
467,95,2
701,17,4
382,31,4
488,49,2
674,96,2
577,3,1
524,86,2
106,98,3
662,79,4
828,44,1
773,15,3
684,52,4
754,3,4
749,98,2
708,36,3
664,25,3
591,78,3
577,77,2
597,54,3
817,89,2
313,42,5
378,46,2
880,41,5
427,18,2
214,29,5
588,48,5
59,83,1
760,100,4
944,72,4
549,97,3
677,45,2
977,51,1
201,95,3
428,69,4
954,37,3
589,83,3
730,18,2
590,94,4
454,73,4
252,59,1
61,58,5
729,80,5
745,75,5
627,22,3
728,29,2
105,3,4
96,57,2
611,84,2
104,32,2
968,36,4
123,60,3
979,52,2
991,50,5
578,65,5
825,53,1
80,84,1
210,83,2
298,85,5
991,28,4
642,28,3
440,52,2
854,18,5
325,54,4
562,14,3
707,50,2
88,52,5
594,42,1
297,43,5
610,60,3
586,69,4
852,15,4
55,19,2
304,64,5
69,87,4
123,90,2
194,80,5
596,98,5
525,64,2
818,7,2
505,41,2
337,4,1
267,98,4
164,79,4
250,37,5
528,87,1
781,18,5
157,84,2
641,96,2
127,80,1
494,33,1
644,85,5
418,61,1
764,73,1
25,36,1
284,99,3
540,90,2
732,55,3
835,97,3
136,73,1
596,64,4
905,9,1
528,29,3
55,9,2
658,47,2
597,60,3
350,51,4
530,33,1
825,67,5
221,2,1
689,91,2
973,39,1
579,58,5
428,26,1
703,89,2
157,4,4
900,47,4
325,37,2
277,34,4
841,15,1
349,60,1
9,6,1
984,86,3
260,64,4
245,33,4
812,81,2
464,65,3
943,67,5
290,14,2
466,75,5
670,6,3
333,94,2
621,21,5
777,83,1
860,73,3
482,3,5
818,3,5
155,70,2
751,93,4
124,80,3
465,59,1
793,71,1
852,15,2
334,99,2
387,38,2
264,29,5
989,61,1
672,45,1
643,10,1
12,74,1
112,23,5
613,95,2
4,18,3
436,15,5
674,8,2
812,2,4
891,51,4
363,71,3
745,94,4
410,41,1
634,80,1
438,49,5
21,16,2
709,82,2
778,66,2
414,52,4
408,44,5
534,49,2
25,65,2
725,69,4
905,99,5
151,31,3
574,58,4
711,26,2
235,56,2
359,54,3
424,62,3
774,3,1
959,31,2
609,43,5
56,37,1
660,66,5
225,26,1
163,52,3
928,49,5
612,45,4
150,52,5
421,18,3
570,16,3
13,52,3
826,88,5
557,71,2
915,36,4
663,68,5
748,21,4
22,72,2
895,19,5
893,10,3
673,86,4
270,87,3
654,73,3
116,13,4
671,5,1
231,34,5
47,16,3
366,83,2
780,58,1
588,42,2
73,42,4
987,72,5
207,90,4
60,62,3
399,14,2
344,59,5
428,18,4
137,12,2
580,68,2
454,11,1
348,94,1
844,44,2
997,38,1
690,12,5
175,27,4
810,92,4
418,96,2
535,53,3
752,61,1
505,56,4
31,30,5
343,79,2
231,49,4
505,71,3
456,7,2
55,98,3
444,85,2
194,11,2
366,2,2
11,31,2
666,1,2
673,29,4
150,65,2
293,69,2
301,5,5
320,49,4
541,81,5
378,12,3
487,46,3
128,37,1
394,72,2
214,90,2
192,65,5
475,17,2
868,86,5
841,49,2
720,71,2
334,17,2
792,23,1
219,85,5
231,36,1
256,3,3
715,19,3
179,89,5
995,3,5
764,69,5
640,75,5
15,10,1
223,14,1
28,1,5
79,63,5
949,82,4
71,45,4
481,46,3
168,94,4
721,63,3
216,60,5
100,7,1
67,4,1
329,31,2
123,18,2
846,57,1
688,71,2
640,46,5
807,70,2
304,65,4
66,15,1
898,67,1
284,61,5
981,52,3
680,49,4
698,68,2
34,10,3
287,46,4
824,44,1
114,63,5
288,56,5
484,60,5
740,59,1
667,50,2
803,40,3
805,36,3
871,16,5
899,68,4
957,81,2
655,50,3
702,26,4
883,61,1
6,18,1
885,99,5
122,15,2
905,14,1
491,20,5
831,87,1
950,5,4
272,3,1
724,49,3
363,90,3
628,82,4
370,30,1
814,87,3
169,98,1
44,19,1
667,99,4
132,50,5
609,42,3
108,14,2
936,70,1
412,30,4
861,44,5
454,46,5
13,18,2
754,3,2
65,78,1
738,41,2
799,71,5
567,46,3
216,80,1
341,56,1
215,62,5
738,86,1
763,4,5
492,31,2
641,31,5
556,86,3
331,14,1
555,28,3
518,97,1
946,58,1
25,11,3
349,6,1
125,71,2
346,74,5
929,44,5
352,31,5
277,46,5
453,78,2
618,28,1
594,62,3
380,87,5
940,11,2
630,86,2
541,64,4
56,32,5
767,16,4
321,70,4
906,80,4
549,80,2
462,72,2
54,20,1
631,49,3
245,39,3
335,8,2
766,55,2
769,99,2
240,71,1
611,59,2
711,16,2
468,25,2
374,5,1
158,73,2
772,57,2
409,28,1
628,76,4
735,62,2
367,9,5
764,55,4
707,58,2
165,66,1
669,20,4
83,2,1
511,37,3
263,9,2
706,1,2
243,81,5
875,1,5
500,91,5
222,56,1
889,45,3
892,24,3
533,68,2
254,17,1
654,64,5
409,50,4
804,21,4
974,23,3
425,75,1
846,35,4
716,59,4
583,39,3
254,63,4
416,51,5
447,39,5
723,20,4
202,36,2
54,14,3
582,86,5
930,96,3
449,81,5
541,56,5
269,29,3
744,8,2
676,26,4
282,84,4
736,77,1
409,67,2
524,14,1
764,5,2
373,55,1
25,97,2
127,90,5
411,5,2
133,9,3
148,47,5
325,42,2
787,39,4
691,15,1
161,44,3
220,14,4
785,22,5
291,95,4
799,66,2
890,81,2
121,65,2
68,98,4
133,70,2
861,54,5
935,34,3
66,9,2
838,100,4
618,16,4
124,90,1
862,46,2
306,59,5
6,33,3
170,38,4
139,49,3
749,31,1
653,98,2
118,70,4
909,95,4
448,90,3
914,80,4
497,45,5
290,71,2
888,100,1
395,49,4
292,43,4
986,94,5
85,44,1
593,82,2
290,57,3
944,23,2
17,18,4
311,80,5
847,9,4
297,55,4
735,40,1
34,97,2
120,40,5
995,88,3
315,47,5
714,78,1
675,60,1
908,73,4
448,14,1
395,43,1
382,87,4
220,68,2
33,29,4
219,68,3
715,41,4
427,2,5
946,65,3
904,41,5
295,94,5
762,10,4
222,47,2
854,79,5
433,78,1
25,62,2
809,54,3
977,93,3
357,55,3
770,76,2
926,10,4
445,21,2
12,81,4
779,21,4
876,2,5
498,41,2
622,58,5
59,28,4
481,28,4
607,24,1
115,19,1
504,37,2
601,87,3
624,30,1
586,84,1
660,97,4
855,93,5
235,55,3
860,51,5
511,3,2
369,18,4
591,15,1
830,1,3
846,33,2
91,54,3
595,26,3
553,19,4
484,78,5
278,36,2
656,19,1
106,23,4
878,2,4
216,17,5
383,28,4
224,28,4
709,22,3
6,70,4
904,75,4
488,27,3
679,65,5
558,68,2
229,53,4
67,58,5
577,26,1
160,86,1
533,5,1
650,57,4
297,94,4
1000,5,4
363,84,4
148,82,1
113,11,2
474,84,4
711,56,3
148,79,5
155,94,3
489,67,4
666,32,2
675,93,1
921,53,1
433,37,4
886,75,2
924,100,4
828,52,2
43,4,3
2,6,1
732,8,4
104,58,1
500,18,5
746,22,5
234,19,1
115,15,1
537,36,1
230,60,1
694,30,4
327,70,5
724,64,3
446,98,1
209,84,1
950,23,5
690,13,3
480,1,3
667,71,5
307,75,1
103,37,1
381,67,4
987,19,3
509,71,4
843,86,2
964,59,5
791,47,5
49,76,3
907,55,3
699,8,3
937,47,5
343,15,1
402,62,1
13,43,4
468,2,4
230,30,1
785,23,4
496,49,1
400,53,5
894,50,1
367,93,5
136,41,5
430,75,1
138,32,4
359,75,1
841,95,4
540,20,4
374,75,3
681,53,4
684,52,3
281,78,2
293,37,2
574,66,1
13,98,3
405,8,4
143,13,5
805,81,5
635,10,2
743,12,5
120,47,5
504,93,5
248,73,3
738,59,4
701,68,5
772,70,2
719,43,2
940,11,3
890,73,3
51,24,5
278,57,5
891,9,2
139,99,1
44,62,1
833,7,5
179,69,1
389,74,3
309,93,3
851,62,4
273,73,4
177,75,1
287,52,1
905,51,1
77,50,4
899,9,3
967,6,3
929,67,1
561,53,5
2,24,4
468,36,5
850,54,1
256,87,2
989,31,3
584,83,1
768,90,3
917,77,4
828,32,1
553,45,2
619,97,3
337,66,5
258,15,3
390,60,1
684,25,5
91,6,4
952,36,5
89,58,2
235,19,4
418,48,1
255,81,5
305,24,5
70,9,1
720,75,5
664,32,4
466,20,4
601,38,2
700,28,5
562,69,5
515,62,2
193,12,1
762,98,4
171,56,3
219,31,4
127,63,3
603,3,4
73,20,5
932,69,3
219,1,1
129,50,1
946,31,2
330,5,4
670,24,4
671,50,3
571,97,3
313,11,5
915,90,3
95,78,4
904,50,1
986,3,3
109,97,5
202,66,2
184,69,4
288,10,4
271,3,2
879,65,1
691,38,1
726,43,3
442,55,5
262,14,1
292,88,1
227,58,5
62,12,4
698,76,4
824,54,5
510,97,1
392,85,5
613,63,4
768,42,5
823,10,5
114,14,4
696,71,3
323,28,3
480,36,4
47,73,3
961,100,4
227,92,5
689,62,3
10,35,3
63,81,5
614,15,1
179,85,1
547,69,2
809,18,2
168,43,3
983,2,4
78,34,1
977,14,2
166,70,2
310,73,4
740,3,3
653,69,5
653,38,4
139,22,4
290,8,3
455,1,4
300,42,4
912,31,4
531,88,5
543,57,4
153,24,3
520,3,5
861,70,5
248,80,2
735,38,5
697,68,5
895,6,2
207,78,3
21,74,2
120,16,2
562,59,5
602,40,5
54,95,5
653,11,2
647,3,2
907,75,1
195,11,3
556,94,1
976,94,5
850,83,4
42,32,2
668,25,3
346,84,2
821,28,1
941,2,1
992,60,4
23,99,5
680,62,3
788,76,5
850,16,3
563,80,4
371,66,5
363,4,4
7,25,4
937,77,1
483,87,2
298,49,5
499,68,4
56,49,5
29,75,4
582,86,4
297,54,3
544,60,5
599,27,5
821,10,3
591,98,5
866,83,4
494,61,3
785,25,3
608,31,2
222,50,5
284,19,1
12,94,1
335,72,2
435,11,2
103,13,3
665,77,2
447,31,4
607,79,2
311,13,2
495,93,2
578,99,5
679,95,2
324,63,3
49,84,4
473,64,3
832,61,1
877,11,5
233,70,4
316,43,2
518,28,5
958,71,2
638,83,5
861,59,1
863,93,4
98,29,5
598,4,3
19,83,5
259,57,2
78,55,5
564,68,3
388,37,2
81,2,1
303,38,4
219,16,2
915,43,4
156,78,1
775,49,3
86,21,4
132,93,5
46,59,5
246,45,1
753,78,5
785,93,4
192,16,5
39,73,4
264,82,2
745,35,1
759,87,4
530,53,5
261,13,3
27,3,1
739,62,4
903,35,3
159,49,3
707,82,1
676,100,5
27,40,2
133,67,2
322,98,2
64,54,3
984,31,2
787,54,1
660,77,1
947,86,5
392,75,4
883,28,2
639,79,5
913,7,1
465,44,3
940,20,5
849,30,1
666,68,1
571,20,3
124,17,4
343,44,1
698,23,5
224,56,1
705,84,5
365,75,5
309,11,3
866,32,4
412,31,2
380,50,5
241,73,2
704,35,1
997,90,5
172,21,1
320,20,1
547,75,2
511,38,5
909,97,2
725,84,3
25,61,3
648,28,2
923,87,4
972,90,5
733,69,5
325,37,2
512,89,5
388,98,1
339,44,2
179,22,4
535,53,4
824,87,2
9,49,1
692,51,5
620,17,3
450,43,2
588,24,5
985,94,5
2,69,4
91,37,1
267,98,4
102,20,1
120,65,2
640,41,5
856,22,2
862,2,3
402,24,4
938,96,5
416,83,2
567,46,5
594,32,3
650,94,2
391,76,5
400,65,3
481,60,4
731,83,5
997,27,1
865,87,3
436,98,4
616,80,3
442,71,2
794,86,2
64,21,4
13,14,4
548,55,2
773,15,4
949,65,5
351,61,4
560,93,3
595,40,5
205,50,2
423,74,4
83,27,2
990,35,1
339,10,1
772,8,2
47,68,1
828,29,1
624,14,5
737,39,2
650,42,5
293,28,2
294,32,2
665,13,5
845,81,1
239,80,2
170,72,1
678,25,3
872,69,2
740,21,1
594,56,3
199,24,1
192,76,2
438,23,4
676,9,1
437,58,3
308,9,1
503,63,3
854,37,2
376,73,4
355,33,5
63,42,5
975,33,2
298,74,4
358,69,3
670,81,1
904,55,1
841,62,4
915,35,4
922,5,4
612,57,5
952,74,3
399,81,1
455,49,1
136,76,5
205,82,4
59,18,5
469,12,1
54,20,1
312,46,3
924,73,2
679,90,3
97,29,5
708,36,4
810,48,4
263,21,3
261,16,3
669,1,3
707,87,5
33,39,5
811,15,4
467,42,1
92,70,5
701,91,5
831,80,1
693,66,1
303,5,2
234,83,4
792,73,4
211,30,4
410,83,2
685,27,3
547,44,5
181,13,3
207,15,5
896,31,5
15,18,5
404,19,1
591,6,2
569,65,1
688,98,5
350,1,3
9,17,3
999,34,5
908,16,4
945,97,5
98,74,3
589,52,2
637,42,3
716,23,4
734,97,3
52,3,5
318,56,2
277,75,1
822,15,1
848,30,5
128,56,4
408,59,3
995,31,5
454,56,1
415,28,1
596,68,4
364,86,1
153,31,4
608,17,5
543,56,1
185,10,2
650,59,5
108,22,5
138,95,3
517,55,4
759,73,2
558,65,4
55,90,2
124,97,4
279,86,4
336,11,1
447,16,1
495,78,4
782,44,1
16,43,3
277,39,1
565,5,4
216,78,5
921,66,3
70,51,1
968,25,4
578,32,3
690,100,3
851,72,2
826,58,2
352,33,5
82,97,5
585,41,4
253,58,3
725,5,2
864,21,5
931,15,3
19,40,1
331,44,2
911,58,3
432,32,4
273,83,3
25,9,5
580,69,1
803,17,3
614,97,3
432,42,5
352,12,5
726,73,4
769,77,5
480,7,3
233,4,3
307,18,1
170,24,4
802,57,1
565,74,1
280,30,2
162,100,2
903,78,1
9,62,2
57,91,4
524,86,4
510,36,1
611,79,1
998,53,5
41,69,2
741,38,1
319,53,4
820,12,4
400,66,5
20,17,2
82,79,3
527,96,3
816,56,3
850,16,5
387,77,3
966,9,2
292,42,1
809,89,3
440,16,3
166,30,5
198,93,5
204,44,1
690,52,5
804,74,2
584,28,4
484,71,2
892,74,5
647,13,1
184,95,3
30,69,1
761,88,2
640,95,3
484,48,4
946,29,2
827,18,4
115,90,1
115,19,1
535,8,4
885,7,5
411,17,3
110,14,1
919,39,2
598,38,5
917,10,4
163,94,4
125,58,4
775,11,2
407,55,4
346,69,3
460,45,2
510,49,2
810,8,5
419,16,5
675,14,3
780,85,5
876,71,3
535,60,3
429,23,1
237,82,1
738,11,2
429,66,4
501,17,1
226,84,1
993,62,4
334,5,3
325,75,2
306,35,4
583,89,4
40,93,4
488,79,5
232,19,3
8,12,4
300,88,5
426,96,4
783,54,2
715,95,3
937,19,1
838,55,5
301,66,3
286,53,3
407,25,2
636,91,2
800,78,5
642,3,5
223,15,1
837,34,1
487,79,3
763,53,1
139,27,2
599,37,5
517,43,2
827,100,5
111,27,3
291,36,5
313,80,3
719,82,3
611,12,5
307,67,5
81,87,2
969,5,5
857,95,4
497,34,5
659,65,2
965,87,3
59,1,2
871,53,5
201,57,4
415,31,4
20,98,1
999,80,3
227,1,4
154,68,5
204,17,2
560,57,5
575,42,1
724,3,1
520,49,2
304,28,1
625,35,4
360,68,5
533,90,5
44,84,5
68,93,4
606,10,2
344,3,5
7,24,3
474,47,5
500,84,5
917,77,4
845,73,1
401,2,5
813,34,1
973,89,2
666,98,4
184,41,5
535,18,1
342,33,4
969,97,1
205,39,5
923,59,2
247,96,3
709,78,1
94,49,2
545,45,5
479,22,1
209,93,3
606,96,3
621,65,4
911,26,2
974,47,5
411,79,1
65,28,5
218,58,3
130,41,3
392,26,2
358,69,5
945,83,3
327,74,2
421,45,1
606,97,1
961,4,2
351,26,5
374,62,3
44,69,2
999,12,3
194,26,3
914,58,3
106,3,2
929,61,1
275,29,3
56,77,3
240,27,5
303,69,5
367,90,2
616,41,2
166,40,5
878,20,4
912,79,2
797,5,3
176,61,2
56,51,3
31,57,4
193,45,2
235,59,5
264,38,4
106,16,2
791,12,2
898,36,1
262,27,5
445,73,5
921,60,4
679,80,5
443,89,1
411,74,2
775,72,3
903,20,1
743,20,5
239,32,2
32,99,4
480,59,1
119,39,5
137,82,1
328,64,3
633,45,5
73,95,5
72,22,1
963,33,5
50,90,3
204,91,4
53,94,5
522,51,1
362,42,3
51,92,1
771,83,5
759,77,2
871,55,1
523,70,3
348,8,5
884,84,1
894,21,3
329,45,4
100,38,4
257,87,2
509,41,4
162,68,1
737,36,3
419,77,3
151,75,5
484,83,2
871,24,2
949,99,2
987,47,3
828,3,1
377,4,5
576,33,1
618,49,3
561,49,5
855,11,4
138,68,5
556,58,2
296,96,2
968,72,1
551,77,5
727,74,5
259,100,1
602,70,1
942,4,2
177,63,4
232,42,2
881,100,5
478,79,3
528,47,3
729,93,5
314,72,4
827,30,2
266,45,1
744,60,5
308,35,1
260,33,3
242,25,2
291,19,5
171,84,1
361,28,5
766,90,1
958,89,5
165,58,5
59,54,3
529,87,2
425,28,3
255,99,2
842,81,2
234,36,4
529,89,5
525,18,3
120,14,2
65,43,1
576,56,3
806,40,1
47,46,4
312,78,3
741,56,3
656,93,3
896,14,5
193,56,2
437,1,3
669,16,1
200,48,5
701,2,2
292,63,4
351,83,5
344,35,4
236,13,4
418,71,2
988,75,5
473,4,5
323,6,5
765,9,3
247,62,3
411,57,4
684,30,4
896,86,4
913,89,1
604,19,4
700,96,5
805,50,2
46,23,5
161,31,5
188,6,3
367,75,4
604,39,2
446,53,1
192,11,3
553,98,1
501,39,2
931,2,4
517,21,5
351,87,3
27,85,4
384,29,1
88,100,1
260,4,3
235,98,1
577,62,5
164,95,2
327,41,2
123,25,4
48,89,3
583,45,3
140,82,5
8,87,1
975,7,2
855,71,3
214,38,5
690,53,3
997,14,1
463,62,2
252,20,2
776,94,4
232,8,3
749,54,4
685,62,2
137,64,4
22,81,2
171,52,1
497,95,1
150,71,1
415,41,3
715,61,3
361,41,5
572,55,5
99,41,4
388,2,5
349,24,1
412,90,3
961,41,3
548,92,4
707,94,1
251,5,2
480,86,4
363,75,5
128,62,3
61,93,5
679,49,4
78,43,1
493,78,4
539,63,5
785,55,3
240,35,2
733,38,4
337,46,4
169,40,2
738,58,5
478,16,1
419,91,4
828,95,2
622,39,3
184,98,3
780,74,1
596,34,4
132,58,4
413,65,2
825,55,5
664,43,2
546,1,5
929,25,3
207,90,5
916,11,4
42,69,5
569,8,4
594,60,2
469,86,5
982,30,5
509,42,2
173,96,1
380,19,4
170,76,2
5,22,5
742,61,4
295,34,2
263,56,2
376,6,2
238,64,3
159,84,5
836,85,5
725,26,1
355,23,5
99,5,1
281,100,3
841,22,2
272,25,1
955,60,5
617,74,3
390,99,2
308,84,1
304,35,2
260,89,2
767,50,1
316,91,2
348,18,5
600,43,4
421,79,2
687,31,5
700,86,1
266,38,2
486,75,4
785,38,5
805,1,3
379,21,4
235,58,4
93,76,1
580,15,2
125,82,3
848,51,2
600,26,4
130,77,5
361,66,2
215,45,5
765,40,3
468,35,4
575,46,3
549,16,1
566,22,4
239,92,2
816,84,3
448,34,3
45,34,3
907,85,2
900,95,1
767,31,4
405,63,2
851,89,2
718,82,1
936,12,5
127,37,1
707,81,2
589,1,2
252,92,2
899,45,5
559,70,4
271,47,3
798,23,3
372,45,4
772,97,4
571,26,3
593,92,1
82,38,4
897,58,2
213,85,5
234,22,5
718,3,4
517,93,3
799,69,2
532,72,3
1000,18,5
660,33,4
220,75,4
977,55,2
661,77,5
214,35,1
417,35,2
913,61,2
430,77,5
745,31,1
782,43,4
639,96,4
72,19,5
617,1,2
132,17,4
73,21,1
103,76,4
264,85,3
608,77,1
395,100,3
49,31,3
46,79,2
951,92,1
510,93,3
892,44,2
407,75,4
856,95,2
298,99,5
241,95,1
960,91,5
720,19,1
965,70,5
58,96,5
334,13,2
734,95,4
256,89,4
389,15,3
48,68,1
397,87,3
102,26,5
259,79,3
38,67,3
137,46,4
952,75,5
730,15,2
101,71,4
325,58,3
408,36,2
135,84,2
286,87,5
268,27,5
95,66,5
36,24,1
288,72,4
7,42,4
959,62,4
74,74,5
150,60,1
999,15,2
281,64,5
450,100,3
310,60,1
134,87,3
363,87,5
512,71,2
501,32,1
574,69,5
866,23,5
114,5,3
680,32,1
951,21,3
700,76,5
699,91,1
898,58,2
812,92,2
710,100,5
96,6,3
944,69,2
234,72,5
166,16,2
209,78,1
645,82,5
934,41,5
633,44,4
917,37,4
17,52,2
86,74,1
161,99,5
685,54,1
298,29,1
750,50,4
439,3,4
576,64,1
948,38,3
308,66,5
655,12,2
83,99,2
680,78,1
915,57,4
650,78,4
159,73,2
787,94,3
210,20,3
726,54,1
548,99,4
115,78,2
751,55,1
498,98,5
455,85,5
424,26,3
214,22,3
704,55,3
942,12,3
735,68,5
134,70,3
26,70,1
269,75,1
890,22,4
262,24,1
819,38,3
730,51,1
353,89,4
560,35,4
215,65,2
877,67,4
948,55,4
26,63,2
820,57,3
116,20,2
488,6,2
35,93,1
362,72,4
430,37,4
924,55,2
357,14,2
670,7,5
846,70,2
487,30,2
763,97,3
246,77,2
924,19,4
981,4,5
194,52,4
637,40,1
633,76,4
89,5,3
195,20,2
719,8,5
838,85,2
979,8,5
883,52,4
848,74,3
742,27,3
957,93,3
817,9,2
724,74,2
297,38,4
574,65,5
492,54,4
863,41,4
964,94,1
76,18,4
452,36,3
467,96,3
736,94,1
959,24,5
192,29,1
399,5,1
84,9,3
815,88,5
41,54,5
235,39,5
740,13,2
415,45,5
783,51,4
117,73,5
139,12,1
637,82,5
771,86,3
688,24,3
879,32,4
775,75,4
452,20,2
989,84,4
130,51,1
402,55,3
121,99,5
105,29,4
759,76,5
449,11,5
175,62,5
548,14,1
722,89,2
742,32,5
545,84,1
356,66,3
822,56,4
908,86,4
56,57,1
549,69,2
541,52,2
631,78,4
467,54,4
686,90,5
994,8,3
983,46,2
120,28,1
822,66,3
255,88,5
565,2,2
200,63,3
443,29,4
143,52,5
8,28,5
73,28,4
30,80,3
559,34,4
760,45,3
586,62,1
796,6,3
445,97,1
260,95,4
359,52,2
350,49,3
6,29,5
799,23,2
571,51,1
658,94,1
4,46,1
989,7,4
896,21,5
656,17,1
607,68,2
909,36,2
323,55,4
693,58,2
866,76,4
572,33,4
338,86,2
595,63,2
303,92,3
956,12,5
417,1,2
805,78,4
607,57,3
793,58,4
246,85,2
326,63,2
546,4,3
847,19,4
526,26,2
793,30,4
375,88,4
697,15,1
477,17,5
2,1,3
734,21,4
328,45,5
963,21,4
437,9,5
103,92,3
207,68,3
956,45,1
307,63,5
563,62,4
22,70,3
976,68,4
697,43,4
961,25,3
135,82,3
81,21,2
900,45,2
594,93,2
916,76,1
29,63,4
206,50,1
784,70,5
632,89,4
873,20,3
446,52,4
917,69,5
638,13,1
500,39,4
819,85,2
461,96,3
783,24,4
693,52,5
409,11,3
26,88,3
489,6,5
72,69,2
500,18,1
349,28,1
357,4,3
959,18,1
669,45,1
347,41,3
229,99,5
912,77,2
18,49,2
276,21,5
350,86,2
890,91,3
884,68,4
326,17,4
375,7,3
183,76,5
211,90,5
634,21,3
421,44,5
444,18,5
818,44,3
373,95,4
375,11,1
717,50,1
214,91,3
698,77,5
581,36,3
963,12,5
786,61,5
755,45,4
307,48,5
426,27,5
215,18,4
235,73,1
123,51,4
705,53,4
732,54,2
134,13,4
668,20,5
328,50,1
103,74,2
776,41,2
187,80,5
951,49,1
460,49,1
664,70,1
527,58,2
669,15,3
78,34,2
123,2,3
440,95,3
786,34,5
753,4,1
942,29,2
245,38,1
102,42,4
952,74,5
10,87,5
636,57,3
791,59,5
973,32,5
633,92,3
616,50,2
217,98,4
424,58,4
290,43,3
471,22,5
397,37,3
139,54,1
358,24,1
381,53,3
984,18,1
239,1,2
587,2,4
559,2,3
253,4,2
503,65,3
741,84,2
240,43,4
658,30,1
544,46,3
910,77,3
972,83,4
998,56,5
138,53,2
170,24,5
892,32,3
821,83,5
779,89,2
705,87,1
706,62,2
532,100,1
339,81,5
696,64,1
206,67,3
908,86,2
64,79,1
897,5,2
684,84,4
76,18,2
840,60,1
463,71,4
480,23,3
640,85,4
879,87,5
250,21,4
498,51,2
571,100,2
412,59,5
398,55,2
419,24,1
85,44,4
949,36,1
687,97,2
269,97,5
204,88,3
103,77,4
805,26,4
730,38,1
906,58,5
13,5,2
515,73,2
667,93,5
278,65,2
937,62,1
838,67,4
342,22,2
941,88,1
166,100,5
568,9,3
414,94,2
333,80,5
932,48,4
343,75,5
80,89,2
52,62,5
731,33,4
138,61,2
298,86,1
630,4,1
528,96,2
603,87,2
352,25,2
943,55,2
865,87,4
448,60,5
242,47,2
406,28,4
672,23,2
344,25,1
817,8,4
938,85,4
396,68,5
441,35,4
575,17,2
492,43,1
453,76,5
78,50,1
478,51,3
980,24,2
356,47,1
808,12,2
225,78,2
628,97,4
385,73,3
557,75,1
590,80,4
217,25,3
888,35,2
730,37,4
712,25,2
213,29,1
410,92,1
365,84,4
669,58,4
991,62,4
980,67,3
687,97,5
835,38,1
909,40,5
65,91,3
889,91,4
219,12,4
423,88,5
584,75,3
358,11,4
320,13,3
169,51,2
999,48,5
671,86,3
683,40,1
783,72,3
797,48,1
462,68,1
436,46,3
745,56,5
358,72,4
296,36,1
454,83,5
187,4,2
289,61,3
610,40,3
440,25,5
482,63,1
646,68,1
677,59,2
683,74,5
711,8,3
811,39,3
903,11,3
343,2,2
517,76,3
406,89,4
847,44,5
932,20,3
53,82,2
881,95,3
908,29,2
78,69,4
898,56,4
588,41,3
157,31,2
209,33,5
429,27,5
175,38,2
160,73,4
42,77,3
79,21,1
975,81,4
110,62,4
410,30,3
360,71,5
647,20,5
699,11,4
139,60,2
714,100,3
912,7,4
988,7,4
395,78,5
772,6,3
592,10,1
553,86,4
509,40,5
259,55,1
285,20,1
448,80,2
107,34,2
630,61,3
854,7,2
187,72,5
825,91,3
337,78,2
731,5,2
285,2,1
284,24,1
15,2,5
302,20,4
534,3,2
698,16,1
912,91,3
288,99,2
483,59,3
958,86,3
839,25,1
805,53,3
283,14,2
117,94,3
144,100,4
911,12,4
952,20,1
178,13,4
834,5,5
418,56,2
739,61,2
258,26,5
235,21,1
169,82,1
948,4,4
496,99,4
12,63,3
815,79,5
665,75,1
819,89,1
116,39,1
505,11,5
498,80,1
326,78,3
569,43,2
916,10,4
796,38,4
522,61,4
660,52,1
412,48,1
280,20,2
24,39,2
996,19,3
344,18,4
599,98,1
952,60,1
430,20,5
131,97,2
435,45,4
264,49,3
617,19,2
635,41,4
273,69,2
473,66,3
941,24,3
145,37,1
658,59,3
948,54,4
852,18,1
193,32,1
667,3,2
174,42,2
633,7,4
260,56,4
13,57,2
511,71,1
423,55,3
610,69,2
739,53,5
992,98,5
218,90,1
983,36,5
183,3,3
359,94,1
629,92,1
30,22,2
465,13,5
950,67,1
196,36,4
367,43,3
875,70,3
789,80,2
454,24,5
432,60,1
309,7,1
828,57,2
287,89,4
249,12,2
552,16,5
153,58,5
926,27,4
55,99,5
716,41,5
598,80,4
381,64,5
270,36,4
474,92,1
308,96,4
60,6,4
785,4,1
228,99,5
960,63,4
144,73,2
567,27,4
101,94,2
261,44,2
129,93,5
589,90,2
497,40,2
942,23,5
651,68,5
417,50,4
225,37,1
471,64,1
43,29,3
845,81,2
817,66,4
652,47,5
497,63,5
651,70,4
589,69,2
224,51,5
440,79,4
598,35,2
135,24,2
179,42,2
172,93,3
988,57,2
490,21,2
636,46,5
360,50,4
341,51,2
480,39,3
419,69,1
522,29,1
924,100,2
310,51,3
535,44,4
500,28,4
945,1,1
548,19,2
833,39,2
68,25,1
894,73,4
966,73,3
926,3,1
552,72,1
291,60,4
39,98,3
137,89,5
155,8,3
882,22,3
50,55,3
974,29,5
263,4,5
59,61,3
538,44,3
666,90,5
638,6,2
669,64,3
744,56,2
2,71,2
249,25,4
209,75,2
318,46,2
439,64,3
168,85,3
719,60,3
621,23,3
125,59,4
119,62,4
581,47,4
924,32,1
806,34,2
575,79,3
383,35,5
232,42,4
371,40,4
47,1,4
711,73,2
768,93,1
627,60,4
4,59,1
888,32,1
303,95,3
760,98,1
465,78,5
495,79,4
354,92,4
418,75,4
856,38,2
8,19,3
276,3,2
654,1,4
624,62,4
346,85,1
548,95,2
274,33,1
147,20,1
888,99,2
143,35,2
492,72,2
896,9,5
814,76,1
854,24,5
916,54,1
122,98,3
666,98,1
19,62,3
146,51,3
750,100,5
425,93,1
413,51,1
780,31,1
744,39,3
723,27,5
212,56,4
744,18,1
864,100,5
95,100,3
467,89,5
235,77,5
605,18,3
532,61,5
128,23,5
206,38,3
404,98,2
78,42,4
258,19,2
468,72,5
475,55,1
863,48,3
558,86,4
745,90,1
425,25,4
720,73,3
755,23,4
337,37,3
98,40,4
960,27,1
706,51,4
164,38,5
298,87,3
735,89,2
826,67,3
821,36,3
251,31,4
903,26,2
349,12,5
173,78,5
259,32,3
951,34,1
60,71,4
477,31,3
70,29,1
251,83,2
309,16,5
686,14,5
255,34,3
501,40,3
678,86,4
733,68,4
987,81,5
132,54,2
249,16,5
318,24,4
766,3,5
831,67,5
454,57,3
586,33,4
223,7,3
257,91,1
237,58,5
107,68,5
754,5,2
988,51,5
741,80,2
761,87,5
886,17,5
265,20,1
746,87,4
11,98,2
901,14,3
200,68,1
511,47,1
762,83,4
895,77,3
595,24,1
874,73,3
588,41,5
443,6,2
564,56,1
830,11,3
562,68,2
914,64,1
693,11,3
618,39,1
929,48,2
625,1,2
698,25,4
53,96,3
28,97,3
803,31,1
894,56,4
630,63,2
60,29,2
193,82,1
274,50,3
662,31,2
463,78,4
310,58,3
237,35,5
910,70,1
173,12,3
877,5,1
978,66,5
937,56,3
661,57,5
989,94,2
428,67,3
280,93,5
140,29,2
814,34,5
547,84,2
556,39,3
365,29,3
291,89,3
542,69,1
748,93,5
81,97,1
104,92,2
918,78,4
973,4,4
470,3,2
387,27,2
140,8,1
847,84,1
284,44,4
242,39,1
984,3,2
946,10,3
352,62,5
425,60,1
957,17,1
831,95,2
875,60,1
692,72,4
671,7,3
321,68,4
652,52,1
248,56,2
365,35,3
258,15,1
555,27,3
136,67,3
267,76,1
278,89,5
640,38,4
251,65,2
78,89,3
791,51,1
857,84,1
359,10,3
89,7,3
492,75,5
627,98,3
980,35,4
200,27,4
156,25,1
336,6,1
801,1,1
482,69,3
908,1,1
402,7,4
663,55,5
731,38,4
152,39,5
30,4,5
978,5,2
216,4,2
240,72,3
722,81,5
807,67,2
714,82,4
663,45,2
533,23,4
8,49,3
341,9,1
559,50,2
748,78,4
412,31,5
761,66,4
252,88,5
937,15,2
858,55,2
883,98,3
70,51,4
709,89,1
418,78,1
167,17,1
65,93,5
229,99,4
267,14,5
138,76,3
113,34,1
113,60,1
95,91,1
670,10,1
859,53,1
177,73,4
862,15,2
944,43,1
569,88,2
421,19,4
704,66,1
880,42,1
576,29,4
622,69,4
150,4,1
56,42,2
585,39,5
235,28,1
941,14,2
321,76,5
884,45,1
483,59,5
575,35,2
13,36,5
749,93,1
548,96,4
773,49,2
715,77,2
114,25,5
944,39,5
719,77,4
896,34,3
942,22,5
301,82,3
379,50,1
107,57,3
500,1,3
933,3,2
977,92,2
850,46,3
342,70,1
237,10,5
389,90,4
97,99,5
178,65,4
603,24,5
401,81,5
917,1,5
593,96,5
453,25,3
978,49,3
96,96,2
157,9,2
768,72,5
334,78,2
113,54,2
286,82,1
126,75,2
985,77,4
777,23,2
274,87,5
490,41,3
157,68,4
703,31,5
431,5,4
839,42,1
854,23,4
886,8,1
999,60,4
654,75,2
879,88,1
18,87,3
672,92,4
62,37,4
921,23,2
399,91,5
38,57,2
976,89,3
977,13,3
435,22,2
926,3,2
944,84,2
517,84,4
951,86,3
229,77,2
771,19,4
917,37,2
505,12,4
507,92,5
813,66,2
656,86,1
337,74,1
847,26,4
860,97,5
526,40,3
191,26,5
17,84,5
198,30,3
629,3,3
62,16,2
39,86,1
644,42,3
504,22,1
990,27,1
197,74,2
993,36,1
267,35,4
178,64,3
767,95,3
550,76,3
823,38,4
681,100,2
172,90,1
425,89,3
654,77,2
901,48,5
555,66,1
160,1,5
529,7,4
60,10,3
462,7,4
11,95,4
964,92,5
615,21,2
132,70,3
907,67,2
267,10,1
459,69,5
20,13,2
844,88,1
650,56,3
851,3,4
9,14,5
846,45,3
808,58,5
788,5,5
71,31,1
375,35,1
252,52,3
52,9,5
148,59,2
270,38,4
732,85,3
335,70,2
293,80,1
981,78,3
986,100,3
794,62,2
803,8,1
360,81,5
641,55,5
941,45,5
348,29,2
868,55,5
526,51,5
791,64,5
201,35,1
550,15,1
88,60,2
775,81,2
353,51,2
937,100,5
238,34,5
962,91,4
730,88,1
487,47,2
8,75,1
740,47,2
182,36,5
601,8,4
532,17,1
130,18,2
800,86,4
682,99,4
73,90,3
61,2,2
996,60,3
583,100,5
101,96,1
562,34,3
515,56,2
436,15,1
109,74,3
124,70,1
247,50,1
81,80,3
370,19,5
619,64,2
268,84,2
458,80,3
143,65,2
990,77,2
32,69,5
129,30,1
405,87,2
48,16,2
195,94,2
843,68,3
149,37,3
304,98,3
96,68,5
572,61,3
503,2,3
516,57,5
98,23,3
282,91,1
316,45,3
508,18,4
488,39,2
184,31,2
932,3,4
732,12,5
598,44,3
973,26,1
520,92,1
61,68,5
414,38,5
717,89,5
614,8,4
189,66,5
603,59,5
631,20,1
982,2,2
88,99,4
178,36,5
339,37,5
19,89,5
827,99,1
756,53,5
724,37,5
748,14,4
143,62,3
297,11,5
429,76,4
663,7,5
506,79,1
134,60,1
770,73,2
656,33,1
898,59,2
541,78,1
121,66,3
792,11,1
292,90,4
989,34,2
711,3,4
228,33,4
853,39,1
451,85,2
255,12,2
716,20,3
782,34,4
814,69,5
899,64,4
383,10,4
329,20,2
119,40,4
204,30,5
283,31,1
379,70,1
521,17,1
662,69,1
208,6,2
785,53,4
527,54,1
975,64,5
547,29,5
870,33,1
55,65,5
75,38,1
346,1,5
843,71,2
483,25,3
921,33,5
865,48,4
862,50,3
327,41,1
665,17,2
742,71,5
635,53,2
376,32,3
883,80,1
998,97,5
605,80,5
251,50,3
33,39,5
807,8,1
584,72,1
732,61,5
618,18,3
755,6,1
452,31,1
526,2,1
233,67,4
725,57,3
515,11,5
264,61,1
120,92,1
810,42,5
996,36,5
716,55,2
26,79,2
213,9,4
677,6,1
535,21,3
425,100,5
568,38,5
99,2,3
445,30,2
871,30,5
259,91,1
641,12,5
978,95,3
872,35,3
349,69,1
598,38,1
794,14,4
903,71,4
675,80,5
944,23,4
126,58,5
112,99,3
900,11,1
728,50,5
307,95,1
207,87,2
484,45,2
359,26,4
113,2,3
286,19,3
571,61,1
634,47,1
630,86,5
710,45,3
992,54,4
908,42,3
690,89,3
35,67,5
526,68,5
580,85,1
527,26,4
54,73,2
831,68,4
293,33,5
276,73,2
313,65,4
460,95,1
676,70,4
158,55,1
956,49,2
960,34,5
250,22,1
63,50,4
500,19,5
943,5,5
586,1,2
324,58,1
290,80,5
111,53,3
236,47,2
517,68,4
879,70,3
189,75,1
924,61,4
263,29,5
320,74,1
687,7,4
974,12,2
165,64,4
898,21,4
953,71,4
960,42,3
100,1,4
706,7,4
229,6,1
607,59,3
568,4,1
583,37,2
568,99,2
392,99,4
31,86,4
642,35,4
907,71,2
698,43,2
63,82,2
617,76,5
624,17,1
754,73,2
290,54,2
341,15,4
480,74,4
978,68,4
803,3,4
430,34,3
160,37,4
578,70,1
667,57,1
149,92,3
896,15,2
667,47,2
164,77,2
938,90,2
585,57,4
39,25,5
756,84,2
116,26,1
223,6,2
565,26,3
39,26,2
219,47,1
428,83,4
519,97,1
321,94,5
328,34,4
351,80,3
548,84,2
646,21,5
920,32,1
712,87,4
591,76,3
265,41,2
86,14,1
545,85,2
640,9,3
35,60,5
621,47,2
554,25,4
481,73,3
467,70,3
166,4,5
214,9,2
654,75,1
702,10,3
854,48,2
406,43,4
123,21,2
916,60,4
939,57,2
518,78,3
203,76,3
573,94,3
665,46,4
751,36,3
356,12,2
593,76,2
508,43,3
509,82,2
370,3,5
352,36,2
861,35,1
474,63,5
513,10,3
599,47,4
811,34,2
410,56,5
618,72,4
83,19,2
783,18,3
870,97,5
382,28,3
633,29,1
792,68,3
537,70,2
625,13,3
665,70,4
707,33,5
1,8,4
484,67,1
187,33,5
173,22,4
975,83,1
151,12,2
464,88,5
433,86,2
771,80,4
732,36,2
983,72,4
356,79,2
757,57,4
38,37,3
531,13,2
572,77,4
959,91,3
324,58,5
735,55,1
315,40,2
876,60,1
132,88,4
478,44,3
351,46,4
941,27,3
436,63,2
68,98,5
728,89,1
940,38,3
877,50,1
408,86,3
419,51,2
706,64,1
931,2,3
714,83,3
447,45,4
942,66,5
42,35,1
665,88,4
487,61,3
671,91,3
514,45,2
451,4,3
737,80,2
749,46,2
712,25,2
556,12,1
799,81,2
554,58,2
473,93,4
860,6,4
420,59,4
451,7,3
562,19,4
86,20,3
489,26,5
232,70,4
516,75,4
109,77,4
352,81,5
510,90,4
817,1,1
30,1,1
957,96,3
239,18,4
188,76,1
21,98,5
772,32,3
773,14,2
433,60,4
401,93,5
841,22,2
495,58,4
810,20,2
325,36,1
216,71,4
272,89,5
22,5,2
532,18,3
990,2,1
263,75,4
919,75,3
743,38,3
15,24,4
544,50,4
329,18,3
824,83,1
979,92,3
313,81,4
447,50,1
544,67,4
35,69,3
429,78,2
388,62,4
169,2,4
119,35,1
103,47,1
866,66,4
710,93,1
486,30,4
20,5,4
975,19,1
181,52,3
169,51,3
718,34,3
991,45,5
323,31,5
510,100,4
294,94,4
617,80,1
448,89,2
830,19,3
98,70,2
627,8,5
917,46,3
439,55,4
932,92,3
822,38,3
519,96,5
478,17,5
732,98,3
938,65,5
683,74,5
475,5,3
63,26,1
32,77,3
806,93,2
243,95,3
195,21,4
785,49,1
849,83,1
602,6,4
794,28,1
102,61,4
140,60,3
110,25,3
658,53,3
949,1,2
507,66,1
385,88,1
676,52,1
825,64,1
208,17,4
23,86,5
870,8,5
64,2,2
90,32,1
873,60,5
728,4,4
189,64,3
13,90,5
791,54,2
730,73,1
535,12,3
721,89,3
281,69,5
344,50,2
426,77,2
156,74,2
987,78,1
336,93,2
845,53,3
382,95,4
283,86,2
77,26,4
120,13,2
178,9,4
799,6,2
754,12,3
395,38,5
592,97,3
63,56,1
970,81,3
442,74,3
770,23,3
262,81,2
772,89,4
408,32,1
924,98,1
62,70,4
439,97,4
912,8,5
893,84,5
916,14,4
420,25,1
698,29,1
170,25,5
910,48,4
576,49,3
969,45,3
158,48,2
573,96,1
734,35,3
218,19,5
499,83,4
608,33,1
601,63,1
555,26,3
192,80,4
365,31,1
848,51,4
517,36,4
141,43,1
144,50,2
360,80,1
878,4,2
99,13,1
899,89,1
900,7,5
272,81,3
948,4,5
436,48,5
616,87,4
425,86,1
506,19,2
814,61,3
865,70,3
622,56,4
107,14,1
73,14,4
839,28,3
881,10,4
300,81,2
503,49,2
662,13,1
225,83,2
639,10,3
841,89,2
370,24,3
101,75,1
527,64,3
956,33,3
482,66,4
830,40,4
106,90,1
156,52,2
384,96,3
694,24,5
352,47,2
452,59,1
1,77,4
89,76,3
64,26,2
853,80,4
185,63,4
558,11,1
960,9,3
683,11,1
577,27,4
110,53,2
436,52,4
268,58,4
962,15,4
588,87,5
494,61,2
760,73,4
501,36,1
565,73,2
457,23,5
764,70,2
542,54,1
387,26,4
898,30,4
632,70,3
886,83,2
75,82,2
250,29,2
182,1,3
994,51,5
860,99,4
897,26,4
902,9,3
225,27,2
107,72,1
172,83,4
836,46,4
709,93,5
316,97,3
117,44,5
977,85,5
230,15,1
537,4,3
644,67,3
306,67,4
620,84,3
118,16,3
339,73,3
398,39,2
374,35,5
483,35,2
811,6,3
973,34,4
339,2,3
699,39,4
951,65,5
524,32,3
399,38,5
300,3,5
335,2,1
293,27,4
481,92,3
245,13,2
412,75,2
777,22,2
175,33,4
426,91,5
107,74,5
49,89,3
543,19,3
877,64,2
895,26,1
538,15,2
401,9,4
920,57,4
394,76,4
785,46,1
607,90,5
404,4,1
994,72,2
818,98,5
374,30,5
495,6,3
38,4,2
374,76,1
90,14,2
742,70,5
556,50,4
873,5,2
284,44,3
803,53,3
973,78,1
761,19,4
71,52,3
619,4,2
483,78,1
880,45,1
491,84,4
74,92,5
474,68,1
267,34,3
930,35,1
943,52,3
470,78,1
183,85,4
945,11,4
152,98,5
75,92,3
139,71,1
204,3,4
847,2,1
487,94,4
180,63,2
213,37,1
591,16,2
501,14,2
294,36,4
584,30,5
235,7,1
234,79,4
509,2,4
789,96,5
51,53,5
115,89,2
565,4,5
68,80,4
347,61,1
8,78,2
219,78,4
420,9,2
924,31,3
812,85,2
357,80,2
713,91,2
660,95,1
79,10,5
223,75,1
351,43,3
981,94,5
708,46,5
989,36,1
30,60,1
701,88,4
723,76,2
77,59,2
43,33,4
583,100,4
488,79,4
132,87,3
529,11,1
582,1,5
658,94,3
620,93,4
958,28,2
187,82,4
377,1,1
799,17,4
570,17,4
113,92,3
200,56,1
746,94,2
782,44,2
601,40,3
386,55,3
650,74,5
343,61,1
826,37,4
705,16,4
930,46,4
176,82,5
674,66,4
747,11,1
66,44,2
975,35,5
756,13,4
200,80,4
734,91,1
911,81,3
302,23,4
999,82,5
736,47,1
649,71,1
27,48,1
444,60,4
497,40,1
784,4,2
351,52,5
973,70,1
747,70,1
312,86,2
926,17,2
879,96,4
796,9,3
490,43,5
532,3,5
840,50,2
257,45,3
266,42,1
689,6,5
20,10,2
437,40,5
688,48,2
755,16,3
974,33,3
366,70,1
63,99,4
879,48,1
65,48,4
75,62,3
862,6,4
695,32,5
750,54,2
582,96,2
795,90,1
1000,54,4
384,69,5
241,37,5
156,15,2
380,53,4
987,3,5
523,68,5
530,5,3
878,50,1
800,95,2
55,63,3
478,80,2
325,69,4
924,71,2
299,85,1
18,48,3
638,1,2
654,94,1
392,54,1
355,85,3
351,56,3
83,11,5
26,16,4
613,96,3
938,1,1
286,33,2
320,79,5
961,14,2
664,43,2
84,86,3
909,99,1
546,22,3
772,24,3
920,76,1
719,94,3
419,41,3
950,90,1
942,58,2
772,92,3
9,91,3
938,26,3
865,93,4
978,46,3
620,59,1
774,62,5
571,88,2
103,78,4
117,70,4
378,31,2
663,42,3
727,58,1
922,18,1
74,55,1
238,91,3
18,56,5
751,86,3
867,64,2
697,55,5
418,47,1
723,73,2
51,74,3
901,23,4
19,51,5
469,14,2
732,100,4
317,49,5
146,2,1
890,17,1
281,9,3
518,83,1
261,86,5
149,67,5
313,95,4
74,22,3
584,23,5
363,77,1
331,65,5
239,1,1
965,84,5
417,17,4
225,88,2
701,51,4
253,49,1
466,17,5
238,85,3
359,14,5
927,42,2
770,3,5
703,39,1
816,91,3
766,4,4
962,70,2
15,15,5
825,63,3
490,9,2
467,5,1
341,51,3
846,3,4
289,10,5
935,46,1
119,54,2
807,25,2
260,57,3
811,33,2
744,51,3
120,49,5
298,27,2
824,46,5
15,67,5
776,99,1
234,100,5
310,6,1
957,29,4
188,21,3
736,61,3
110,7,1
262,97,3
989,2,2
128,20,4
476,9,2
410,88,5
379,37,5
213,30,1
426,30,5
480,18,2
153,34,1
884,50,5
416,91,2
177,87,3
153,75,3
569,68,3
858,80,2
246,98,2
471,97,4
312,47,3
231,49,5
935,1,2
164,3,3
531,97,1
341,86,2
591,67,1
778,65,5
574,73,2
831,44,5
10,30,2
276,23,1
252,97,3
78,61,2
128,70,2
895,5,3
949,33,2
428,54,1
76,74,2
806,23,1
178,55,1
919,13,5
625,40,1
230,76,2
698,77,4
448,22,5
217,44,3
615,44,2
256,66,2
44,1,1
342,11,3
128,3,3
705,70,5
422,31,4
800,15,4
808,23,4
909,68,4
780,77,3
338,98,4
846,12,1
26,98,3
296,67,1
452,1,4
294,38,2
454,30,5
993,77,3
130,56,5
261,8,3
154,54,1
82,88,3
930,80,5
213,70,2
402,51,3
450,97,4
166,58,3
154,14,4
90,6,4
912,15,3
119,21,1
524,69,3
238,68,2
88,39,4
883,95,2
705,11,5
803,86,1
708,71,5
994,10,2
823,68,5
462,37,2
17,67,3
224,3,5
132,69,4
163,73,3
148,51,4
392,60,1
848,80,1
359,71,1
899,8,4
827,76,5
254,34,2
994,14,1
860,14,4
20,73,3
16,43,4
252,5,3
392,72,4
738,79,4
132,12,1
27,43,1
187,36,4
838,11,4
778,85,4
903,44,4
946,27,4
367,82,2
35,56,4
974,2,1
298,36,2
962,48,1
985,87,2
703,37,1
261,64,4
266,39,1
353,3,4
655,12,4
909,69,4
11,70,5
929,23,4
713,78,5
84,61,4
763,46,5
232,84,3
799,55,2
613,31,4
801,96,5
699,79,1
728,41,2
559,1,3
600,33,2
63,44,2
478,83,4
178,37,3
637,68,1
301,37,5
27,66,5
724,69,1
453,99,3
524,97,1
364,84,1
705,28,4
38,76,1
873,87,5
973,81,1
716,50,1
733,36,5
833,100,3
285,97,5
755,68,3
281,92,5
153,11,1
460,31,1
939,21,5
218,84,4
278,46,1
984,15,5
762,27,3
945,77,3
518,81,3
841,44,2
114,11,2
272,94,5
573,34,1
179,11,4
294,21,1
200,64,3
966,80,3
674,10,4
610,30,2
644,68,5
818,82,4
746,1,4
595,47,1
67,24,2
457,73,2
619,43,2
421,48,4
735,64,5
509,68,5
930,75,5
808,51,2
938,66,2
904,41,3
148,8,3
973,20,5
292,41,1
341,66,2
832,81,4
376,20,1
523,25,1
906,86,5
302,19,4
46,41,3
475,16,4
59,11,3
913,73,1
254,73,2
424,60,3
495,9,5
610,56,1
468,47,5
144,37,5
995,9,2
445,50,5
159,47,4
78,100,2
237,89,4
607,78,1
689,74,3
698,4,3
59,72,2
862,72,1
364,63,4
981,61,2
793,7,3
171,90,2
768,73,3
61,29,1
671,18,3
657,96,5
276,1,2
72,21,5
641,79,5
590,16,5
281,5,2
377,33,1
139,57,3
233,9,2
452,36,1
381,86,5
187,98,1
6,77,5
292,39,3
206,10,2
112,8,4
414,24,5
570,95,2
586,74,4
147,80,5
198,5,2
487,94,5
944,75,2
493,98,1
358,56,3
584,66,1
858,27,5
815,77,4
626,92,2
163,39,5
841,7,2
236,12,1
557,23,3
216,68,4
652,89,2
105,33,2
367,11,1
962,17,2
80,32,2
608,47,2
483,70,1
887,93,2
521,47,2
842,14,4
885,26,5
468,24,1
467,52,2
798,79,5
794,65,4
195,16,5
141,89,1
233,33,5
467,73,1
148,33,4
413,41,2
155,11,1
825,71,5
778,75,2
593,53,4
448,31,2
599,62,5
188,48,5
204,10,2
488,94,2
720,40,1
968,37,1
455,41,4
654,26,4
745,15,2
16,49,3
572,35,3
623,3,3
261,1,3
203,95,5
998,20,4
217,68,3
757,74,5
869,7,1
248,69,3
525,100,3
767,30,3
654,96,2
115,19,1
235,45,4
277,81,1
915,51,3
323,89,4
686,34,5
213,92,4
877,82,4
276,59,1
157,11,5
476,22,1
830,67,1
93,97,4
308,86,3
293,17,1
281,39,1
727,18,4
944,16,2
67,39,1
179,16,5
147,26,4
297,37,5
114,19,2
944,19,2
756,43,1
169,64,5
549,50,5
808,92,3
993,12,1
320,93,5
596,50,1
609,1,4
511,85,4
548,2,4
777,47,3
702,53,4
469,8,1
256,79,5
825,75,5
873,92,2
913,3,2
804,92,4
853,20,2
464,23,3
195,77,4
124,90,3
373,41,5
151,85,1
4,46,5
5,78,5
528,55,1
378,54,5
611,92,5
582,33,4
422,91,3
714,34,2
385,17,2
142,62,5
849,56,5
431,73,1
116,89,5
765,32,5
209,87,4
129,97,5
305,2,1
197,36,2
484,27,1
947,30,3
419,37,2
545,9,1
521,3,4
368,45,4
45,19,1
455,51,2
635,12,1
127,33,2
274,54,3
950,26,3
108,74,1
203,27,2
142,69,4
225,57,1
657,63,5
654,55,4
214,63,3
785,72,2
581,17,4
445,3,2
600,3,4
863,33,1
334,26,5
768,92,2
658,38,2
175,55,4
442,23,3
47,25,4
723,20,5
277,80,4
304,96,5
543,23,3
613,88,1
505,52,5
470,2,2
494,72,3
123,64,4
710,67,1
782,96,5
71,63,5
498,9,3
262,92,2
146,75,5
594,49,2
937,90,1
515,85,2
870,13,5
202,7,5
482,77,2
649,22,4
48,68,1
982,90,1
189,64,5
796,58,2
854,73,5
972,42,2
71,37,5
457,54,4
314,53,1
752,71,5
993,52,4
599,45,4
696,17,2
855,100,5
445,63,2
491,51,1
644,75,2
681,17,4
789,10,3
928,51,2
451,52,2
93,84,1
497,86,1
816,22,1
792,48,2
657,14,3
119,27,2
661,13,4
782,31,2
111,4,4
332,17,3
203,12,4
522,61,3
452,26,2
618,22,4
177,69,4
178,51,4
690,39,3
549,41,3
920,62,1
770,9,4
479,15,5
280,8,2
853,62,4
911,28,2
615,80,3
996,78,3
364,5,1
579,27,1
94,52,4
605,28,5
657,98,5
873,52,5
369,48,2
926,30,3
388,84,5
312,24,3
861,84,1
431,100,3
153,13,3
119,56,4
439,12,5
782,27,2
23,27,5
893,59,2
590,33,3
431,33,2
975,80,5
776,24,4
363,44,2
958,1,5
209,29,1
921,24,5
392,61,1
522,18,3
104,53,3
654,59,4
382,66,5
888,45,5
944,90,5
486,72,5
436,69,5
799,91,2
959,95,1
579,18,5
58,7,3
408,43,5
854,94,2
474,54,3
197,18,5
268,72,4
988,55,4
186,28,2
598,64,3
816,11,5
920,43,1
73,35,1
936,81,3
179,19,1
505,43,5
345,57,4
36,8,5
443,73,5
49,17,2
719,97,2
305,76,5
66,98,3
77,43,4
54,47,5
470,92,4
613,37,5
184,66,5
634,10,5
635,58,3
545,36,2
251,10,4
707,20,3
252,15,1
759,27,1
185,77,2
666,1,4
415,70,3
604,92,4
743,34,2
698,85,5
282,31,2
927,63,3
15,45,4
847,77,3
967,82,3
673,64,5
848,58,1
582,65,3
583,27,2
131,5,1
248,90,4
997,86,2
332,10,1
336,10,4
959,22,2
553,9,3
481,92,1
587,33,1
324,4,2
546,71,1
692,48,3
303,40,2
497,94,1
398,53,4
402,73,1
439,96,1
757,7,4
930,40,4
583,77,3
799,33,3
879,93,1
991,6,1
821,4,3
661,21,2
810,26,1
259,76,2
712,62,4
239,78,5
280,3,3
664,67,4
179,19,5
184,3,2
896,47,1
692,21,4
312,78,1
656,8,4
639,82,3
90,25,3
463,73,5
637,25,3
698,35,5
745,52,3
209,18,4
762,50,2
478,86,5
274,47,5
540,33,3
950,72,2
818,54,3
885,57,5
997,67,5
775,99,5
462,97,3
362,16,1
731,91,2
84,6,4
159,69,2
203,69,2
604,76,5
246,69,5
453,93,2
334,9,2
836,63,2
140,25,5
246,30,1
615,69,1
279,83,5
977,98,3
801,85,3
129,88,3
188,47,1
432,50,3
655,38,5
554,29,3
458,42,5
616,64,3
961,20,1
564,23,4
961,20,3
694,38,3
32,87,3
799,39,4
961,23,4
522,12,5
464,28,5
328,84,1
143,34,4
832,60,5
811,40,5
742,96,3
670,84,5
548,1,5
434,77,2
209,86,5
926,58,1
862,44,2
925,17,5
947,6,3
990,19,1
247,94,3
208,17,4
326,64,3
573,68,4
329,92,3
41,40,1
906,65,3
997,92,5
797,59,5
533,59,5
357,46,3
464,13,1
828,53,5
454,4,1
943,39,3
482,1,3
561,44,4
808,35,3
280,41,1
676,33,3
396,24,3
239,5,2
904,70,5
434,4,5
308,86,3
241,47,5
287,10,1
995,61,4
402,49,4
67,2,2
737,94,2
99,7,3
193,100,5
977,36,3
883,92,5
8,24,2
810,69,5
695,10,2
652,30,5
811,3,2
333,89,5
155,89,1
6,33,1
138,80,1
810,8,3
13,73,2
772,33,1
501,75,4
927,27,3
745,18,2
110,55,2
419,73,1
797,27,1
912,16,2
457,62,4
143,82,5
640,24,3
95,80,5
254,82,1
980,45,3
471,46,3
778,6,2
43,91,2
382,81,4
94,40,2
823,65,1
296,13,3
49,75,4
651,40,4
313,83,2
699,20,3
74,27,2
703,63,5
230,5,4
359,52,4
192,98,3
852,60,2
984,27,4
951,32,3
367,23,4
166,6,1
462,45,3
77,53,1
147,71,2
586,50,2
596,73,4
615,22,5
776,94,2
671,53,4
985,74,1
879,47,5
315,75,4
376,77,4
350,61,1
941,16,2
737,32,1
167,65,4
347,9,4
444,57,1
660,82,1
259,92,2
653,13,5
258,76,4
969,79,5
892,68,2
474,91,4
649,32,3
524,78,2
870,41,4
169,88,4
69,36,4
251,26,1
551,56,4
543,53,5
116,33,2
507,100,2
915,15,5
79,74,3
815,73,3
541,52,3
943,51,1
646,77,2
506,26,4
640,63,4
724,19,3
691,89,4
858,60,2
612,78,4
361,35,1
850,91,5
325,30,4
832,26,3
763,73,4
556,88,1
992,3,2
113,75,2
835,63,2
704,36,5
20,28,1
738,36,4
799,47,4
683,86,1
106,92,2
394,43,2
492,72,5
330,14,2
994,67,3
130,46,1
906,79,5
964,72,3
23,52,4
250,3,3
52,78,3
281,45,1
210,76,2
614,31,2
572,74,1
377,53,3
251,62,4
714,84,3
963,94,3
268,42,2
519,29,1
574,90,1
181,52,5
14,41,5
993,72,4
496,32,2
986,14,5
688,73,5
551,87,1
176,59,4
412,82,5
463,61,4
690,22,3
852,78,5
213,56,2
245,4,5
99,45,4
469,55,1
680,70,1
73,47,4
468,48,1
294,78,3
798,4,5
247,70,3
16,2,2
797,12,2
864,30,2
369,75,2
411,94,1
896,32,5
900,36,1
44,96,3
524,84,5
743,29,3
444,23,3
483,78,5
485,26,4
310,8,1
492,80,2
520,10,5
313,19,4
923,71,5
378,55,2
815,37,1
394,87,5
457,29,5
411,43,1
676,73,5
612,88,3
234,76,2
462,6,2
987,96,2
149,26,1
675,20,5
308,9,4
274,62,4
518,10,1
518,86,4
469,45,2
699,93,3
485,19,2
589,85,4
499,3,2
560,3,1
234,61,2
779,30,5
884,37,3
221,59,4
846,15,5
542,10,4
349,70,5
880,27,4
874,68,2
74,41,1
223,59,4
650,36,3
818,86,1
119,33,2
156,62,2
344,2,4
442,12,1
95,84,4
117,54,1
210,58,5
811,3,2
720,57,3
422,93,4
518,100,2
218,74,1
247,77,5
476,69,2
551,14,3
539,89,3
442,12,3
502,90,3
469,99,4
534,53,3
190,8,4
864,35,3
925,13,4
395,86,4
478,14,1
461,98,3
49,33,2
915,1,1
783,22,5
409,28,2
960,53,5
977,50,5
974,86,1
55,56,2
731,55,2
988,79,4
255,87,5
327,56,5
242,83,5
313,83,1
97,10,1
298,23,5
321,83,3
166,45,1
519,61,2
160,67,5
531,62,2
969,75,5
164,39,4
508,3,3
279,18,4
904,78,1
518,88,5
466,46,2
966,32,1
318,18,4
100,88,1
438,77,2
789,66,1
824,74,3
221,92,2
75,99,3
177,89,3
567,88,4
239,18,5
307,94,2
529,60,1
861,58,5
809,86,5
533,35,1
175,88,4
730,64,5
664,33,1
549,44,1
89,12,5
912,46,1
868,29,4
831,28,3
64,94,5
462,16,1
787,53,1
275,72,4
677,75,3
728,68,3
973,28,3
429,23,5
145,29,3
808,72,1
748,81,2
999,19,2
172,61,3
628,46,4
454,58,1
756,84,3
921,11,2
127,65,2
257,25,2
553,3,3
171,7,3
298,28,4
806,14,3
613,31,2
61,69,3
621,80,3
964,72,4
983,66,2
955,75,2
233,52,3
629,72,3
304,67,5
811,57,4
257,56,1
829,24,2
585,26,5
670,42,3
621,4,4
501,95,4
383,36,1
656,40,1
556,99,3
564,16,3
106,43,4
825,38,3
31,16,3
922,14,3
786,36,2
308,57,5
525,80,3
560,51,3
857,38,1
834,17,3
377,58,4
917,30,2
631,73,3
423,65,4
323,54,5
484,36,4
904,90,1
918,52,5
734,8,5
549,19,1
833,73,3
66,39,1
225,64,4
666,80,4
622,2,3
996,85,2
538,87,2
267,44,1
139,52,5
924,56,3
358,84,3
397,99,5
688,37,3
321,11,4
807,16,1
934,20,1
4,19,1
250,30,4
395,98,3
902,35,3
458,62,3
493,20,5
764,43,3
168,40,1
922,33,5
664,10,4
173,63,1
368,67,1
595,92,4
577,25,1
443,19,5
175,32,3
310,53,1
242,80,3
756,97,3
1,55,4
67,67,4
651,45,3
694,72,5
640,54,2
204,10,4
528,51,4
14,48,4
97,100,1
905,89,4
719,11,3
18,63,1
545,57,4
141,50,2
564,43,1
780,42,3
322,41,4
253,35,1
677,15,5
638,5,2
439,31,1
897,24,5
541,57,3
496,27,5
222,78,5
137,88,1
764,68,5
574,12,2
263,36,1
436,78,3
464,45,2
527,81,1
581,11,3
138,60,5
431,83,4
184,42,4
480,84,4
448,34,1
133,83,2
38,71,5
369,91,4
209,66,1
739,17,3
446,65,3
98,21,4
321,14,4
999,85,2
251,74,3
788,29,4
335,88,3
134,93,1
36,43,5
754,44,4
380,17,5
512,72,3
422,22,5
317,91,4
56,16,2
520,52,2
425,92,3
84,17,1
999,29,2
514,42,4
7,79,1
943,37,3
727,37,4
690,58,3
256,90,1
581,44,4
966,18,2
323,43,2
445,98,2
11,70,5
98,95,2
548,66,1
399,22,1
676,66,2
213,88,1
645,65,4
571,63,1
335,47,1
753,44,3
133,43,2
477,53,2
646,21,2
576,2,5
836,1,5
547,3,3
540,46,4
424,93,4
299,42,2
801,77,1
828,22,5
778,95,3
164,72,2
175,2,2
754,80,3
431,77,5
443,97,1
960,22,4
450,24,5
549,63,1
941,87,2
84,9,4
246,57,1
35,9,3
311,16,3
177,28,1
149,95,4
391,51,4
847,96,2
193,67,1
121,78,2
545,3,2
484,41,1
165,5,4
701,16,3
129,40,2
953,54,4
898,57,5
909,64,5
379,66,1
346,41,5
556,86,3
95,10,3
953,100,4
512,57,2
980,35,1
77,64,1
264,20,3
658,66,5
417,37,2
975,8,5
440,1,1
9,61,2
319,25,5
742,14,5
441,15,4
385,73,3
801,38,5
824,39,5
84,58,5
387,37,2
813,37,1
783,18,4
860,8,1
109,97,1
264,11,4
953,75,3
71,92,4
2,58,1
639,25,2
517,42,4
651,89,5
433,62,1
461,99,3
561,39,1
977,86,2
772,49,4
263,64,4
77,72,2
415,26,5
205,16,4
164,33,1
667,16,4
798,9,2
394,80,1
552,96,2
360,49,5
815,1,1
174,25,4
320,15,1
794,25,3
132,72,3
264,27,5
117,10,1
668,28,5
589,97,2
124,58,3
658,31,1
713,55,4
130,1,3
568,84,1
284,49,1
181,41,5
374,30,2
418,100,3
357,99,3
977,1,1
720,96,2
305,13,5
254,9,5
701,3,2
568,37,1
197,8,1
433,62,5
335,50,1
555,88,3
691,39,2
642,71,3
881,40,5
428,87,1
286,97,1
268,72,5
370,55,2
843,23,2
43,14,4
896,82,5
935,44,3
232,74,4
602,69,4
466,57,3
711,29,3
930,10,5
682,94,2
378,93,2
472,52,3
85,95,5
582,4,3
533,46,3
209,60,3
640,13,1
814,76,2
249,46,3
46,37,1
582,22,2
183,91,3
145,9,4
489,45,5
106,78,1
840,26,3
412,38,4
531,56,1
687,28,5
843,26,3
583,22,3
457,53,5
738,98,3
96,100,5
967,44,3
9,44,5
451,79,5
847,92,4
809,44,1
720,73,3
958,64,1
293,1,2
969,70,1
775,37,1
151,87,1
471,84,5
302,64,2
774,89,2
42,63,1
144,85,4
104,85,1
575,45,4
275,96,1
855,4,1
753,72,5
324,15,3
986,76,1
885,29,5
353,17,2
275,68,4
799,54,2
329,6,3
494,23,3
328,99,5
885,30,4
905,52,4
65,64,1
524,1,1
541,100,1
817,50,4
148,92,3
126,92,5
534,81,3
260,2,2
981,86,2
463,37,3
616,36,1
290,49,3
778,38,1
971,49,2
805,64,4
297,21,2
834,23,5
821,41,2
352,49,1
679,46,1
800,20,4
961,50,1
633,63,5
529,25,5
205,10,5
339,79,3
371,74,1
356,24,2
196,32,1
821,3,1
223,90,2
516,32,1
885,80,4
653,47,4
433,30,1
759,35,4
382,68,5
750,97,1
722,64,5
125,66,4
52,80,4
336,11,3
931,46,5
576,77,5
265,74,5
515,9,5
769,56,3
233,74,4
7,44,3
187,19,2
619,64,1
786,20,1
311,52,5
719,37,4
449,42,4
472,86,4
994,12,4
753,31,1
282,78,3
874,10,2
889,11,4
697,14,5
867,65,5
396,68,5
705,5,2
976,76,4
705,43,1
567,4,4
893,60,2
792,33,2
59,57,1
306,39,3
553,95,5
981,49,5
762,50,4
406,15,3
844,63,5
191,69,4
138,90,2
93,93,3
852,65,2
593,80,2
121,61,4
70,69,4
347,69,2
714,1,4
316,62,4
948,26,1
286,55,4
401,1,3
970,96,3
590,58,4
236,21,3
618,34,3
222,6,4
255,5,3
713,39,5
90,86,3
853,82,5
782,55,1
797,36,1
86,86,1
736,99,5
152,58,5
993,44,3
800,66,2
417,23,1
265,58,3
472,32,2
12,83,4
423,83,2
150,99,4
654,61,4
64,75,4
159,34,5
789,34,2
549,10,1
384,46,2
10,54,5
532,73,1
492,6,4
708,93,4
967,92,2
662,64,3
795,28,3
325,36,5
272,84,3
165,59,2
506,64,3
193,94,4
998,22,2
285,38,1
885,6,2
660,23,5
953,73,2
476,68,3
9,11,5
841,86,1
589,61,4
62,8,2
56,61,1
446,35,5
963,86,4
980,58,1
159,73,2
933,65,3
448,33,5
468,100,1
601,5,2
43,23,3
500,66,5
406,77,1
340,23,4
816,22,4
664,55,2
376,1,5
304,1,5
123,55,5
709,54,4
487,6,2
337,71,4
18,96,4
470,38,4
13,86,4
864,51,4
891,61,2
215,89,1
282,55,3
418,90,2
4,55,4
429,86,5
826,72,4
955,36,3
868,57,1
236,62,2
183,40,5
573,27,2
85,77,3
122,96,3
913,92,2
570,98,1
968,75,3
96,3,5
675,12,2
194,48,1
830,3,1
201,64,2
637,28,5
338,96,1
543,84,3
425,58,3
882,64,2
467,100,4
332,60,2
308,74,2
108,31,5
903,59,1
968,19,4
748,99,2
236,24,5
139,87,2
812,71,1
824,15,3
439,50,1
976,52,5
309,49,3
964,37,5
261,63,2
777,2,3
516,58,1
973,93,4
271,23,2
677,30,3
213,34,1
167,51,4
366,61,5
707,97,4
443,94,4
496,84,5
199,63,3
850,83,4
574,43,2
760,64,5
25,21,5
306,26,1
6,40,5
958,54,5
99,57,5
533,66,1
713,98,2
392,83,5
111,22,5
90,85,5
369,14,2
249,85,2
473,79,4
355,100,1
278,53,2
497,68,5
551,93,4
181,15,3
89,46,3
256,36,5
177,56,5
314,95,4
632,26,2
73,32,2
758,95,4
225,54,3
276,84,2
932,55,5
921,25,3
806,61,2
272,43,2
160,80,2
125,14,4
670,27,3
466,9,2
592,78,5
484,62,5
851,100,1
54,28,1
681,62,1
60,76,5
298,7,5
117,20,4
197,44,1
351,25,2
955,14,4
634,40,1
755,65,5
462,56,2
495,75,1
676,12,2
939,1,4
480,52,5
649,68,2
279,96,4
311,29,4
101,37,5
349,83,4
528,57,3
555,93,4
858,71,2
348,87,3
239,85,3
629,20,2
75,29,3
14,32,4
780,48,4
621,17,5
399,74,1
788,70,3
27,72,4
408,15,5
210,6,4
697,18,4
766,41,4
484,71,4
155,15,5
694,26,2
364,14,5
924,34,1
175,86,3
520,5,4
243,86,3
558,94,2
763,34,5
101,72,2
526,87,4
893,20,3
697,2,1
964,43,1
665,61,5
271,60,2
75,27,5
816,27,2
115,87,3
460,18,2
705,5,4
778,70,1
859,37,4
86,3,5
714,52,2
311,15,3
385,86,4
408,19,5
440,86,5
216,62,2
388,39,3
778,54,3
385,88,2
693,64,3
39,9,1
134,64,2
247,39,1
713,89,5
662,78,2
652,66,5
767,13,1
492,12,1
167,55,2
856,30,4
333,50,5
184,51,1
576,91,3
645,70,5
586,74,2
260,40,5
342,51,1
318,24,4
48,8,3
43,32,2
491,87,5
367,63,3
550,95,4
4,13,5
788,98,2
244,58,3
816,26,3
972,5,4
843,37,5
942,90,5
261,86,2
878,62,5
456,55,3
230,26,2
289,54,3
245,60,5
28,28,3
426,23,3
673,12,2
517,69,4
135,61,4
836,9,4
88,22,1
533,79,1
977,55,3
530,1,4
717,58,2
82,17,3
135,2,4
448,43,3
606,19,4
213,66,3
413,60,3
537,93,3
934,90,1
486,12,5
709,73,1
114,41,4
211,38,5
958,80,4
780,27,4
73,40,5
889,55,2
899,64,3
91,78,2
53,97,4
654,51,1
277,73,1
111,74,1
533,98,3
446,64,3
261,29,1
831,85,1
519,13,3
158,37,2
427,56,1
771,59,2
374,5,3
700,14,2
781,12,5
505,57,4
125,83,2
290,82,1
434,37,1
72,52,2
1,40,4
782,98,1
785,82,3
122,97,2
196,53,4
469,26,2
219,19,4
220,10,1
415,22,5
982,61,1
21,91,3
892,91,5
7,67,5
250,26,5
193,3,1
864,46,4
189,77,2
403,52,2
711,61,4
826,38,2
692,76,5
385,94,4
684,71,4
927,33,3
9,8,1
870,84,1
695,2,3
317,69,1
283,43,1
673,59,5
267,26,2
823,80,2
377,11,3
537,88,5
835,2,2
439,78,3
457,61,2
107,21,3
885,52,4
808,63,3
808,37,1
265,18,4
173,94,2
960,86,5
68,37,5
277,70,3
385,5,5
270,29,2
423,94,5
897,70,5
222,19,1
441,55,1
802,76,5
852,62,5
821,44,1
833,38,3
623,85,3
55,37,4
971,55,4
862,1,1
87,20,4
170,45,1
108,97,3
273,93,3
261,67,3
287,71,5
92,85,5
376,41,2
806,49,1
511,63,1
191,52,3
388,69,2
822,38,3
520,19,3
945,10,3
917,32,2
458,54,4
635,50,5
224,79,1
306,78,1
19,94,5
800,26,5
426,90,1
833,6,5
899,99,3
754,85,2
893,38,3
807,67,2
606,87,4
533,13,2
56,9,2
240,89,1
116,45,5
949,4,3
606,21,5
124,94,5
200,63,2
650,12,5
83,78,2
443,41,5
894,8,2
932,15,5
854,57,1
863,63,5
444,28,2
141,34,1
451,49,3
522,7,2
491,79,2
203,75,5
646,51,3
112,14,1
88,59,1
651,1,2
191,3,4
53,46,4
993,63,5
167,93,4
660,4,1
816,32,3
503,21,4
277,17,4
961,91,4
28,36,4
995,71,3
938,21,4
899,19,5
731,76,1
57,3,2
428,64,1
321,33,2
951,75,3
170,88,5
134,61,2
781,36,3
618,19,5
145,74,3
677,72,5
322,88,1
976,61,2
674,84,1
149,42,4
839,33,3
607,56,1
298,47,1
846,76,2
814,56,3
670,66,2
367,81,2
286,66,3
939,48,1
715,69,4
655,25,3
617,100,4
616,86,1
699,15,2
866,91,5
730,35,2
792,20,4
581,9,5
34,47,4
783,68,1
738,53,4
536,13,3
803,53,5
456,23,1
59,35,4
942,35,2
818,28,3
908,75,4
193,20,1
327,99,5
648,44,2
663,51,1
935,23,3
250,38,3
788,84,5
287,16,5
916,39,2
573,78,2
448,82,1
903,58,3
357,22,2
569,87,3
571,39,5
819,15,1
119,78,5
691,72,4
436,66,1
830,11,5
16,37,3
225,28,2
989,20,1
347,16,1
334,15,5
91,53,4
857,76,1
154,54,3
609,75,1
19,62,2
247,1,4
287,90,3
396,58,3
895,43,2
81,93,1
316,60,3
627,66,1
508,44,1
719,44,1
938,11,2
217,58,4
494,92,3
595,75,5
889,25,3
731,9,1
719,87,4
423,68,5
510,93,3
724,60,5
995,44,2
302,63,2
104,27,5
547,96,1
962,91,2
817,9,5
435,24,2
598,39,2
811,95,4
23,61,3
280,68,3
671,21,2
741,69,4
724,93,5
870,48,5
681,63,1
577,77,4
614,72,2
561,73,2
906,21,5
534,25,1
180,84,1
768,10,1
997,47,1
329,76,3
997,13,4
966,72,2
187,71,5
261,11,1
433,72,1
686,70,3
2,69,5
610,3,3
759,77,5
84,49,2
79,34,5
775,29,2
380,44,4
2,6,4
379,7,5
261,42,2
20,14,4
834,91,5
360,76,5
571,79,1
476,21,2
781,62,4
90,46,2
593,31,5
717,29,1
634,27,3
63,36,5
356,12,1
807,4,2
15,49,2
991,62,2
108,95,5
554,70,5
349,99,2
820,43,1
156,4,3
448,35,5
636,87,3
828,63,4
425,88,5
779,37,2
221,28,2
559,23,1
295,81,1
60,38,4
316,10,2
998,37,2
541,75,2
729,100,3
816,82,2
669,96,4
56,27,3
789,73,1
204,45,5
918,49,3
208,63,4
939,59,1
298,83,4
306,29,4
829,78,5
203,81,1
435,24,1
899,43,1
37,75,4
409,46,3
627,83,4
366,94,2
748,87,3
619,47,2
998,84,3
348,40,1
832,16,3
473,81,3
409,5,2
953,58,3
807,99,3
651,92,5
879,72,3
495,48,2
446,77,3
404,84,4
828,78,2
958,34,4
486,86,5
830,15,5
35,20,1
174,80,4
975,24,3
235,70,1
912,10,1
475,90,1
833,17,3
816,22,1
686,83,2
296,39,4
694,97,2
21,22,2
355,83,3
739,89,5
563,49,1
37,2,5
520,77,1
285,98,5
85,30,3
253,97,5
888,77,3
870,4,4
1000,26,1
1,90,1
218,29,4
573,83,4
920,66,2
714,56,3
644,74,4
130,43,1
670,70,1
307,52,1
370,33,3
211,24,3
688,60,5
986,48,1
897,19,2
303,70,2
36,21,2
73,80,5
555,80,4
334,40,1
570,80,3
497,55,1
694,74,2
375,47,1
231,8,2
98,24,2
630,68,2
261,7,5
132,3,3
541,66,4
733,44,5
992,7,2
471,28,4
929,52,1
939,13,4
304,33,5
371,27,5
339,78,4
163,40,2
673,48,1
304,7,1
416,95,2
830,93,1
689,29,2
825,75,4
432,38,5
938,25,2
893,61,2
813,81,2
207,36,2
231,46,4
171,93,2
902,47,2
79,58,4
140,36,3
317,99,1
358,93,3
638,3,3
307,25,5
481,34,3
81,69,3
529,85,5
724,65,1
487,12,1
446,44,1
698,66,2
821,50,3
701,5,4
700,29,4
62,21,2
204,47,2
127,58,4
738,66,2
14,45,2
634,8,1
554,11,3
706,78,1
955,50,4
39,35,2
263,48,5
221,36,5
347,59,5
86,71,5
34,49,2
362,35,1
895,34,3
820,23,3
509,30,4
411,87,2
851,62,5
518,79,2
104,28,3
536,20,1
44,38,2
167,75,4
31,69,5
378,21,1
252,19,3
661,38,1
358,35,4
403,83,3
764,66,1
968,42,5
163,17,2
815,73,3
545,43,4
603,46,2
124,86,5
53,24,2
704,82,5
433,93,3
745,62,2
383,64,3
702,56,1
947,65,2
764,67,4
202,77,1
550,24,5
634,94,1
108,31,5
51,74,3
132,75,2
855,55,5
187,2,4
284,71,3
26,5,1
679,85,3
47,73,2
939,25,4
6,61,2
679,73,5
445,39,1
409,89,2
225,16,2
686,8,4
218,49,4
719,14,4
291,15,2
656,70,2
602,89,4
222,95,1
497,67,5
959,21,5
789,4,4
423,71,2
661,7,1
960,68,3
260,35,3
162,35,3
271,70,1
460,94,2
73,49,4
535,18,3
157,61,3
601,15,3
262,57,3
934,81,5
31,52,3
569,90,2
14,86,2
606,10,1
205,12,2
15,44,3
336,47,2
929,83,4
188,97,2
696,24,3
233,3,5
571,93,2
595,4,2
217,18,4
380,55,1
749,84,4
760,52,1
982,24,2
396,76,2
429,14,2
341,79,5
927,82,3
508,77,3
589,48,4
751,86,4
231,33,5
407,9,1
105,73,5
192,45,4
646,98,2
743,49,1
654,31,3
95,10,1
772,20,1
334,95,3
462,69,3
834,83,5
511,47,4
521,3,3
853,88,4
569,20,4
727,98,1
759,2,4
280,96,1
529,33,4
48,8,1
462,64,5
795,38,1
937,37,4
75,85,3
349,85,5
131,25,2
594,62,5
504,54,5
676,16,2
609,55,2
830,44,4
225,47,1
812,3,5
246,25,3
607,29,2
408,43,1
732,74,4
601,39,3
927,45,5
304,67,4
764,75,4
575,71,5
265,83,5
470,15,2
907,10,1
847,46,2
164,26,2
981,90,1
750,37,5
558,95,4
497,54,2
964,35,2
522,85,4
994,31,5
37,98,1
820,57,2
312,83,4
698,95,3
31,69,5
490,94,2
330,35,4
163,46,5
847,62,4
709,61,1
359,84,3
59,2,2
867,15,5
199,29,3
412,70,4
661,96,4
929,12,2
419,16,5
557,92,5
54,51,1
589,5,3
910,36,5
425,29,4
786,45,2
70,61,4
754,90,3
678,30,2
952,7,5
75,48,2
680,43,3
279,85,2
24,78,5
886,40,1
146,84,5
534,96,2
205,94,2
975,53,1
653,18,1
988,80,2
136,65,2
696,54,4
794,83,5
951,93,5
560,37,3
435,9,3
977,90,2
56,79,1
310,52,4
85,30,3
765,99,2
131,82,5
690,50,3
910,49,1
58,5,1
714,88,5
329,22,2
253,49,2
270,49,4
623,53,2
267,100,5
234,2,3
155,92,1
775,25,1
765,71,1
735,57,3
627,22,5
322,19,2
109,72,4
351,91,5
667,93,5
612,29,2
782,69,2
396,39,5
447,2,2
205,59,4
353,53,4
885,80,2
605,36,1
343,41,5
837,31,1
174,69,5
668,81,5
74,31,5
251,64,2
996,67,5
784,45,2
853,23,5
623,67,1
748,60,3
822,58,2
574,84,4
369,11,1
896,72,5
647,28,3
1,69,1
419,83,3
844,67,5
352,3,4
44,89,4
94,65,3
284,51,4
342,86,5
749,28,2
484,93,1
679,74,4
951,68,4
8,46,5
718,52,3
863,82,2
861,54,1
332,39,1
82,1,4
485,14,1
510,68,2
565,71,5
16,69,3
422,84,3
974,84,3
462,69,2
395,2,5
862,33,2
435,51,3
383,31,1
815,75,4
106,68,1
272,9,2
336,62,3
535,91,1
161,56,4
803,100,5
392,38,1
111,55,3
160,9,5
846,38,3
881,74,5
295,58,2
979,65,4
850,75,1
681,48,4
921,19,4
711,29,3
386,3,2
166,69,1
172,2,1
230,56,5
731,96,1
573,93,5
241,39,3
865,90,1
433,54,3
731,3,4
80,34,2
450,22,2
854,93,2
995,33,1
401,93,3
968,99,4
470,64,3
238,64,5
561,71,1
926,3,5
811,43,4
110,54,1
475,57,4
161,53,3
39,6,1
174,62,3
482,86,3
304,90,5
580,56,3
436,72,2
469,77,3
435,20,2
200,47,4
616,69,1
424,11,4
600,79,5
969,75,4
254,84,3
978,99,3
573,90,3
295,40,1
944,26,4
874,56,5
925,98,2
909,88,5
438,40,2
504,75,3
598,68,4
853,69,1
654,96,5
651,55,5
596,50,3
549,31,1
621,65,3
855,42,3
475,64,3
958,34,3
440,32,3
693,37,2
665,75,4
388,55,4
509,30,3
708,71,1
321,21,4
818,92,4
376,75,5
141,83,3
865,5,1
297,4,2
761,88,4
528,71,4
359,94,5
890,68,3
994,96,2
683,92,1
162,86,1
518,60,1
587,26,4
398,27,5
164,1,4
635,34,5
874,6,5
648,67,2
631,42,2
800,7,2
923,14,3
548,92,5
287,50,5
758,30,5
318,39,5
159,10,4
32,84,2
395,68,4
982,49,4
157,10,1
77,79,5
509,49,2
685,14,4
96,97,5
156,59,4
396,21,2
177,19,3
375,69,5
493,80,5
210,24,5
767,90,1
535,99,5
938,58,5
46,78,4
610,70,4
992,21,3
462,96,3
327,10,1
73,50,5
722,51,2
980,45,3
182,90,1
112,97,5
239,37,1
493,88,4
987,76,4
783,71,5
857,61,4
346,24,1
280,9,3
34,39,5
345,27,1
474,11,2
938,96,4
822,5,2
554,49,1
345,70,3
580,72,4
422,55,3
328,35,3
552,83,2
616,28,4
80,39,2
265,1,3
741,69,1
167,85,3
13,89,3
14,41,5
432,46,1
266,7,4
574,29,3
200,100,4
806,74,2
557,17,1
590,12,2
427,22,3
952,34,1
277,44,3
231,12,2
232,19,1
636,72,2
692,33,3
777,66,4
678,41,2
944,19,4
164,32,1
835,86,3
847,13,1
839,7,2
811,77,4
72,54,2
347,76,1
148,56,5
245,59,2
873,54,1
51,79,3
807,52,3
700,12,1
7,8,2
154,32,3
406,25,1
24,85,5
67,1,3
287,38,5
328,1,3
668,38,5
586,32,1
547,49,1
593,83,5
835,86,1
304,39,5
121,51,2
399,43,3
488,35,1
333,17,2
854,79,3
401,2,3
426,58,4
784,42,5
749,95,4
72,72,5
912,98,3
25,49,3
35,55,5
113,22,5
103,95,2
533,30,4
204,26,3
468,81,4
588,11,1
554,60,2
601,96,2
697,95,4
808,85,4
558,92,2
16,42,4
466,69,4
475,33,4
137,91,2
986,41,1
515,79,2
889,2,3
289,68,3
359,84,5
989,50,5
792,86,5
993,69,2
234,9,3
19,20,2
569,14,4
751,20,3
372,87,4
771,42,5
368,72,4
938,35,4
42,88,2
121,20,1
707,75,2
817,100,1
945,48,2
911,3,4
447,69,4
222,56,2
299,98,1
519,28,2
865,58,2
425,93,2
492,45,5
132,4,4
417,24,2
715,18,1
917,68,1
534,1,5
926,2,5
275,78,3
472,76,1
446,53,2
311,39,1
530,86,3
360,38,2
241,1,5
56,31,3
953,72,2
213,34,4
897,21,3
472,79,2
473,34,2
30,89,2
189,24,4
250,93,4
774,88,4
992,67,1
841,85,5
255,40,2
294,31,5
808,18,4
675,93,3
276,55,2
486,70,1
162,48,1
611,77,2
979,88,1
28,24,5
656,29,5
935,100,1
521,11,2
439,17,3
973,78,5
540,47,5
506,81,3
3,33,5
225,11,5
952,23,3
388,29,3
250,33,5
819,23,2
77,6,2
546,45,4
226,34,3
399,42,3
511,36,5
498,94,1
161,5,4
399,95,2
611,75,4
159,47,2
683,61,4
109,37,4
687,86,2
759,72,1
842,19,5
628,21,5
738,76,4
524,63,2
943,75,3
667,90,2
840,21,4
617,3,2
693,96,5
37,20,4
456,37,1
449,23,1
155,74,4
831,6,2
567,39,3
63,66,1
644,5,4
259,43,3
446,9,3
524,79,4
871,47,5
740,51,3
538,23,1
596,6,4
432,29,2
858,97,1
321,42,2
385,14,2
48,95,2
486,59,5
51,24,2
333,65,4
810,17,3
353,77,3
90,83,4
352,67,3
971,46,3
585,87,3
672,62,1
819,13,3
396,89,1
32,17,5
987,12,3
695,79,5
782,66,5
335,2,5
432,68,2
922,45,4
425,10,1
538,28,3
952,82,1
179,5,3
435,85,3
778,20,1
336,71,3
850,23,4
812,80,1
215,65,3
43,88,3
609,63,1
816,71,1
923,61,4
508,65,2
869,57,5
167,95,3
796,24,3
959,27,1
300,49,2
947,82,5
804,36,2
717,49,2
6,99,2
585,51,4
74,83,1
123,94,1
424,62,5
843,24,5
372,14,5
135,82,2
155,95,4
825,97,5
942,34,3
517,88,5
875,11,3
95,93,2
818,23,2
142,2,2
456,44,3
259,89,2
437,66,2
938,18,1
188,33,2
765,96,2
699,52,3
627,17,3
219,34,5
992,64,1
458,84,5
584,28,1
562,53,4
788,97,1
358,41,2
963,95,4
406,12,2
936,25,5
827,76,1
837,39,5
709,22,3
840,53,5
788,35,1
377,44,2
235,82,2
655,37,1
390,61,1
438,88,5
753,68,2
215,70,3
659,12,1
720,76,1
963,18,4
94,53,1
854,90,1
425,39,1
623,8,2
116,99,5
915,57,2
779,2,4
713,64,3
40,52,5
226,94,5
262,1,3
369,55,3
575,68,5
629,97,4
429,73,5
529,27,5
491,97,3
186,66,2
166,17,2
920,91,1
678,80,4
978,79,2
738,48,5
555,17,2
197,67,4
735,79,4
807,28,1
730,79,5
527,14,1
799,95,1
676,97,3
915,9,5
621,10,5
197,86,5
864,97,5
311,100,4
599,14,2
154,51,3
739,3,5
484,79,1
626,82,5
227,17,3
693,89,1
956,71,2
894,19,4
433,97,1
133,31,2
638,71,2
420,99,2
558,21,2
209,80,4
906,94,5
852,90,1
945,42,2
78,64,5
111,60,1
639,34,4
550,36,5
781,93,2
332,10,1
501,90,1
720,73,1
133,66,5
105,98,3
959,86,1
868,13,2
162,44,5
508,12,1
360,26,4
581,32,4
797,54,4
826,72,5
56,33,4
288,44,2
499,35,2
176,46,3
424,68,1
835,62,3
397,34,3
434,17,4
975,22,2
538,99,2
443,70,1
800,13,1
393,53,2
829,35,2
632,71,2
656,44,4
194,91,5
405,68,1
718,66,2
231,28,4
682,41,1
148,72,2
379,93,1
566,87,4
846,38,4
414,41,4
762,80,1
571,59,4
121,71,5
26,23,4
405,100,1
112,30,3
730,31,2
259,68,5
808,43,3
496,14,5
674,58,5
756,100,5
552,65,3
618,82,3
713,23,1
748,20,1
350,8,1
541,51,1
29,41,4
709,16,3
598,80,3
935,42,1
908,65,1
479,87,4
326,45,2
339,87,1
17,70,1
708,73,5
898,14,4
816,24,4
919,47,5
820,15,2
112,20,4
716,62,3
273,83,4
366,73,1
128,58,5
347,38,1
945,8,4
147,48,4
177,49,4
862,62,1
329,22,4
640,21,4
776,26,3
20,51,2
22,25,4
714,17,3
77,11,2
684,84,2
281,50,2
375,74,5
243,86,2
295,70,1
119,15,4
251,24,5
294,79,3
263,72,1
763,69,2
435,84,1
799,50,2
666,99,4
315,53,4
462,39,4
659,100,4
978,29,2
890,46,5
118,68,1
262,54,2
213,32,4
240,3,2
19,65,2
442,12,4
946,91,5
337,59,2
448,39,5
46,99,5
932,74,2
402,18,1
419,49,1
586,86,4
826,23,1
800,69,3
628,52,4
258,81,4
491,20,5
582,85,5
536,84,3
187,54,2
725,57,1
127,78,2
159,70,3
380,18,3
902,60,5
544,2,5
152,32,1
726,96,4
865,79,4
323,49,4
832,64,2
689,27,4
324,89,1
147,47,4
404,48,5
252,85,1
684,69,4
688,29,2
367,1,5
693,59,3
328,30,5
589,36,1
206,94,3
121,94,4
798,23,2
544,40,1
844,58,1
115,16,3
670,90,3
801,92,3
611,3,4
278,85,1
80,60,3
882,3,1
905,78,2
685,59,1
65,16,3
217,55,1
60,79,1
157,17,5
515,85,1
679,9,2
112,49,5
696,63,2
88,29,2
6,24,4
196,61,1
673,19,4
667,26,3
524,34,1
179,15,1
677,34,5
324,99,4
883,7,1
778,83,3
150,86,4
720,31,3
790,95,3
840,74,4
281,54,3
840,59,5
798,3,5
701,4,3
444,52,3
415,38,1
602,1,4
380,46,5
457,41,4
218,23,1
639,46,2
937,35,5
388,32,1
719,80,3
258,85,2
822,2,4
931,49,5
762,5,1
562,57,3
752,65,5
757,50,1
135,91,1
125,20,4
247,47,5
431,53,5
210,74,3
169,19,4
207,86,2
259,78,4
892,30,4
719,27,1
78,65,4
548,66,4
193,12,5
317,49,2
653,69,1
203,34,1
189,37,2
966,64,1
426,5,5
485,18,2
575,47,4
181,21,5
665,14,3
7,45,1
808,49,5
868,1,3
791,88,3
285,66,3
72,94,4
313,66,1
505,91,4
348,38,4
418,57,5
556,75,3
771,15,5
58,88,1
490,91,5
787,42,2
526,20,3
97,11,2
79,19,4
836,59,1
146,26,3
925,94,1
557,35,5
173,57,3
957,14,2
352,84,4
54,32,3
847,88,1
599,15,5
658,58,2
62,73,5
828,11,5
692,30,5
79,96,3
94,19,3
710,84,5
800,56,2
458,76,3
98,12,5
210,59,5
921,45,4
294,11,5
982,80,5
114,13,5
778,78,4
808,76,1
96,14,1
154,83,3
736,36,3
497,44,2
110,52,1
193,94,4
604,55,2
757,28,3
848,60,1
91,91,3
486,69,1
597,37,2
180,39,3
121,11,2
20,100,5
255,23,2
920,37,3
246,95,1
882,86,3
322,95,5
522,86,3
64,14,1
653,84,5
811,45,5
575,100,5
487,11,4
225,86,5
729,42,1
254,17,3
7,17,5
846,32,5
430,61,4
167,27,3
157,94,4
550,82,1
714,59,3
473,95,3
464,39,2
455,14,2
831,91,1
361,26,4
386,31,1
391,17,4
325,88,2
270,32,4
257,89,4
213,88,1
516,43,1
652,66,1
108,34,2
147,33,3
99,17,1
923,40,2
933,43,3
3,48,2
557,58,3
363,54,5
830,53,1
883,47,1
855,29,1
176,37,5
468,97,5
230,99,2
224,85,4
826,43,2
646,98,2
181,85,2
930,58,2
820,79,4
826,20,1
929,44,3
366,19,1
908,63,4
973,28,2
593,94,2
36,76,4
456,30,1
868,83,1
936,67,5
227,6,1
95,13,5
729,31,4
124,33,3
1000,43,1
869,20,4
74,56,4
738,27,2
339,67,5
425,58,3
245,95,1
967,85,2
523,26,1
928,43,5
995,89,3
28,20,2
546,93,5
499,57,2
563,52,4
725,5,4
855,100,5
281,12,4
144,57,4
14,68,4
48,83,2
204,40,5
212,84,5
733,90,5
494,61,4
100,12,1
319,4,2
489,31,3
408,79,2
732,88,2
526,37,2
443,19,4
544,31,5
850,51,5
356,73,3
490,69,5
97,63,4
494,64,5
230,46,2
375,24,5
391,20,3
543,1,2
403,26,4
263,28,2
437,50,4
599,40,3
681,11,2
857,61,5
248,29,1
457,28,3
343,20,5
407,48,2
786,61,1
293,50,1
922,1,1
142,82,4
32,20,4
868,98,2
88,98,3
905,22,3
208,61,5
639,33,3
274,83,1
728,14,1
256,14,3
140,95,1
69,69,4
665,37,5
53,91,2
937,95,4
658,10,3
985,58,4
517,72,4
24,48,3
249,50,3
601,25,4
582,29,2
314,68,1
415,33,4
204,4,4
373,20,2
528,38,3
925,36,2
90,18,4
157,75,3
39,89,1
224,88,5
701,82,4
79,6,5
943,85,4
505,28,1
59,35,4
75,55,2
974,14,3
680,64,3
139,35,2
938,95,3
893,29,2
298,56,1
71,13,1
651,4,4
638,83,1
270,9,4
43,88,4
207,86,3
173,93,1
267,94,1
340,29,1
681,60,5
765,19,3
667,14,5
122,77,4
201,30,3
266,94,5
675,89,3
271,76,3
21,1,3
930,95,5
861,52,1
272,12,2
663,25,4
55,5,4
858,44,4
922,71,5
442,84,1
11,27,4
719,15,5
330,98,1
405,43,5
669,5,5
506,13,1
866,49,4
984,26,5
436,78,4
123,46,3
936,72,5
673,49,4
139,83,5
370,62,2
489,76,4
647,13,1
90,11,2
840,50,5
466,35,1
600,63,2
97,24,1
330,60,3
792,93,4
194,79,4
82,59,5
958,52,3
248,71,2
348,25,5
710,78,1
111,97,1
979,75,2
518,7,2
4,35,1
1,7,3
877,53,3
979,53,5
12,74,3
355,84,4
879,90,1
711,77,4
504,76,4
316,72,5
641,47,2
853,84,1
665,19,4
909,60,4
398,39,4
307,2,2
594,88,4
966,59,2
307,65,4
930,61,5
396,15,5
986,31,4
954,56,4
502,2,5
267,83,2
655,8,5
280,93,3
581,60,5
668,22,5
932,2,4
50,78,5
951,22,4
466,65,1
688,99,3
296,21,3
483,41,2
575,6,1
647,88,2
624,48,3
89,83,5
725,69,1
995,21,5
278,33,5
780,34,1
729,1,2
840,34,2
837,53,2
348,91,2
228,96,4
273,43,3
392,6,4
374,39,1
769,6,5
421,72,2
401,40,2
696,62,4
898,52,3
349,49,5
682,93,5
718,26,2
709,48,2
372,20,2
597,16,5
905,30,5
932,93,3
897,80,1
125,48,5
856,40,2
743,83,1
180,54,4
443,39,5
584,42,5
35,42,1
730,34,3
862,99,2
568,43,5
644,9,1
917,48,2
319,60,3
339,33,4
294,7,4
102,51,2
602,80,5
689,72,4
632,17,5
606,35,3
359,10,1
336,8,3
797,83,5
983,63,1
296,72,1
366,60,2
319,35,1
480,73,2
797,18,4
255,67,2
913,42,5
337,69,4
593,31,5
940,82,3
227,51,3
860,87,1
325,30,5
663,79,2
286,61,3
136,10,3
964,12,5
200,60,2
603,46,1
479,48,2
934,63,5
865,46,5
110,3,1
308,15,4
511,79,5
311,34,4
449,52,2
856,25,3
406,21,4
528,65,5
658,12,3
190,46,5
352,56,5
78,87,5
366,68,1
730,82,3
215,55,4
406,95,3
748,25,5
413,1,1
522,58,3
335,100,1
703,80,2
157,5,2
67,41,2
462,91,4
76,58,3
311,35,1
615,8,4
27,40,2
568,24,3
822,98,1
632,69,4
939,68,1
45,61,5
892,11,3
616,84,2
435,80,2
434,55,1
176,85,1
437,96,1
487,11,1
97,86,1
828,27,3
442,41,5
390,81,2
197,63,5
329,25,2
510,2,5
8,71,4
757,61,5
458,39,5
394,70,5
720,16,1
427,67,2
490,63,5
720,29,2
83,65,2
236,88,4
16,56,2
198,16,1
664,68,5
24,37,4
743,38,2
564,6,1
599,59,1
145,14,2
9,77,4
171,51,1
758,3,1
581,85,4
238,77,1
3,17,2
556,79,2
91,27,3
994,28,4
764,69,4
187,14,4
370,25,3
607,47,3
589,30,3
872,49,2
356,8,1
960,36,5
277,11,3
829,74,4
836,49,5
50,45,4
671,47,5
599,45,4
320,65,5
454,19,3
892,63,4
88,35,3
834,9,1
355,89,1
744,83,5
882,56,3
694,33,4
763,59,4
208,84,1
500,97,4
42,75,3
127,73,4
803,90,5
642,38,2
744,7,5
424,63,1
363,60,4
677,3,3
227,60,2
653,52,3
681,65,5
564,8,3
187,83,3
975,13,3
672,59,1
955,64,1
319,88,3
869,43,2
366,63,5
578,75,2
85,22,1
887,1,1
443,76,4
545,55,5
798,2,1
635,12,3
238,75,2
455,23,4
125,77,3
733,58,2
332,19,5
697,16,4
246,51,4
342,50,1
401,57,1
797,75,2
218,46,5
850,53,5
882,35,1
669,87,2
789,77,1
810,62,5
204,77,3
664,59,5
995,53,3
589,73,5
300,74,1
868,89,1
56,49,4
309,65,3
226,25,4
265,90,4
386,3,1
98,91,1
451,5,2
162,77,2
533,42,2
302,41,4
672,2,5
670,80,4
491,16,2
227,37,2
245,93,4
157,29,4
288,35,4
178,74,3
94,29,3
509,52,4
957,44,5
876,65,5
635,57,1
843,60,5
169,32,4
851,26,4
295,40,2
264,32,4
46,13,3
168,19,1
107,14,4
295,57,3
911,94,2
301,25,1
394,65,3
932,24,1
205,37,3
667,8,5
807,96,1
392,56,5
262,45,1
528,90,3
658,89,1
646,50,3
613,45,2
567,77,1
879,20,1
72,40,2
310,39,4
165,31,3
939,46,3
653,16,4
465,57,2
607,24,3
885,75,2
525,29,5
446,51,4
523,1,3
9,45,1
333,90,5
528,86,1
755,56,1
326,86,3
284,54,1
848,25,5
57,40,5
141,88,5
157,86,4
691,88,5
958,54,4
486,61,2
38,86,3
256,49,4
477,93,2
212,69,5
545,29,1
526,28,1
725,85,1
72,72,4
93,80,1
181,80,4
853,4,2
360,30,3
422,36,4
11,36,2
628,87,5
860,68,1
103,17,3
188,51,1
678,32,2
936,1,4
13,21,2
243,98,4
598,77,5
715,58,2
246,87,2
616,72,5
648,65,5
629,92,3
557,18,1
163,22,2
177,16,4
696,2,5
57,99,2
347,6,2
842,54,5
835,56,4
356,99,5
568,48,4
376,85,5
154,32,1
655,6,2
598,10,4
948,81,3
166,30,5
340,42,2
88,3,4
832,63,2
162,15,1
717,21,5
816,41,1
547,57,5
758,77,5
356,77,5
578,7,2
799,93,2
548,38,3
531,4,2
953,16,4
437,77,5
572,66,5
685,95,3
374,100,3
652,20,3
375,57,5
710,58,2
948,34,2
832,23,4
201,44,3
536,86,3
830,72,2
313,19,4
818,17,2
709,39,3
472,48,4
398,59,2
733,10,2
110,69,4
131,99,5
407,62,3
741,96,3
288,68,2
481,91,1
862,92,2
714,55,2
110,52,3
513,57,5
418,65,1
210,68,1
175,19,4
291,42,5
311,22,1
151,34,4
283,31,5
233,44,5
234,68,2
16,58,3
352,56,5
493,63,3
415,83,3
968,28,3
395,95,5
750,81,2
932,67,5
151,15,4
991,74,1
239,65,4
378,34,4
972,94,3
980,65,4
610,27,4
485,62,1
966,7,4
169,78,5
287,36,4
439,62,2
291,63,3
907,17,3
533,33,5
905,11,2
775,33,3
148,38,4
983,67,2
196,51,1
499,100,1
109,24,1
479,49,4
48,2,1
410,67,4
849,16,3
867,100,3
51,61,4
875,43,5
164,69,5
388,4,1
167,94,4
228,36,1
158,31,1
503,17,3
63,52,2
883,51,5
109,53,5
29,3,1
21,86,3
818,8,5
958,8,1
627,89,5
750,42,3
69,21,3
743,89,2
778,80,1
664,65,2
340,57,1
209,33,3
749,17,4
83,56,5
583,49,3
474,8,2
966,67,4
569,47,5
47,11,5
463,63,3
498,99,4
897,40,5
573,40,5
645,30,2
770,30,4
620,1,5
89,99,5
630,10,2
358,79,2
804,44,4
593,70,3
50,50,5
509,39,2
271,5,1
673,92,4
968,2,1
242,4,4
981,90,1
38,7,5
493,98,5
934,40,5
36,77,4
577,82,5
167,44,4
645,62,5
283,85,1
731,45,1
641,99,4
419,88,2
20,49,1
690,48,3
111,43,5
140,33,5
738,44,3
600,85,2
666,26,2
811,80,5
355,29,2
829,89,5
448,61,3
144,16,2
477,1,1
935,47,4
796,61,5
587,24,4
825,81,2
601,17,1
123,88,4
421,16,3
277,100,3
830,24,3
312,96,4
578,6,4
54,26,2
567,100,1
300,28,3
368,27,4
555,24,1
349,88,1
113,75,5
355,8,5
748,100,3
697,46,3
458,24,3
783,96,3
910,97,2
185,15,3
465,100,1
307,91,1
502,3,5
586,4,1
593,17,4
37,45,3
94,94,2
737,5,2
260,27,2
358,68,1
313,40,1
645,79,5
664,87,5
551,91,4
771,35,4
931,11,5
652,79,1
882,47,2
141,19,4
510,13,5
568,92,2
301,35,3
472,11,3
278,41,2
876,69,1
57,44,5
630,40,1
923,44,2
223,11,1
499,52,1
316,100,5
828,54,5
512,38,4
1000,31,5
460,78,3
573,34,5
396,76,5
932,96,4
62,30,3
880,27,2
220,60,5
949,88,3
494,77,2
931,73,5
460,37,5
340,20,2
174,35,2
848,87,5
193,50,1
16,62,1
783,44,5
351,47,4
349,2,1
235,6,5
22,20,5
211,54,1
921,95,3
557,60,4
378,34,5
519,13,4
838,90,1
50,33,4
358,41,5
410,44,4
140,3,3
493,14,2
495,9,1
277,23,3
341,9,4
570,30,5
179,84,4
595,66,4
929,46,1
919,57,4
44,4,5
173,86,4
916,42,4
237,2,2
627,33,5
146,82,1
609,29,1
746,10,4
344,72,1
71,53,4
405,93,1
473,24,3
351,41,4
888,70,1
606,33,4
929,71,1
320,41,3
516,12,4
325,94,2
980,2,1
410,83,4
459,69,1
712,72,4
735,32,5
319,55,4
282,93,1
327,53,4
26,41,4
104,20,3
548,70,2
896,31,4
394,33,2
520,71,4
396,13,5
696,96,1
545,10,1
489,81,5
866,94,1
666,85,4
428,90,2
900,67,1
258,26,2
205,13,3
627,86,5
955,94,1
133,25,2
836,37,2
343,78,3
770,64,5
580,65,2
633,68,2
738,70,2
972,70,4
702,54,5
792,76,3
352,97,5
893,16,3
642,36,5
654,11,5
784,25,4
22,97,5
339,6,2
16,9,4
317,91,3
570,41,3
755,5,3
929,77,5
928,75,4
32,68,5
827,73,1
741,90,4
565,54,5
973,49,2
383,46,4
15,4,1
274,4,1
44,33,4
933,63,5
528,95,3
922,43,3
811,5,2
709,69,5
993,66,1
499,32,3
770,77,5
953,11,1
44,83,2
972,71,2
22,4,1
614,40,3
285,92,5
233,41,2
130,67,2
578,47,4
967,74,5
714,92,1
104,84,5
594,69,5
619,80,1
356,82,2
612,31,5
505,65,2
192,12,2
449,8,1
834,56,3
570,85,2
655,70,5
475,60,5
401,6,4
746,91,1
677,57,4
708,67,2
88,55,1
826,41,5
312,2,4
875,81,1
431,10,4
636,12,2
180,8,3
642,68,1
858,45,3
972,89,2
261,36,5
119,78,1
951,33,1
851,14,2
698,25,1
236,25,3
801,42,3
295,29,3
507,25,2
384,70,5
650,14,2
760,61,1
164,9,5
74,37,3
213,88,4
149,63,1
428,1,3
678,73,1
634,11,1
656,46,4
640,16,1
255,88,1
140,34,1
671,90,2
610,18,3
687,53,4
339,7,5
931,53,3
235,8,1
900,37,3
548,5,1
690,56,1
790,22,4
502,59,3
719,41,2
173,66,1
956,6,2
477,38,1
254,51,3
689,58,1
870,86,5
84,51,3
372,90,5
96,13,4
972,42,5
705,46,3
160,55,2
144,76,1
84,36,3
591,92,5
707,88,3
438,80,4
332,27,2
519,84,5
186,76,1
112,21,3
635,62,2
471,37,4
688,80,4
912,82,4
898,68,2
195,88,1
862,9,1
311,68,1
937,25,1
389,77,2
381,60,5
387,57,3
939,69,2
448,81,4
960,70,4
877,11,3
941,65,2
334,89,3
685,88,2
240,92,5
444,58,4
213,2,3
728,3,2
410,10,5
980,48,1
4,84,2
159,94,1
198,96,1
743,37,4
498,18,5
56,36,2
709,20,4
743,89,1
668,86,2
123,70,5
350,18,3
116,46,2
667,49,4
165,59,2
587,99,2
733,50,4
969,12,5
956,13,4
861,22,4
676,66,5
361,48,3
924,100,5
3,20,2
449,55,1
860,18,5
196,64,5
325,19,3
751,41,2
209,14,2
737,19,4
427,21,3
169,11,1
738,93,1
753,14,1
734,38,1
596,6,5
906,22,5
651,80,1
431,10,2
104,59,3
243,30,2
201,33,2
786,1,1
272,76,5
936,56,5
865,45,5
909,11,1
709,99,1
756,72,3
803,15,3
347,27,3
748,84,4
922,51,3
632,80,3
208,96,4
935,31,3
570,29,1
15,78,4
674,39,3
849,27,5
118,5,4
17,24,5
919,73,2
754,67,1
656,39,5
257,44,3
76,51,2
232,68,3
429,6,3
756,14,5
11,27,4
293,50,2
441,93,1
28,33,2
176,88,1
140,14,1
607,74,5
521,93,4
940,10,5
10,41,3
744,100,2
931,65,4
954,39,4
513,95,2
410,92,4
575,72,4
614,87,2
863,59,2
80,18,4
833,2,4
212,94,1
905,8,2
974,9,4
665,84,3
936,79,5
510,86,5
851,5,1
449,97,1
150,35,1
832,63,3
526,86,1
415,73,2
90,34,4
96,13,4
711,2,3
308,34,5
408,12,2
81,63,3
366,51,3
174,20,3
547,6,4
519,51,4
340,26,4
449,81,1
758,56,4
756,73,5
78,97,3
228,13,2
830,51,1
835,63,1
319,64,3
124,29,4
989,95,3
795,51,2
900,63,4
371,36,4
853,14,1
601,56,4
789,4,1
466,64,3
654,6,4
176,10,4
827,3,5
175,81,1
651,22,5
241,85,5
77,34,1
857,50,3
261,52,1
674,36,1
487,50,5
166,41,3
152,75,5
198,44,3
447,23,1
344,93,5
26,85,1
38,72,5
586,64,1
282,92,3
827,1,3
92,84,5
473,70,2
677,74,3
331,73,5
126,16,2
775,71,5
392,87,5
443,74,3
147,32,2
253,52,3
494,72,2
632,50,3
923,7,4
109,77,4
451,66,5
284,69,3
921,23,3
250,23,3
550,77,3
303,94,3
109,68,1
431,24,2
565,75,3
521,20,4
555,24,5
513,6,2
870,24,1
409,57,2
872,30,2
367,73,5
340,35,3
84,84,3
763,3,4
958,49,5
877,69,4
78,88,4
570,60,4
126,1,1
430,51,5
748,36,4
232,11,4
365,39,1
546,47,4
347,42,3
138,78,3
371,21,1
628,97,3
778,52,5
48,28,5
565,81,2
200,53,1
65,92,1
172,74,1
661,28,5
404,56,4
282,8,1
594,69,1
8,60,1
495,47,3
834,84,2
640,31,5
64,40,4
413,48,5
434,46,4
904,53,1
453,59,5
855,7,5
739,56,5
596,64,3
259,1,3
363,65,5
480,77,1
310,54,4
906,21,1
28,89,5
74,29,1
984,12,4
8,77,4
521,24,3
426,92,1
759,28,2
388,97,1
876,60,3
499,22,1
832,27,4
21,2,1
934,26,1
168,73,4
678,38,5
372,70,5
209,59,5
686,4,3
920,87,4
766,68,4
3,64,2
180,95,5
117,13,2
4,46,3
266,43,2
126,1,3
445,73,3
504,22,5
319,93,3
777,12,4
368,23,2
300,63,3
421,22,3
349,64,5
564,80,5
546,33,1
617,68,2
332,60,4
445,76,4
575,1,5
87,77,2
23,69,5
711,50,1
634,30,3
700,72,5
394,18,3
791,53,1
297,11,2
180,46,2
257,83,2
205,53,3
93,83,4
223,71,5
892,96,4
912,76,4
284,97,5
50,56,3
992,44,3
640,18,3
400,7,4
749,73,1
65,70,5
480,10,4
616,19,4
389,78,4
666,55,3
441,34,1
582,60,2
6,99,3
444,96,1
455,74,2
282,60,3
474,89,1
410,3,2
248,91,4
680,40,2
948,17,2
703,45,4
478,94,3
848,38,4
726,68,5
553,62,2
984,5,1
200,48,5
511,69,3
870,21,2
454,98,1
896,53,4
3,1,2
765,30,5
734,26,5
925,100,4
854,53,4
747,81,3
677,60,4
228,4,2
263,78,1
545,23,2
496,42,3
420,15,4
924,27,3
772,56,2
789,41,2
482,68,2
356,51,3
943,65,3
547,34,3
40,94,4
520,14,1
168,51,4
108,28,3
506,17,5
595,10,1
486,84,4
848,63,3
981,71,3
947,28,3
424,80,1
223,92,4
898,75,3
315,91,3
927,68,4
450,4,3
400,38,5
538,56,3
773,88,2
652,82,2
75,15,3
553,86,2
911,35,2
201,52,3
963,79,2
476,77,5
363,40,1
278,45,3
108,10,2
150,64,3
228,96,3
238,16,2
317,79,2
135,52,2
293,67,3
811,92,2
970,32,2
448,24,1
986,47,5
506,10,5
359,52,3
144,14,5
830,12,5
758,51,3
81,20,3
167,33,3
936,12,2
712,15,4
833,63,2
467,48,1
320,9,2
897,54,2
661,53,5
571,64,1
56,15,5
449,29,2
707,18,1
566,83,1
653,23,3
329,2,5
223,11,3
224,92,1
163,33,2
660,53,3
444,71,5
267,70,5
505,22,2
163,61,2
313,17,4
819,1,3
795,75,5
906,94,1
750,59,5
1,58,3
439,20,1
437,40,2
145,91,3
820,80,1
423,98,5
117,79,2
83,14,2
900,81,1
694,35,2
280,58,5
108,7,1
54,75,3
534,48,5
567,29,5
884,22,2
954,38,3
759,75,2
52,6,2
963,90,2
564,79,3
12,29,2
61,83,1
6,75,5
70,42,5
143,51,5
251,17,3
28,52,4
615,92,4
306,80,2
139,68,1
837,4,4
886,34,4
203,28,2
338,72,4
706,61,4
585,89,3
737,10,1
933,46,3
805,69,5
346,13,1
881,73,2
256,24,3
824,10,4
700,2,2
28,57,1
450,22,2
942,31,5
828,69,5
343,62,1
664,28,3
583,10,1
127,99,4
684,30,3
24,76,1
389,29,2
560,32,1
145,28,5
452,11,2
105,69,5
205,58,3
497,68,4
588,82,2
321,25,4
731,36,2
961,74,3
101,13,1
600,48,1
113,63,4
989,52,5
143,23,4
663,51,1
642,5,1
518,84,1
517,62,4
261,97,4
92,64,2
708,16,2
335,62,4
481,65,4
481,51,2
937,81,5
929,53,3
464,55,2
744,34,1
3,99,3
296,80,5
181,26,1
371,2,5
778,4,2
104,68,2
25,56,3
542,46,4
531,32,1
101,48,4
101,15,1
771,75,5
73,40,5
567,45,3
472,76,5
192,6,2
365,69,4
987,53,4
350,66,1
697,76,2
861,61,1
928,41,4
803,14,1
457,77,4
183,79,5
86,73,4
22,48,1
636,86,2
851,14,5
440,33,4
158,20,1
817,88,1
208,50,2
356,61,1
740,39,4
951,13,4
528,24,5
559,99,5
596,16,5
776,54,5
550,2,1
596,35,5
639,71,2
84,98,5
196,49,2
202,16,5
347,65,1
141,10,3
918,31,4
513,54,3
96,84,3
765,67,5
538,27,3
964,49,2
642,57,1
396,45,3
473,18,1
184,76,1
717,51,2
140,18,1
969,6,1
290,61,3
841,51,2
84,28,5
810,46,4
779,16,3
15,73,4
151,33,3
629,16,3
672,25,4
691,52,4
851,69,1
836,61,2
358,98,1
750,89,2
950,66,2
746,10,5
880,88,2
88,65,4
758,26,2
774,40,2
23,51,3
712,37,1
186,19,4
831,74,3
577,59,4
45,57,5
662,82,2
739,90,5
262,67,4
386,59,2
187,22,1
346,4,4
105,6,1
904,63,1
385,93,5
325,99,2
376,87,4
593,8,2
210,7,2
447,7,5
671,17,1
802,9,2
41,51,4
703,56,4
11,71,5
15,32,3
70,85,4
578,67,1
943,15,4
998,46,1
149,41,3
883,36,4
6,31,1
148,17,4
7,10,2
60,21,1
262,49,1
505,27,2
761,100,2
395,29,5
121,49,2
803,38,5
23,82,4
971,87,2
775,27,5
748,81,1
946,71,2
471,72,1
476,18,2
670,65,3
790,27,2
210,34,5
380,82,2
843,47,2
940,89,3
294,19,4
235,47,5
22,87,1
69,79,2
100,94,1
461,15,4
418,7,3
472,6,4
4,20,4
746,47,4
889,54,2
216,22,4
330,86,3
759,1,2
702,50,1
640,99,4
215,9,4
773,57,1
469,42,5
749,85,5
319,17,3
97,50,5
788,45,1
976,71,2
408,97,4
685,75,3
504,39,3
749,12,2
604,15,4
597,89,2
238,12,2
741,52,1
797,74,1
486,90,4
862,36,3
608,60,5
453,93,1
244,76,4
316,72,2
233,15,3
865,55,2
849,72,4
276,52,4
524,50,2
328,46,5
262,12,3
670,38,3
44,30,5
21,18,4
820,21,2
384,91,5
757,98,3
938,6,3
112,2,2
119,56,2
284,59,3
78,51,4
529,92,4
818,51,3
69,70,4
572,46,4
472,44,4
418,81,4
469,83,4
581,100,3
386,16,1
675,82,1
346,76,2
32,94,4
579,89,4
308,42,4
384,57,1
99,31,5
406,88,5
71,31,4
980,9,2
166,45,3
674,50,4
5,23,3
89,65,2
949,92,1
366,21,4
263,15,2
195,41,4
113,38,2
948,61,4
682,38,3
866,21,1
401,78,5
875,58,5
95,72,3
244,35,1
649,92,5
868,93,1
203,81,5
784,77,1
593,16,4
769,97,2
670,36,3
368,67,1
90,17,1
534,55,5
189,84,3
594,65,2
104,34,2
980,34,4
724,10,5
867,29,4
102,34,5
963,86,3
234,98,5
324,71,5
997,18,1
601,27,5
799,99,1
316,58,2
28,18,2
642,9,3
327,25,1
92,79,3
882,47,3
216,75,5
537,36,4
720,42,1
502,34,3
598,47,2
495,60,1
136,23,2
8,66,5
923,52,5
790,2,4
783,1,3
832,43,2
698,80,5
117,47,5
787,57,3
657,66,3
246,8,2
478,9,3
796,77,2
354,71,1
914,11,3
711,26,5
975,35,3
866,7,3
770,20,3
119,25,5
897,8,2
378,88,5
1,73,2
948,19,2
294,69,5
596,52,5
785,48,5
63,88,3
260,41,3
978,72,5
974,91,4
512,13,1
530,59,5
824,13,3
211,67,3
492,82,4
333,58,5
88,60,3
665,29,4
588,85,5
71,83,4
726,93,1
3,81,4
331,79,1
761,8,2
291,45,5
950,15,1
43,61,1
654,41,2
168,52,3
651,41,4
729,88,2
17,79,2
39,77,1
291,54,4
494,63,1
191,42,4
37,85,4
868,48,2
528,24,5
903,89,1
260,8,4
634,74,4
963,29,5
311,76,3
490,78,4
2,62,1
924,60,3
698,37,5
39,34,4
633,94,5
14,72,2
429,49,4
812,27,2
532,91,1
407,96,4
808,4,3
921,48,3
404,70,3
816,17,4
544,68,1
147,29,2
178,47,5
33,94,4
576,71,3
556,62,5
382,95,1
844,54,3
89,35,1
128,5,1
890,95,1
844,45,2
901,15,3
540,42,2
265,95,1
823,31,3
127,25,2
890,8,5
292,68,3
32,66,3
943,29,1
894,89,3
337,28,5
216,35,4
685,61,2
978,9,1
961,75,5
795,66,3
879,9,3
752,68,2
348,55,3
274,59,1
271,62,5
362,18,3
226,88,3
381,33,2
751,60,1
462,80,4
942,81,5
89,32,1
396,22,5
854,6,4
995,20,2
43,23,2
134,53,3
141,16,2
311,91,4
115,85,1
769,7,3
419,32,3
761,98,1
896,1,5
734,82,1
873,90,1
725,77,5
574,59,2
702,34,2
96,2,5
218,4,1
429,19,2
629,2,2
107,58,2
746,64,5
37,36,1
113,22,1
53,35,2
23,23,4
658,14,2
950,27,3
609,81,4
977,77,3
795,27,1
146,96,2
647,12,2
565,44,2
693,15,5
417,68,2
620,25,5
721,35,1
536,67,5
774,100,2
887,91,4
78,25,4
676,58,2
857,34,4
868,1,4
667,37,4
506,47,3
932,27,1
435,37,2
214,72,1
812,57,4
648,93,4
75,26,4
593,16,5
906,52,5
301,51,5
752,82,5
66,15,1
507,15,1
962,32,3
265,53,5
36,43,4
484,40,3
145,9,5
157,89,2
354,37,3
744,76,5
259,59,3
427,12,3
471,6,4
124,23,1
451,42,4
103,5,1
43,44,1
353,35,5
154,9,4
874,24,3
146,66,5
899,32,1
469,55,1
66,23,3
917,99,3
608,83,3
812,18,1
987,40,4
487,79,4
56,37,4
495,90,4
812,33,5
554,20,2
976,22,4
355,3,2
686,90,2
671,19,4
326,43,4
83,41,3
180,60,2
493,88,2
515,87,1
819,12,5
462,92,4
745,16,5
531,20,3
544,92,3
221,15,4
914,38,5
869,30,4
839,35,2
677,19,2
904,85,1
929,75,3
908,43,4
742,29,4
205,28,2
405,52,3
202,41,3
520,2,2
241,89,1
365,2,3
717,18,5
636,87,4
676,5,1
275,29,4
265,91,3
980,26,4
694,81,5
91,31,2
103,2,4
105,37,2
99,81,2
281,65,4
512,35,3
404,57,5
653,75,1
897,46,3
437,35,1
227,82,3
826,88,2
435,48,4
842,1,5
176,95,3
391,16,2
858,31,1
752,90,5
375,43,1
946,97,2
972,46,5
5,64,1
194,24,2
825,3,5
602,60,4
841,80,1
672,20,2
411,90,2
264,56,3
191,19,3
182,59,3
329,77,1
521,26,1
122,99,5
581,65,3
226,82,4
504,60,3
707,5,1
942,9,1
75,87,2
531,15,1
709,15,5
132,89,1
574,6,3
129,96,3
746,73,2
227,68,2
702,9,3
414,61,1
764,50,4
584,39,1
546,31,3
825,6,3
30,59,5
964,81,5
960,54,1
397,44,3
982,94,4
123,84,5
794,88,1
987,60,3
702,29,3
544,2,3
959,50,4
765,79,2
618,28,1
354,32,2
671,55,2
509,7,1
583,58,2
698,77,5
808,74,1
632,73,1
321,61,3
472,44,4
214,93,1
379,93,2
814,68,5
919,32,5
479,41,4
998,98,3
149,67,5
822,56,5
10,87,1
684,20,2
567,84,3
137,59,2
533,59,1
633,18,1
515,56,2
988,36,2
975,91,2
940,32,4
519,47,5
127,88,5
162,67,1
216,23,4
507,71,4
39,99,5
41,42,1
842,52,1
54,29,2
562,34,1
29,1,5
976,74,3
651,41,1
394,73,5
807,97,5
27,95,4
102,3,4
201,87,1
734,99,2
462,64,5
408,48,2
336,97,1
816,94,5
611,21,1
714,7,4
537,53,4
331,62,1
709,84,3
834,13,1
593,8,2
118,32,1
736,81,3
842,65,4
168,90,4
224,71,2
909,66,3
782,20,3
6,91,2
803,62,5
195,21,5
264,80,2
335,90,4
600,42,1
955,74,4
163,89,2
290,86,2
41,32,1
792,39,2
360,69,2
377,75,3
920,50,4
89,45,3
85,76,1
150,62,4
715,43,3
937,24,5
149,94,4
739,93,1
432,93,5
388,45,3
896,94,3
382,3,1
425,93,2
490,88,3
330,5,2
629,55,2
389,54,4
500,26,2
847,2,5
66,22,3
431,87,1
483,72,3
988,18,2
991,23,5
730,2,5
170,65,3
576,17,2
477,30,4
443,6,5
634,59,1
296,39,1
116,24,5
619,52,2
465,94,3
518,53,2
858,55,5
45,91,2
874,28,3
413,58,4
991,68,1
6,53,3
843,97,2
296,78,4
128,8,2
868,52,2
595,49,1
68,73,3
920,90,5
131,11,2
65,93,4
50,50,1
986,14,4
386,1,1
267,38,3
324,28,1
449,33,3
840,38,4
361,42,2
845,8,3
945,45,1
780,77,1
112,52,5
606,59,4
869,34,2
74,48,3
102,68,2
865,77,2
219,4,3
314,37,2
242,34,2
547,55,2
495,44,1
856,2,2
251,5,2
904,80,4
731,53,3
706,81,4
843,96,5
599,5,2
242,66,5
178,55,3
629,33,5
108,2,1
19,33,4
265,49,4
959,18,4
71,45,4
726,73,3
399,88,4
430,66,4
221,87,2
380,96,3
751,45,5
689,33,3
716,14,1
903,75,3
599,3,3
861,88,4
635,54,2
984,54,2
122,99,4
411,44,3
501,16,1
665,47,4
624,27,5
781,5,2
331,9,3
69,41,3
876,1,3
202,46,1
580,13,2
290,35,4
943,81,3
835,51,5
806,82,4
524,38,5
53,34,2
644,3,1
288,88,1
283,89,5
841,37,4
736,98,2
958,80,3
279,54,3
423,66,3
546,16,2
265,79,4
696,82,2
370,70,1
881,7,4
673,12,2
