trip_id,date,city_zone,passenger_count,avg_speed_kmh,delay_minutes
T101593,2025-04-12,Z11,40.0,32.5,0
T100196,2025-05-13,Z1,50.0,35.9,-2
T100239,21/03/2025,Z9,50.0,26.8,26
T102126,2025-04-11,Z7,70.0,39.0,11
T101587,2025-03-19,Z2,45.0,35.0,3
T101934,2025-05-03,Z5,68.0,35.6,1
T101662,2025-04-05,Z12,42.0,28.5,15
T100486,2025-03-02,Z3,63.0,45.3,4
T100790,2025-05-07,Z12,32.0,21.0,8
T102078,2025-04-17,Z5,73.0,35.6,4
T102350,2025-05-09,Z4,51.0,,-2
T101322,2025-03-08,Z2,53.0,40.0,0
T100170,2025-04-29,Z8,56.0,35.7,5
T100044,2025/03/30,Z6,68.0,42.0,2
T100056,2025-03-22,Z6,59.0,31.4,34
T100175,2025-04-15,Z11,38.0,33.9,5
T101580,2025-04-24,Z10,,27.6,15
T101718,2025-03-17,Z10,54.0,35.0,11
T101453,2025/04/10,Z8,52.0,32.7,7
T101134,2025-03-20,Z2,57.0,,7
T102071,2025-04-29,Z7,48.0,35.4,10
T100410,2025-05-05,Z10,48.0,30.9,8
T102053,2025-04-29,Z12,27.0,26.0,13
T101688,2025-04-15,Z4,60.0,34.6,3
T101972,2025-04-07,Z12,51.0,36.9,5
T100528,2025-03-22,Z10,42.0,30.0,9
T102073,2025-03-12,Z8,57.0,35.3,9
T101178,2025-05-08,Z2,57.0,37.1,2
T101299,2025-03-27,Z8,,32.7,10
T101117,2025-05-13,Z5,65.0,32.5,6
T100527,2025-04-01,Z5,74.0,29.4,8
T102113,2025-03-18,Z10,47.0,29.9,12
T100789,2025-04-20,Z9,60.0,26.9,11
T101339,2025-05-03,Z7,53.0,33.6,11
T101283,2025-04-27,Z1,57.0,37.8,-3
T101452,2025-05-14,Z5,64.0,34.4,3
T101803,2025-03-03,Z7,68.0,30.5,-3
T100173,2025-04-30,Z10,49.0,31.1,9
T102208,2025-05-09,Z1,42.0,50.7,-1
T101717,2025-03-16,Z12,33.0,20.1,9
T101298,2025-05-01,Z4,55.0,39.5,0
T100188,2025-03-29,Z8,52.0,35.9,12
T100211,2025-05-02,Z3,42.0,43.7,3
T101025,2025-03-06,Z1,52.0,41.9,-1
T102075,2025-05-06,Z11,51.0,29.6,9
T101550,2025-03-21,Z7,46.0,32.9,11
T101334,2025-03-18,Z11,43.0,33.1,6
T102518,2025-04-16,Z3,55.0,37.1,7
T101954,2025-04-02,Z11,36.0,32.9,-6
T100387,2025-03-16,Z10,64.0,29.7,8
T100450,2025-04-16,Z9,43.0,,4
T100807,2025/04/04,Z1,44.0,36.6,5
T100888,2025-04-05,Z5,80.0,38.2,2
T102162,2025-04-17,Z3,56.0,,2
T101767,2025-03-30,Z8,62.0,41.0,1
T100507,2025-03-09,Z10,43.0,29.5,11
T100680,2025-04-21,Z4,73.0,41.4,3
T100070,2025-05-14,Z8,67.0,39.6,0
T102424,2025-03-10,Z7,63.0,30.8,7
T100194,2025-04-21,Z2,49.0,39.6,-7
T100073,2025-03-02,Z7,49.0,33.3,5
T101313,2025-03-13,Z4,66.0,41.2,4
T100407,2025-05-12,Z3,54.0,32.8,-1
T102500,2025-03-09,Z7,42.0,30.9,2
T101563,2025-03-06,Z12,31.0,26.1,0
T101387,2025-03-15,Z3,65.0,42.7,-4
T101477,2025-03-03,Z6,71.0,37.6,-2
T102347,2025/04/29,Z9,65.0,23.6,7
T101149,2025-03-05,Z8,57.0,,8
T102515,2025-05-04,Z11,46.0,29.0,9
T101616,2025-04-26,Z1,44.0,46.1,26
T101057,2025-04-28,Z6,63.0,47.7,2
T100764,2025-05-12,Z11,48.0,30.6,6
T101103,2025-03-31,Z9,54.0,34.4,11
T101677,2025-04-17,Z10,43.0,25.7,10
T101448,2025-04-11,Z9,49.0,39.6,-1
T102083,2025-03-08,Z10,53.0,34.5,9
T100668,2025-04-04,Z7,62.0,48.3,7
T101621,2025-04-17,Z2,63.0,28.8,4
T101356,2025-03-27,Z12,42.0,31.4,9
T101207,2025-04-10,Z6,57.0,39.7,9
T100471,2025-03-22,Z6,60.0,,5
T101270,2025-05-07,Z9,46.0,29.9,8
T101302,2025-04-30,Z2,52.0,36.1,7
T102535,2025-04-18,Z11,43.0,25.5,4
T101547,2025-03-01,Z4,59.0,38.5,7
T100809,2025-05-05,Z1,46.0,42.6,8
T101360,2025-03-21,Z9,49.0,26.6,11
T101269,2025-03-01,Z9,52.0,27.8,12
T101330,2025-04-16,Z2,61.0,38.7,45
T100654,2025-04-10,Z3,59.0,36.6,-3
T100834,2025-03-12,Z11,42.0,33.8,6
T100890,2025-04-05,Z7,55.0,35.8,5
T101236,14/04/2025,Z3,62.0,37.6,6
T100318,2025-04-13,Z9,58.0,26.1,7
T101671,2025-04-23,Z1,41.0,44.5,-2
T102040,2025-05-04,Z11,45.0,33.1,11
T100422,2025-03-29,Z1,47.0,43.5,32
T100602,2025-03-11,Z10,54.0,25.1,11
T101338,14/04/2025,Z4,67.0,39.0,-2
T101800,2025-03-14,Z6,74.0,39.2,5
T100354,2025-04-21,Z9,51.0,27.5,4
T100043,2025-05-14,Z10,39.0,29.2,6
T101868,2025-04-29,Z10,41.0,29.1,10
T100931,2025-03-18,Z8,59.0,38.2,2
T101393,2025-05-10,Z12,33.0,34.9,10
T102118,2025-03-21,Z3,71.0,39.5,4
T100618,2025-05-01,Z5,63.0,36.0,4
T100782,2025-03-21,Z2,58.0,43.0,0
T100678,2025-03-15,Z3,58.0,39.9,9
T100962,2025-05-02,Z5,63.0,37.1,6
T102090,2025-05-04,Z1,56.0,39.1,23
T101776,19/03/2025,Z9,47.0,31.3,6
T101989,2025-05-04,Z3,62.0,,4
T101436,2025-05-02,Z12,32.0,28.9,3
T101594,2025-03-11,Z9,57.0,26.7,7
T102033,2025-05-10,Z5,59.0,40.3,4
T101569,2025-05-06,Z3,70.0,31.8,7
T101627,2025-04-05,Z12,25.0,30.6,-1
T101730,2025-03-14,Z9,45.0,30.6,9
T101286,2025-03-05,Z2,44.0,,6
T102414,2025-04-23,Z8,51.0,28.2,5
T100178,2025-04-26,Z6,68.0,44.7,4
T101193,2025-04-16,Z8,54.0,33.4,10
T100321,2025-03-18,Z11,42.0,26.7,8
T101444,2025-04-26,Z7,67.0,28.3,5
T102365,2025-04-24,Z6,74.0,39.8,4
T101701,2025-04-15,Z9,49.0,21.0,8
T100829,2025-05-02,Z2,50.0,39.1,2
T101922,2025-05-13,Z9,44.0,,11
T102367,2025-03-28,Z6,,30.3,8
T100862,2025-04-21,Z7,66.0,35.3,5
T102329,2025-03-27,Z3,,49.0,3
T102084,2025-04-24,Z5,70.0,34.6,0
T101956,2025-04-26,Z5,59.0,47.9,0
T100787,2025-05-05,Z2,56.0,48.3,-7
T101391,2025-04-06,Z1,52.0,40.8,3
T101904,2025-04-22,Z5,53.0,33.7,9
T102362,2025-03-16,Z1,48.0,44.6,8
T100655,2025-04-09,Z1,52.0,49.0,3
T100937,2025-05-02,Z10,47.0,,3
T101867,2025-03-23,Z5,72.0,33.8,0
T101228,2025/03/30,Z5,56.0,33.5,-3
T100565,2025-04-29,Z12,37.0,27.5,9
T101900,2025-05-03,Z6,68.0,36.2,6
T102060,2025-03-28,Z1,45.0,40.7,-3
T100836,2025-03-17,Z2,53.0,43.7,4
T100532,2025-04-16,Z10,36.0,37.2,7
T101834,2025-03-21,Z10,57.0,36.2,5
T101386,2025-03-20,Z3,63.0,43.8,3
T101552,2025-04-13,Z9,49.0,27.4,6
T102087,2025-04-08,Z7,57.0,33.3,8
T100093,2025-03-07,Z1,57.0,39.9,-3
T102204,2025-04-01,Z2,57.0,38.6,6
T101098,2025-03-31,Z1,41.0,38.3,2
T100564,2025-03-19,Z4,49.0,38.2,1
T100282,2025-04-06,Z8,70.0,34.3,11
T100134,2025-04-22,Z2,48.0,40.2,32
T100810,06/03/2025,Z1,52.0,42.9,1
T102096,2025-03-20,Z3,58.0,35.3,3
T100679,2025-03-21,Z12,40.0,28.3,6
T101724,2025-04-27,Z5,72.0,36.1,5
T102450,2025-04-29,Z12,39.0,34.7,8
T100869,2025-03-07,Z8,70.0,34.4,5
T101700,2025-05-12,Z6,62.0,36.7,3
T101033,2025-03-01,Z4,67.0,31.4,2
T101743,2025-03-20,Z3,56.0,44.8,3
T101273,2025-04-04,Z8,56.0,30.3,7
T100522,2025-04-29,Z9,46.0,31.2,3
T100461,2025-03-27,Z5,69.0,23.3,10
T100435,2025-04-09,Z9,57.0,32.1,4
T100414,2025-04-01,Z6,77.0,36.5,0
T100761,2025-04-12,Z5,69.0,33.9,-5
T101133,2025-05-13,Z9,49.0,41.1,8
T101883,2025-04-15,Z7,52.0,27.7,6
T101359,2025-05-07,Z7,65.0,35.9,10
T100221,2025-05-11,Z11,35.0,,9
T101050,2025-04-23,Z10,30.0,,5
T102395,2025-03-12,Z6,55.0,30.0,6
T102586,2025-04-29,Z4,62.0,48.1,2
T101692,2025-04-28,Z7,65.0,34.3,14
T100998,2025-03-06,Z3,71.0,39.2,4
T100819,2025-05-13,Z7,56.0,,-3
T102383,2025-04-29,Z10,52.0,28.2,11
T102091,2025-04-07,Z2,52.0,53.2,8
T101599,2025-04-19,Z4,65.0,39.4,4
T102423,2025-03-31,Z7,72.0,27.5,7
T100651,2025-03-08,Z3,54.0,45.4,-9
T102218,2025-03-19,Z6,77.0,29.9,4
T101041,2025-03-12,Z11,45.0,29.1,6
T101032,2025-05-03,Z11,34.0,27.7,10
T101572,2025-03-15,Z9,49.0,28.2,4
T102446,2025/04/18,Z7,68.0,42.1,12
T102281,2025-04-07,Z5,79.0,34.9,3
T100393,2025-04-21,Z2,58.0,40.9,-1
T102544,2025-04-07,Z9,45.0,27.0,9
T102104,2025-03-10,Z12,39.0,36.0,5
T100296,2025-04-07,Z4,80.0,47.3,3
T101756,2025-04-14,Z9,46.0,35.6,10
T100649,2025-05-12,Z3,58.0,36.4,-2
T100168,2025-03-11,Z3,58.0,43.4,2
T101225,2025-04-21,Z4,39.0,26.8,2
T101083,2025-04-21,Z9,59.0,31.3,1
T101061,2025-05-10,Z1,51.0,41.9,30
T101398,2025-03-21,Z3,50.0,40.3,1
T101993,2025-03-22,Z4,67.0,34.4,-3
T101689,2025-03-09,Z7,62.0,33.9,1
T100605,2025-05-07,Z9,47.0,,40
T100210,2025-03-24,Z3,54.0,40.3,4
T101084,2025-03-28,Z11,46.0,33.3,7
T102485,2025-03-16,Z11,41.0,34.1,7
T102086,2025-03-02,Z11,38.0,33.6,8
T101968,2025-05-07,Z9,43.0,29.0,7
T100889,2025-05-12,Z2,47.0,36.9,10
T100233,2025-04-23,Z12,26.0,25.8,16
T100111,2025-04-24,Z4,69.0,36.4,5
T101612,2025-05-06,Z8,,35.8,8
T102594,18/03/2025,Z5,60.0,45.5,9
T101537,2025-03-15,Z2,57.0,42.9,18
T100929,2025-04-23,Z10,47.0,30.1,12
T102458,2025-04-12,Z5,65.0,42.2,4
T100254,2025-03-13,Z12,40.0,24.6,7
T100051,2025-03-04,Z8,54.0,33.4,8
T100246,2025-05-12,Z6,55.0,40.6,11
T102110,2025-04-17,Z11,30.0,30.4,-1
T101681,2025-03-30,Z6,76.0,40.1,11
T101366,2025/04/23,Z9,48.0,31.9,1
T100226,2025-04-02,Z5,61.0,34.3,8
T101405,2025-04-12,Z1,,47.2,2
T102183,2025-03-27,Z11,46.0,26.7,5
T101195,2025-05-11,Z4,68.0,35.7,-2
T100647,2025-03-18,Z7,68.0,42.7,6
T102341,2025-04-16,Z5,54.0,34.0,7
T102539,2025-03-21,Z8,57.0,35.6,7
T102310,2025-03-12,Z1,37.0,38.9,3
T102238,2025-03-21,Z4,59.0,38.6,3
T102114,2025-04-29,Z2,48.0,39.6,7
T100212,30/04/2025,Z2,48.0,23.1,4
T101670,2025-03-28,Z10,53.0,34.5,4
T100748,2025-04-08,Z8,50.0,22.9,2
T101487,2025-03-17,Z2,42.0,37.6,4
T101711,2025-03-08,Z8,,35.9,5
T102244,2025-03-18,Z9,55.0,29.3,3
T100430,2025-05-06,Z6,66.0,34.0,-1
T101068,2025-03-18,Z4,64.0,37.8,2
T101192,2025-03-31,Z10,40.0,22.0,9
T100670,2025-03-18,Z2,37.0,42.2,-5
T100705,2025-04-20,Z7,72.0,35.4,7
T100436,2025-05-04,Z6,,31.7,1
T101071,2025-05-05,Z5,72.0,34.3,6
T101399,2025-03-31,Z1,47.0,46.7,-1
T100218,2025-04-22,Z4,42.0,41.9,5
T102431,2025-04-18,Z6,74.0,38.8,0
T102226,2025-03-03,Z12,50.0,28.6,6
T102550,2025-04-13,Z8,50.0,31.6,14
T100298,2025-03-19,Z3,65.0,38.5,-5
T102220,12/03/2025,Z3,57.0,39.4,-2
T101847,2025-03-26,Z2,,,2
T102152,2025-05-01,Z8,57.0,40.7,9
T101825,2025-05-03,Z1,50.0,46.2,0
T102373,2025-03-22,Z6,68.0,33.4,7
T102291,2025-03-13,Z3,63.0,33.8,4
T100902,2025-05-13,Z9,63.0,35.0,7
T102274,2025-04-24,Z5,65.0,44.6,-7
T101125,2025-03-16,Z6,56.0,41.8,7
T101078,2025-04-06,Z10,,31.3,38
T100765,2025-04-10,Z6,70.0,36.6,-3
T101740,2025-04-02,Z3,48.0,35.4,33
T100289,2025-03-31,Z10,,38.9,2
T102521,10/03/2025,Z5,92.0,40.8,10
T100812,2025-03-10,Z4,57.0,42.7,4
T100911,2025/05/10,Z11,,34.6,7
T100970,2025-04-17,Z3,53.0,44.7,9
T101421,2025-04-05,Z3,46.0,34.3,-2
T101089,2025-03-26,Z1,46.0,36.7,-6
T102480,2025-04-21,Z2,48.0,40.0,-3
T101044,2025-03-26,Z2,68.0,43.1,11
T100259,2025-04-16,Z5,56.0,43.1,7
T100096,2025-04-16,Z10,42.0,,4
T100251,2025-03-03,Z4,51.0,37.0,3
T102072,2025-04-19,Z3,60.0,40.2,4
T100508,2025-04-05,Z4,47.0,44.1,33
T100367,19/04/2025,Z4,44.0,39.4,-2
T101073,2025-05-01,Z10,50.0,31.6,2
T102499,2025-03-04,Z8,56.0,31.2,3
T101532,02/04/2025,Z6,50.0,41.5,2
T101973,2025-05-01,Z9,56.0,32.2,8
T101814,2025-04-16,Z10,42.0,32.1,5
T101499,2025-03-22,Z1,33.0,38.7,0
T101425,2025-04-15,Z6,72.0,32.3,7
T101561,2025-05-05,Z6,69.0,40.3,6
T100930,2025-03-25,Z11,50.0,31.3,4
T101656,2025-04-15,Z10,51.0,26.9,12
T102386,2025-03-14,Z12,27.0,27.7,5
T100411,2025-03-10,Z4,68.0,40.4,1
T101864,2025-04-12,Z8,53.0,38.2,2
T101987,2025-03-12,Z5,76.0,36.8,4
T102168,2025-04-25,Z9,56.0,29.1,6
T102393,2025-03-08,Z12,41.0,19.8,4
T102063,2025/03/23,Z7,63.0,42.6,-2
T102122,2025-03-02,Z11,54.0,28.4,3
T100480,2025-04-29,Z8,61.0,31.4,5
T100859,08/04/2025,Z2,61.0,30.1,-3
T100030,2025-04-22,Z10,45.0,29.6,8
T100741,2025-03-03,Z9,43.0,30.2,0
T101746,2025-04-01,Z2,58.0,45.0,2
T101872,2025-05-02,Z7,65.0,35.5,4
T102106,2025-03-28,Z11,54.0,37.1,1
T101204,2025-03-12,Z3,54.0,37.9,3
T101187,26/04/2025,Z10,45.0,21.9,8
T102069,2025-05-09,Z4,66.0,35.3,8
T101716,2025/03/05,Z6,,31.7,-2
T102380,2025-04-07,Z8,53.0,32.3,7
T101355,2025-04-09,Z2,43.0,42.9,4
T100567,2025-03-04,Z1,50.0,40.2,1
T100530,2025-04-26,Z6,62.0,39.3,4
T102364,2025-05-14,Z10,49.0,25.6,0
T100237,2025-03-20,Z2,50.0,42.2,3
T100324,2025-03-06,Z6,66.0,34.6,10
T100109,2025-03-03,Z1,,44.7,1
T101703,2025-04-13,Z11,45.0,29.4,6
T101560,10/03/2025,Z5,56.0,,4
T102124,11/04/2025,Z2,69.0,46.3,6
T101583,2025-03-07,Z10,41.0,28.4,-1
T101017,2025/03/17,Z11,46.0,23.9,16
T100252,2025-03-24,Z9,52.0,,7
T101866,2025-03-06,Z1,50.0,41.9,10
T101263,2025-03-07,Z8,53.0,35.8,6
T101278,2025-03-03,Z12,34.0,26.9,11
T102026,2025-05-02,Z10,52.0,32.0,8
T101950,2025-03-20,Z2,55.0,46.5,-5
T101976,2025-04-19,Z2,57.0,41.6,-4
T101048,2025-04-30,Z5,71.0,41.5,6
T100368,2025-04-25,Z2,57.0,31.7,-2
T102089,2025-04-01,Z11,42.0,27.0,13
T100495,2025-04-25,Z11,42.0,29.0,7
T101137,2025-05-08,Z10,43.0,35.2,11
T102271,2025-05-08,Z2,67.0,47.3,0
T100568,2025-03-03,Z7,,37.9,-3
T100433,2025-04-12,Z1,42.0,48.3,3
T102077,2025-03-27,Z2,40.0,35.3,5
T101626,2025-04-06,Z4,57.0,41.9,-4
T100881,2025-03-10,Z12,37.0,25.6,9
T101463,2025-03-26,Z6,72.0,30.3,5
T100420,2025-03-10,Z12,35.0,27.3,9
T102175,2025-03-01,Z6,60.0,29.7,1
T100861,2025-05-07,Z9,44.0,28.5,9
T101608,2025/03/12,Z4,55.0,39.6,3
T101912,2025-05-04,Z4,65.0,37.2,9
T101832,2025-05-11,Z9,56.0,35.1,3
T100402,2025-04-10,Z5,61.0,41.6,2
T101491,2025-04-22,Z12,35.0,33.5,4
T100100,2025-04-18,Z12,37.0,32.9,8
T100445,2025-04-05,Z5,58.0,37.1,1
T102185,2025/05/01,Z11,40.0,27.7,7
T100498,2025-04-19,Z2,43.0,42.5,3
T100261,2025-05-14,Z12,48.0,27.7,15
T101222,2025-05-10,Z10,42.0,28.4,18
T100916,2025-03-14,Z2,42.0,33.8,0
T100746,2025-05-10,Z5,63.0,35.2,3
T102332,2025-03-16,Z12,36.0,20.4,11
T100179,2025-03-14,Z3,46.0,39.1,-3
T100479,2025-04-20,Z7,68.0,31.5,20
T101737,2025-05-10,Z1,64.0,37.6,38
T101839,2025-03-04,Z5,70.0,34.1,5
T100786,2025-04-10,Z1,53.0,30.5,0
T100650,2025-03-07,Z6,72.0,34.2,8
T101820,2025-04-27,Z8,51.0,36.1,0
T100729,2025-03-30,Z1,48.0,38.3,2
T101817,2025-05-01,Z5,73.0,39.0,4
T100759,2025-03-30,Z12,36.0,29.5,5
T100657,2025-03-17,Z6,68.0,29.0,6
T100291,2025-03-12,Z9,47.0,35.3,12
T100141,2025-03-23,Z8,50.0,26.8,7
T102287,2025-03-04,Z2,41.0,47.9,10
T101105,2025-05-13,Z5,71.0,34.5,7
T101173,2025-03-24,Z8,52.0,30.5,14
T102186,2025-04-21,Z7,47.0,36.5,9
T100463,2025-05-05,Z8,61.0,42.1,7
T101385,2025-03-21,Z9,46.0,38.6,8
T100817,2025-04-01,Z2,57.0,41.0,-2
T101412,2025-03-14,Z10,54.0,28.4,4
T101628,2025-03-21,Z9,50.0,34.2,7
T101281,2025-03-26,Z3,54.0,41.3,3
T101666,2025-04-16,Z10,,34.1,6
T100572,2025-05-09,Z7,64.0,33.1,9
T100247,2025-03-03,Z5,67.0,40.8,5
T102312,2025-03-17,Z9,44.0,39.6,8
T101407,2025-04-06,Z8,55.0,,7
T100755,2025-03-26,Z1,49.0,53.0,3
T101606,2025-04-11,Z9,57.0,27.8,4
T102215,25/04/2025,Z1,44.0,45.5,7
T100347,2025-03-07,Z4,56.0,37.9,4
T101231,2025-03-27,Z6,55.0,32.8,5
T100756,2025-03-26,Z5,58.0,34.7,13
T100029,2025-04-01,Z6,66.0,32.1,-7
T100554,2025-04-29,Z8,57.0,28.0,0
T101632,2025-04-13,Z9,58.0,32.0,10
T100617,2025-03-17,Z12,47.0,30.2,8
T101364,2025-03-03,Z6,83.0,30.8,6
T100783,2025-03-11,Z11,45.0,30.5,12
T102249,2025-03-14,Z8,60.0,34.6,1
T100581,2025-03-31,Z8,64.0,35.5,9
T102276,2025-03-04,Z7,61.0,38.2,7
T101285,2025-04-20,Z11,52.0,31.1,6
T102541,2025-04-23,Z7,61.0,28.9,7
T100157,2025-04-02,Z12,44.0,25.2,0
T101600,2025-03-28,Z9,34.0,27.1,-2
T102467,17/04/2025,Z1,45.0,53.3,3
T102176,2025-04-16,Z11,44.0,38.9,5
T101337,2025-03-20,Z11,41.0,26.7,8
T101226,2025-03-30,Z6,68.0,35.9,36
T100332,2025-04-23,Z11,47.0,29.4,1
T102037,2025-03-23,Z8,57.0,35.7,5
T100432,2025-05-14,Z4,67.0,44.6,0
T101435,2025-03-15,Z7,66.0,31.4,-2
T101949,2025-03-17,Z2,60.0,37.9,-1
T102471,2025-04-17,Z6,68.0,39.5,4
T102418,2025-04-11,Z5,86.0,37.7,9
T100353,2025-03-16,Z4,58.0,37.5,2
T101437,07/05/2025,Z9,55.0,30.9,7
T100208,2025-04-29,Z8,59.0,31.0,10
T101808,2025-04-16,Z10,43.0,32.1,14
T100485,2025-03-09,Z9,58.0,32.6,3
T101851,2025-04-25,Z11,41.0,29.2,4
T101449,2025-03-04,Z7,67.0,30.5,6
T102050,2025-04-23,Z2,57.0,38.3,2
T100621,2025-04-04,Z2,47.0,41.3,-1
T101557,2025-03-04,Z10,51.0,26.1,12
T101135,2025-04-19,Z3,68.0,30.3,-1
T100057,2025-04-27,Z2,47.0,39.6,1
T100611,2025-05-02,Z6,69.0,41.6,2
T100767,2025-05-08,Z4,62.0,34.6,11
T102313,2025-03-07,Z12,40.0,31.0,13
T100518,2025-04-17,Z10,48.0,32.0,12
T100199,2025-04-28,Z4,54.0,36.7,5
T100229,2025-03-26,Z8,50.0,33.8,1
T102396,2025-04-12,Z7,61.0,31.7,9
T101791,2025-04-06,Z5,75.0,35.2,10
T101018,2025-04-19,Z3,59.0,43.4,6
T100942,2025-03-09,Z8,53.0,39.9,7
T101480,2025-04-14,Z4,70.0,38.4,-3
T101994,2025-03-18,Z3,66.0,42.4,3
T100443,2025-03-15,Z12,46.0,30.3,0
T102020,2025-03-16,Z3,53.0,37.7,-4
T100315,2025-05-12,Z9,55.0,34.8,3
T100509,2025-04-07,Z7,60.0,31.0,6
T102251,2025-03-23,Z2,49.0,39.3,4
T102032,2025-03-24,Z4,61.0,40.2,20
T101486,2025-03-09,Z3,49.0,36.0,-6
T100069,2025/03/09,Z7,59.0,35.5,7
T102506,2025-03-16,Z10,39.0,29.4,23
T100457,2025-04-23,Z5,66.0,38.4,9
T100135,2025-03-04,Z12,38.0,32.7,7
T102257,2025-03-15,Z4,41.0,,0
T101151,2025/04/13,Z8,50.0,39.3,3
T100163,2025-03-21,Z5,40.0,35.2,2
T101750,2025-05-09,Z6,58.0,30.5,0
T100727,2025-04-25,Z1,62.0,39.5,-4
T100231,2025/03/04,Z11,39.0,24.0,5
T101929,2025-03-17,Z5,71.0,33.2,12
T101766,2025-05-03,Z11,30.0,37.7,7
T101097,2025-04-25,Z7,61.0,35.0,-9
T102284,2025-03-10,Z3,44.0,36.8,8
T100478,2025-04-24,Z8,44.0,29.5,9
T101501,2025-04-25,Z3,59.0,31.1,0
T101533,2025-04-07,Z2,52.0,34.7,10
T100067,2025-04-07,Z9,43.0,30.7,6
T102406,2025-03-07,Z2,54.0,37.2,-2
T101544,2025-04-06,Z12,34.0,29.0,9
T102131,2025-04-11,Z1,48.0,44.7,3
T100279,2025-04-25,Z5,62.0,39.1,0
T101721,2025-03-20,Z11,31.0,22.0,6
T102472,2025-03-23,Z11,36.0,35.4,7
T100965,2025-05-02,Z7,62.0,27.4,11
T102563,2025-05-03,Z10,52.0,27.5,9
T100124,06/05/2025,Z10,45.0,26.5,7
T102094,2025-04-28,Z2,52.0,35.4,5
T101264,2025-04-06,Z12,29.0,30.5,9
T100322,2025-04-02,Z8,56.0,31.5,0
T102427,2025-04-22,Z10,59.0,23.3,7
T100632,2025-04-10,Z7,45.0,31.9,7
T102320,2025-04-11,Z3,64.0,40.4,2
T101575,2025-03-28,Z6,62.0,39.8,-1
T100903,2025-04-29,Z9,48.0,32.3,4
T100257,2025/03/21,Z5,65.0,35.5,6
T100408,2025-03-06,Z10,49.0,32.1,8
T102359,2025-03-01,Z5,62.0,33.7,4
T100440,2025-03-03,Z10,46.0,36.0,5
T100076,2025-04-11,Z2,49.0,43.0,6
T101731,2025-03-05,Z4,58.0,37.4,4
T102388,2025-04-01,Z5,64.0,42.8,1
T101896,2025-04-06,Z3,50.0,41.1,5
T102224,2025-04-10,Z3,58.0,42.1,3
T102111,2025-03-29,Z5,70.0,,0
T100599,2025/05/10,Z4,58.0,41.0,8
T101456,2025-05-06,Z6,61.0,30.0,5
T101128,2025-03-11,Z8,51.0,34.8,6
T100596,2025-03-18,Z10,40.0,,6
T102035,2025-04-17,Z12,33.0,25.3,12
T101498,2025-05-03,Z9,52.0,,4
T100149,2025-03-03,Z8,54.0,34.0,0
T100464,2025-04-30,Z7,60.0,36.1,6
T102598,2025-03-05,Z9,44.0,33.2,6
T102390,2025-04-08,Z1,61.0,46.2,6
T102496,2025-05-04,Z7,68.0,34.5,11
T101576,2025-03-26,Z12,34.0,30.7,15
T100544,2025-04-15,Z10,46.0,35.2,4
T100482,2025-05-07,Z12,42.0,27.1,6
T100521,2025-04-12,Z12,31.0,27.7,8
T100643,2025-04-26,Z4,61.0,35.4,8
T102293,2025-04-02,Z7,60.0,33.0,7
T100874,2025-04-03,Z10,45.0,36.1,16
T100438,2025-05-13,Z10,,26.8,7
T102512,2025-03-05,Z3,63.0,38.8,-6
T101778,2025-03-18,Z2,45.0,45.5,8
T100166,2025-04-10,Z4,59.0,31.3,5
T100949,2025-04-28,Z9,57.0,36.5,7
T100049,2025-04-15,Z4,62.0,41.9,6
T102511,2025-04-29,Z11,37.0,35.7,21
T100582,2025-03-30,Z4,57.0,32.7,2
T100048,2025-04-06,Z6,52.0,34.4,1
T101772,2025-03-25,Z1,52.0,34.2,6
T100964,2025/04/28,Z3,52.0,36.0,1
T102213,2025-05-07,Z2,51.0,39.0,4
T101720,2025-04-21,Z2,53.0,47.4,6
T100025,2025-03-12,Z2,53.0,37.2,1
T101053,2025-04-04,Z9,50.0,32.3,7
T101741,2025-04-02,Z7,65.0,35.3,11
T101712,2025-03-23,Z1,48.0,36.7,5
T102330,2025-04-21,Z11,42.0,30.0,10
T100361,2025-04-25,Z11,36.0,37.2,3
T102374,2025-03-08,Z6,55.0,35.9,7
T101336,12/03/2025,Z10,44.0,32.7,9
T101990,2025-03-30,Z12,34.0,30.0,11
T102552,12/04/2025,Z3,56.0,39.7,2
T102013,2025-05-01,Z8,68.0,32.2,9
T102279,2025-04-05,Z11,42.0,33.5,3
T101011,2025-03-17,Z4,69.0,42.8,3
T101179,2025-03-14,Z6,66.0,,4
T100240,2025/04/14,Z1,50.0,39.7,0
T101637,2025-03-24,Z1,,45.4,6
T101620,2025-04-29,Z12,42.0,32.9,9
T101551,2025-03-11,Z8,61.0,36.8,10
T101259,2025-04-14,Z9,58.0,28.1,8
T100350,2025-04-01,Z12,40.0,32.4,10
T102384,2025-04-19,Z6,70.0,34.5,11
T101410,2025-04-16,Z10,50.0,29.8,14
T101732,2025-04-10,Z10,42.0,26.9,10
T100695,2025-03-01,Z5,62.0,31.3,2
T102599,2025-04-11,Z9,55.0,20.9,3
T100867,2025-05-05,Z4,74.0,41.6,-3
T100772,2025-03-10,Z5,64.0,34.6,6
T100856,2025-03-08,Z9,51.0,36.1,7
T102138,2025-05-09,Z10,41.0,37.1,6
T102441,2025-05-10,Z8,64.0,36.1,8
T100693,2025-03-01,Z8,57.0,40.9,3
T101116,2025-04-17,Z2,67.0,40.7,-9
T101840,2025/04/19,Z5,56.0,37.3,5
T102055,2025-03-23,Z12,44.0,33.2,8
T100840,2025-03-15,Z6,65.0,40.6,3
T102335,2025-03-03,Z1,49.0,36.1,-2
T102117,2025/05/13,Z2,42.0,42.3,12
T100613,2025-03-01,Z2,65.0,38.7,9
T102436,2025-03-03,Z5,74.0,32.5,4
T102564,2025-04-22,Z12,35.0,30.3,8
T100123,2025-04-21,Z6,56.0,38.0,2
T101947,2025-04-03,Z7,67.0,,0
T101684,2025-03-22,Z9,40.0,21.6,2
T100406,2025/03/30,Z9,55.0,,3
T102095,2025/04/24,Z11,33.0,25.7,1
T101815,2025-03-13,Z5,68.0,39.8,-1
T102573,2025/03/29,Z7,67.0,40.3,8
T100497,2025/04/01,Z8,43.0,22.4,3
T102366,01/03/2025,Z1,42.0,49.9,0
T100342,2025-03-18,Z7,49.0,36.3,13
T101880,2025-04-03,Z11,50.0,33.4,13
T100299,2025-04-25,Z10,49.0,23.2,10
T100700,2025-04-14,Z8,58.0,38.1,9
T101559,2025-03-16,Z1,41.0,34.4,-1
T102522,2025-05-12,Z9,44.0,28.4,5
T100801,2025-03-02,Z4,75.0,40.5,9
T101272,2025-04-16,Z8,55.0,33.2,26
T100220,2025-05-08,Z3,64.0,39.2,5
T101380,2025-04-11,Z7,75.0,33.3,7
T102022,2025-05-05,Z9,47.0,32.3,3
T101244,2025-04-20,Z3,49.0,41.7,4
T100084,2025-04-23,Z1,50.0,43.6,-1
T101123,2025-03-09,Z12,32.0,27.0,5
T100266,11/05/2025,Z6,79.0,33.1,1
T100610,2025/04/07,Z11,47.0,29.5,10
T100290,2025-04-24,Z6,72.0,38.3,5
T101174,2025-03-21,Z2,48.0,38.8,-3
T101091,2025-04-09,Z5,63.0,34.5,5
T100416,2025-05-11,Z4,61.0,43.9,-2
T100472,2025-05-05,Z4,68.0,35.0,5
T100857,2025-05-07,Z12,47.0,22.6,-2
T102144,2025-04-11,Z12,36.0,22.5,5
T102517,2025-04-14,Z2,54.0,45.0,5
T101170,2025-03-09,Z2,55.0,42.7,-5
T100912,2025-03-10,Z8,58.0,40.4,2
T102591,2025-04-16,Z5,67.0,36.0,11
T101055,2025-05-04,Z7,57.0,26.0,9
T100278,2025-03-26,Z11,51.0,28.4,13
T101468,2025-05-02,Z3,61.0,37.6,2
T100802,2025-03-31,Z12,,31.2,7
T101431,2025-03-21,Z3,59.0,37.2,-2
T101102,2025-04-17,Z1,59.0,44.5,5
T100018,2025-03-15,Z8,59.0,36.9,3
T102005,2025-03-10,Z8,74.0,28.5,4
T101977,2025-04-21,Z8,57.0,30.4,7
T102585,2025-04-13,Z2,41.0,42.9,12
T101309,2025-05-04,Z3,51.0,45.8,2
T101163,2025/03/03,Z7,57.0,37.0,8
T101001,20/04/2025,Z8,46.0,,8
T102581,2025-04-17,Z10,41.0,37.6,4
T100866,2025-04-25,Z12,40.0,30.3,6
T100620,2025-03-13,Z7,63.0,36.7,-4
T101624,2025-04-02,Z5,63.0,49.5,4
T101984,2025-04-19,Z2,48.0,52.4,-2
T101667,2025-03-02,Z10,45.0,27.9,7
T102589,2025-04-09,Z6,70.0,39.7,12
T100219,2025-03-07,Z4,52.0,39.0,0
T100601,04/04/2025,Z10,51.0,34.2,7
T102212,2025-05-01,Z5,64.0,31.3,7
T101822,2025-03-15,Z5,64.0,38.6,2
T100303,2025-05-03,Z6,57.0,35.4,4
T101885,2025-04-09,Z12,36.0,31.5,6
T100719,2025-05-09,Z12,44.0,35.2,-6
T101351,2025-05-10,Z8,61.0,39.7,9
T102443,2025-04-25,Z3,54.0,38.1,-3
T100344,16/03/2025,Z5,75.0,32.1,6
T101211,2025-04-28,Z6,59.0,31.5,2
T100907,2025-03-14,Z2,54.0,37.2,33
T101010,2025-05-10,Z12,38.0,28.5,10
T100781,2025-03-30,Z4,56.0,,4
T101857,2025-03-19,Z4,54.0,35.7,4
T102465,2025-04-17,Z12,37.0,28.0,38
T101004,2025-04-24,Z2,50.0,38.8,-4
T102306,2025-05-11,Z3,60.0,39.6,-2
T100707,2025-05-06,Z11,35.0,24.5,7
T101189,2025-04-13,Z1,67.0,35.4,10
T100192,2025-03-31,Z7,55.0,45.8,4
T100174,2025-03-19,Z12,34.0,26.0,10
T102353,2025-04-25,Z3,63.0,35.7,-7
T100662,2025-03-06,Z9,49.0,29.4,8
T101578,2025-04-16,Z4,62.0,36.7,1
T102057,2025-05-07,Z2,60.0,43.7,10
T100798,2025-04-21,Z1,36.0,35.2,-1
T100128,2025-05-03,Z3,58.0,43.3,0
T100340,2025-04-19,Z2,56.0,38.3,0
T102155,2025-03-03,Z11,41.0,28.4,7
T101288,2025-03-01,Z12,41.0,25.7,16
T101087,2025-04-02,Z11,48.0,35.2,11
T100307,2025-04-12,Z1,49.0,,-3
T100637,2025-04-09,Z5,,51.7,4
T100383,2025-03-23,Z2,52.0,32.0,0
T101379,2025-05-10,Z1,49.0,46.6,-2
T102411,2025-04-22,Z12,28.0,,15
T101056,2025-03-25,Z8,48.0,38.8,7
T100177,2025-03-22,Z12,35.0,28.8,18
T100426,2025-05-06,Z12,38.0,26.5,2
T100900,2025-03-03,Z3,51.0,35.3,7
T102417,2025-04-17,Z1,52.0,44.3,2
T101874,2025-04-19,Z5,69.0,35.3,1
T101000,2025-03-08,Z8,62.0,23.1,7
T100184,2025-04-20,Z10,53.0,32.4,12
T101411,2025-04-30,Z12,34.0,27.5,13
T102107,2025-04-12,Z3,55.0,35.7,1
T101777,2025-04-11,Z5,57.0,41.5,2
T102344,2025-03-29,Z12,28.0,29.8,10
T102010,2025-03-15,Z2,55.0,37.1,6
T101640,2025-03-13,Z10,71.0,24.8,2
T101370,2025-03-29,Z9,,23.1,0
T100489,2025-03-19,Z2,47.0,38.6,4
T101307,2025-04-17,Z11,35.0,23.8,10
T100926,2025-05-12,Z5,,38.5,10
T102349,2025-03-02,Z8,55.0,38.9,9
T101317,2025-03-15,Z6,67.0,35.3,-2
T102202,2025-03-13,Z10,45.0,30.5,12
T101655,2025-03-23,Z11,51.0,29.2,11
T102043,2025-03-05,Z12,37.0,28.9,6
T100118,2025-03-01,Z7,50.0,42.0,3
T101876,2025-04-09,Z6,70.0,39.6,7
T100281,2025-03-08,Z3,,40.7,5
T102331,2025-03-18,Z3,67.0,,4
T100742,2025-05-05,Z4,49.0,39.5,1
T101991,2025-03-08,Z3,56.0,40.8,-13
T102429,2025-04-26,Z4,,31.3,20
T101511,2025-05-01,Z11,37.0,25.4,7
T102247,2025-04-06,Z1,47.0,39.0,-4
T101210,09/05/2025,Z6,72.0,31.3,6
T100366,2025-04-02,Z9,54.0,30.5,4
T101465,2025-05-12,Z11,47.0,24.3,7
T100555,2025-04-16,Z1,45.0,48.2,-3
T101350,2025-04-13,Z9,62.0,34.4,8
T101432,2025-03-15,Z6,68.0,31.3,3
T102426,2025-03-21,Z10,36.0,34.2,40
T101389,2025-04-20,Z11,36.0,37.3,-7
T100203,2025-03-28,Z10,44.0,,6
T102547,2025-04-19,Z8,62.0,30.7,1
T101829,2025-04-01,Z1,38.0,43.8,6
T100120,2025-03-21,Z3,59.0,41.0,5
T100283,2025-03-27,Z6,60.0,40.6,-1
T100575,2025-03-16,Z7,61.0,40.1,17
T101807,2025-04-04,Z6,72.0,39.6,5
T101798,2025-04-15,Z8,64.0,30.8,10
T102153,2025-03-17,Z8,61.0,31.4,1
T100275,2025-05-07,Z3,62.0,42.1,6
T101745,07/03/2025,Z8,63.0,33.5,8
T102058,2025-04-03,Z12,35.0,26.2,2
T100360,2025-05-11,Z5,68.0,39.6,0
T101014,2025-03-31,Z5,73.0,38.8,4
T100879,2025-04-10,Z12,33.0,24.2,1
T102595,2025-04-19,Z11,55.0,28.6,9
T100629,2025-03-07,Z7,80.0,33.2,7
T101474,2025-04-16,Z6,68.0,34.6,8
T101675,2025-05-02,Z9,46.0,24.9,18
T101660,2025-05-03,Z5,76.0,34.0,7
T100286,2025-04-06,Z12,47.0,29.0,-13
T100978,2025-04-12,Z8,51.0,28.8,6
T102105,2025-04-15,Z9,42.0,29.6,7
T101292,2025-03-08,Z8,58.0,31.5,-2
T101023,2025-04-01,Z2,44.0,37.1,6
T100423,2025-03-05,Z2,50.0,38.8,4
T101961,2025-04-28,Z4,42.0,41.5,-1
T102463,2025-04-14,Z2,51.0,39.8,4
T102469,2025-04-03,Z2,47.0,40.7,-2
T102491,2025-03-21,Z3,58.0,36.2,-1
T100065,2025-03-17,Z11,40.0,24.7,6
T101784,2025-03-13,Z9,59.0,30.3,2
T101611,2025-05-13,Z8,56.0,30.6,17
T101937,2025-03-16,Z2,46.0,43.1,7
T102325,2025-05-02,Z7,73.0,33.7,2
T100230,2025-03-01,Z11,45.0,24.0,12
T101709,2025-03-19,Z6,65.0,37.3,-3
T100821,2025-04-21,Z6,66.0,,28
T101567,2025-03-08,Z3,47.0,32.3,-13
T101506,2025-04-22,Z3,56.0,40.6,1
T101429,2025-03-15,Z1,50.0,41.6,2
T101933,2025-04-20,Z6,77.0,39.5,-1
T100845,2025-05-04,Z11,42.0,32.2,11
T101161,2025-03-18,Z10,42.0,24.8,7
T100374,2025-03-17,Z12,32.0,41.1,10
T102486,2025-04-29,Z1,44.0,38.9,2
T101652,2025-03-08,Z11,42.0,25.1,5
T101644,2025-05-03,Z6,63.0,34.6,0
T100297,2025-04-29,Z2,51.0,41.4,1
T100598,2025-04-08,Z8,53.0,34.4,6
T101642,2025-05-13,Z6,54.0,35.8,-1
T100099,2025-03-06,Z7,65.0,,9
T100944,2025-03-05,Z4,71.0,36.4,3
T100736,2025-04-05,Z3,59.0,36.9,-6
T100979,2025-03-16,Z11,55.0,29.3,14
T101924,31/03/2025,Z5,81.0,41.5,-2
T100529,2025-04-24,Z9,42.0,32.6,20
T101340,2025-04-28,Z10,39.0,33.2,4
T101099,2025-04-28,Z10,49.0,31.1,3
T101375,2025-04-20,Z3,61.0,38.8,7
T100636,2025-04-29,Z2,54.0,37.4,1
T102288,2025-04-13,Z4,63.0,42.0,6
T100185,2025-04-08,Z6,61.0,41.5,5
T101908,2025-03-22,Z2,43.0,37.7,5
T102201,2025-04-02,Z4,61.0,39.7,-13
T101213,2025-03-24,Z7,53.0,31.5,3
T101518,2025-04-15,Z2,56.0,43.4,8
T101047,2025/04/11,Z8,67.0,36.2,8
T101928,2025-04-19,Z5,66.0,37.6,0
T101113,2025-03-29,Z11,47.0,28.4,5
T100511,2025-04-11,Z12,34.0,36.2,10
T101376,2025-04-19,Z7,52.0,42.0,3
T101229,2025-04-11,Z12,39.0,29.4,-6
T101510,19/03/2025,Z7,59.0,37.7,3
T102172,2025-03-13,Z5,64.0,36.2,1
T100607,2025-04-17,Z3,58.0,,1
T101669,2025-05-03,Z10,49.0,33.2,9
T100940,2025-04-30,Z7,71.0,35.8,12
T100151,2025-04-06,Z10,50.0,34.8,16
T101690,2025-03-17,Z11,33.0,30.1,2
T101461,2025-03-09,Z6,67.0,31.9,6
T101200,2025-03-16,Z8,64.0,31.2,12
T102039,2025-04-14,Z5,72.0,39.2,8
T101005,2025-05-03,Z9,37.0,29.6,12
T102369,2025-04-27,Z8,64.0,29.2,11
T100023,2025-04-27,Z11,32.0,31.4,7
T100158,2025-03-22,Z7,57.0,32.4,13
T102314,2025-05-07,Z3,51.0,35.8,12
T100331,2025-05-04,Z1,41.0,40.1,-4
T102405,2025-05-10,Z11,34.0,31.9,4
T102484,2025-03-22,Z7,68.0,34.4,7
T101862,2025-03-16,Z9,42.0,32.1,4
T100444,2025-04-10,Z1,,40.1,7
T102548,2025-05-04,Z5,60.0,31.0,0
T101558,2025-05-03,Z12,31.0,22.9,8
T100873,2025-05-14,Z7,59.0,32.9,0
T100642,13/04/2025,Z8,,30.4,6
T101349,2025-03-13,Z11,38.0,29.6,8
T100311,2025-03-21,Z5,59.0,37.0,6
T100351,2025-04-07,Z9,67.0,31.5,1
T100548,2025-03-10,Z1,42.0,49.3,1
T101467,2025-03-17,Z2,60.0,43.4,-1
T101446,2025-04-12,Z10,39.0,31.7,16
T101220,10/04/2025,Z1,51.0,45.4,32
T100306,2025-05-07,Z10,45.0,33.7,5
T100287,2025-05-10,Z9,44.0,36.3,8
T100694,2025-03-07,Z6,64.0,32.6,7
T100945,2025-05-01,Z3,54.0,37.8,1
T100630,2025-04-14,Z9,51.0,24.3,2
T102127,2025-03-20,Z12,35.0,33.0,6
T101965,2025-04-20,Z8,68.0,43.1,4
T101064,2025-04-28,Z1,42.0,39.3,4
T102505,2025-03-23,Z7,69.0,31.8,13
T101505,2025-04-22,Z6,58.0,37.9,7
T101377,2025-03-11,Z8,63.0,36.7,8
T102045,2025-04-29,Z9,45.0,34.4,8
T101725,2025-04-13,Z8,45.0,29.2,10
T102193,2025-04-05,Z10,58.0,32.5,5
T101490,2025-03-26,Z5,76.0,40.8,1
T100961,2025-05-09,Z5,66.0,40.0,8
T101702,2025-03-14,Z9,52.0,28.3,7
T101610,2025-03-28,Z10,35.0,34.4,8
T100013,2025-05-03,Z10,41.0,34.2,6
T101058,2025-03-06,Z11,42.0,21.8,9
T100808,2025-05-11,Z10,42.0,28.1,10
T101738,2025-03-27,Z7,67.0,34.7,-5
T100514,2025-04-30,Z11,54.0,27.4,10
T100409,2025-03-19,Z4,61.0,34.7,12
T102334,2025-03-05,Z2,46.0,39.2,7
T100313,2025-03-09,Z11,36.0,34.9,11
T102029,2025-04-06,Z4,71.0,37.3,6
T102275,2025-04-25,Z5,76.0,33.7,3
T100838,2025-05-03,Z1,51.0,,28
T101114,2025-05-13,Z12,34.0,18.8,5
T101368,2025-04-28,Z5,53.0,37.9,6
T100382,2025-04-30,Z4,66.0,39.5,-1
T101185,2025-05-14,Z9,40.0,38.5,9
T101762,2025-03-27,Z10,39.0,35.0,9
T100841,2025-04-02,Z11,43.0,26.6,10
T101106,2025-04-08,Z6,64.0,33.5,-2
T101094,2025-03-07,Z12,37.0,26.6,9
T101127,2025-03-06,Z11,43.0,28.5,14
T100839,2025-03-26,Z2,58.0,35.0,5
T100263,2025-04-01,Z8,49.0,31.5,11
T101027,2025-04-02,Z11,44.0,34.5,6
T102250,2025-04-29,Z1,62.0,48.6,5
T101036,2025-03-10,Z9,51.0,26.7,18
T100415,2025-04-16,Z3,57.0,34.0,9
T100222,2025-04-21,Z1,47.0,45.7,-3
T100358,2025-05-03,Z9,52.0,34.5,2
T101271,2025-04-13,Z8,61.0,33.0,9
T100990,2025-05-04,Z7,70.0,29.3,2
T100008,2025-03-15,Z1,57.0,40.8,1
T102272,2025-03-07,Z2,43.0,40.2,-2
T100316,2025-03-27,Z12,44.0,23.4,8
T100304,2025-05-03,Z12,29.0,26.1,4
T100427,2025-05-10,Z1,40.0,38.4,-3
T100105,2025-04-23,Z3,56.0,36.9,7
T101614,2025-05-11,Z7,37.0,33.6,2
T100121,2025-04-21,Z5,59.0,36.8,3
T100941,2025-04-20,Z6,62.0,27.6,10
T102587,2025-05-02,Z6,81.0,25.9,6
T100932,2025-03-23,Z6,66.0,37.5,4
T101514,2025-03-26,Z4,66.0,42.0,6
T101925,2025-03-12,Z3,63.0,,38
T101333,2025-04-13,Z8,58.0,37.0,3
T100115,2025-05-07,Z2,42.0,43.1,-10
T101090,2025-04-17,Z10,35.0,42.4,6
T100744,2025-04-12,Z5,81.0,36.4,3
T100923,2025-03-19,Z9,53.0,31.4,14
T101691,2025-04-16,Z8,51.0,25.6,4
T102430,2025-03-20,Z11,35.0,43.3,12
T101755,2025-04-01,Z8,54.0,34.6,-5
T102555,2025-05-14,Z7,71.0,38.3,-4
T101352,2025-05-11,Z9,46.0,31.6,9
T100672,2025-03-27,Z11,32.0,30.6,7
T102402,2025-04-08,Z2,52.0,38.4,4
T101455,2025-03-02,Z12,41.0,,2
T101779,2025-04-01,Z12,40.0,,2
T100309,2025-04-21,Z9,50.0,22.5,8
T100591,2025-04-28,Z9,49.0,,5
T100462,2025-05-09,Z2,56.0,46.3,9
T101253,2025-04-17,Z5,72.0,40.1,35
T100045,2025-03-22,Z12,40.0,30.0,5
T101316,2025-04-25,Z9,50.0,36.2,3
T101037,2025-03-07,Z9,64.0,34.2,8
T100552,2025-03-25,Z5,61.0,39.4,-3
T100087,2025-04-19,Z12,46.0,35.9,15
T100690,2025-03-11,Z11,40.0,19.9,9
T101833,2025-04-02,Z6,68.0,30.0,7
T102584,2025-05-10,Z2,49.0,40.9,1
T102510,2025-05-01,Z7,66.0,32.4,2
T101754,2025-05-14,Z10,37.0,32.0,5
T102444,2025-05-10,Z10,50.0,20.3,9
T100800,2025-03-20,Z7,63.0,44.4,5
T102150,2025/03/24,Z12,34.0,25.9,-3
T100300,2025-03-14,Z12,25.0,28.6,7
T102265,2025-05-08,Z7,63.0,42.7,5
T100543,2025-05-10,Z9,,31.9,8
T101909,2025-04-18,Z4,72.0,40.6,9
T102309,2025-05-05,Z8,63.0,40.1,1
T100494,2025-04-13,Z10,40.0,26.7,3
T100365,2025-03-03,Z9,37.0,32.4,2
T102352,2025-03-04,Z12,34.0,24.7,7
T102092,2025-03-11,Z3,,37.1,9
T100273,2025-05-09,Z5,,40.6,4
T100788,2025-03-03,Z10,52.0,32.0,9
T100071,2025-04-30,Z6,68.0,36.4,5
T102295,2025-04-26,Z12,45.0,29.5,9
T101964,2025-03-10,Z2,56.0,40.1,-3
T100063,2025-04-06,Z10,56.0,25.6,7
T100394,2025-03-02,Z11,36.0,31.0,12
T101584,24/04/2025,Z2,53.0,42.3,10
T100343,2025-04-26,Z12,37.0,26.8,13
T101488,2025-05-04,Z9,51.0,39.9,8
T101494,2025-03-23,Z11,43.0,30.4,7
T100500,2025-05-05,Z8,56.0,31.9,1
T101813,2025-04-28,Z1,50.0,45.7,1
T101423,2025-04-21,Z10,62.0,38.4,11
T100677,2025-03-09,Z1,49.0,42.6,-4
T101110,2025-04-23,Z7,54.0,40.5,5
T102571,2025-04-27,Z12,49.0,30.7,2
T102192,2025-05-10,Z4,58.0,41.9,5
T101653,2025-03-13,Z2,66.0,34.7,10
T101190,2025-04-14,Z2,49.0,44.4,6
T100272,2025-03-20,Z12,43.0,32.1,11
T102066,2025-03-24,Z6,48.0,44.6,7
T100205,2025-05-08,Z3,51.0,32.9,4
T100733,2025-03-19,Z11,38.0,29.6,7
T100152,2025-03-29,Z5,60.0,31.6,6
T102370,2025-05-12,Z11,34.0,38.8,10
T100557,2025-03-07,Z10,42.0,23.7,-1
T101525,2025-04-29,Z10,44.0,28.9,-1
T101726,2025-03-06,Z12,40.0,23.3,5
T100377,2025-05-06,Z3,49.0,30.8,2
T101535,2025-05-06,Z11,48.0,37.8,5
T100535,2025-03-29,Z4,52.0,34.3,-2
T101792,2025-03-19,Z11,,34.5,9
T101093,2025-04-09,Z6,66.0,37.8,7
T100969,2025-03-04,Z11,42.0,31.2,4
T100198,2025-03-03,Z9,50.0,33.0,2
T100561,2025-03-13,Z2,55.0,37.4,1
T100685,2025-05-04,Z1,45.0,37.2,5
T102232,2025-04-11,Z4,59.0,40.3,9
T100590,2025-03-31,Z2,45.0,37.3,0
T100519,2025-05-11,Z9,49.0,26.5,8
T100308,2025-04-28,Z1,58.0,35.1,2
T100604,2025-04-13,Z5,75.0,31.0,10
T102245,2025-03-31,Z12,37.0,32.7,8
T101524,2025-04-21,Z3,60.0,41.7,6
T100059,2025-03-28,Z6,70.0,,3
T100583,2025-03-18,Z8,53.0,30.6,4
T100986,2025-04-24,Z6,68.0,33.5,3
T100207,2025-04-30,Z10,53.0,28.4,7
T100491,2025-05-11,Z7,64.0,34.7,40
T100999,2025-03-01,Z5,62.0,41.0,-5
T100785,2025-04-19,Z3,60.0,,8
T101234,2025-05-11,Z3,53.0,43.1,2
T102525,2025-04-23,Z12,35.0,32.5,14
T100792,2025-03-30,Z6,80.0,31.8,7
T100831,2025-03-03,Z1,54.0,35.9,2
T100162,2025-05-07,Z6,69.0,45.3,3
T101251,2025-04-09,Z5,63.0,37.4,4
T101769,2025-04-10,Z12,32.0,27.4,7
T100526,2025-04-19,Z12,43.0,29.0,2
T101321,2025-03-16,Z7,64.0,31.3,39
T100891,17/04/2025,Z5,74.0,39.4,2
T102233,2025-04-09,Z12,34.0,28.9,8
T100256,2025-05-10,Z2,52.0,46.0,1
T100506,2025-04-05,Z3,51.0,46.1,2
T100386,2025-03-10,Z9,48.0,34.6,13
T102210,2025-04-23,Z3,58.0,37.8,3
T100952,2025/03/22,Z1,51.0,40.4,2
T102321,2025-04-21,Z4,67.0,39.7,0
T102371,2025-04-29,Z3,62.0,36.5,8
T102256,2025-03-27,Z10,57.0,37.7,8
T101378,2025-04-25,Z8,63.0,34.5,6
T102378,2025-04-08,Z10,53.0,19.4,11
T101242,2025-05-03,Z2,58.0,40.6,6
T102298,2025-05-06,Z9,52.0,35.4,10
T100020,2025-03-27,Z11,42.0,34.5,6
T101598,2025-04-23,Z12,30.0,26.7,7
T100439,2025-03-19,Z4,75.0,31.1,0
T102223,2025-03-12,Z7,54.0,30.8,6
T100381,2025-03-23,Z8,70.0,37.8,10
T101462,2025-03-28,Z11,40.0,30.8,9
T102516,2025-03-09,Z6,50.0,35.4,4
T100538,2025-03-29,Z7,54.0,30.9,9
T101521,2025-04-26,Z2,47.0,37.4,5
T101034,2025-05-02,Z3,54.0,34.2,1
T100083,2025-03-09,Z8,,35.2,6
T100973,2025-04-21,Z3,64.0,38.8,4
T101029,2025-04-06,Z12,39.0,19.1,3
T102346,2025-03-05,Z12,,26.7,6
T101419,2025-03-30,Z4,73.0,33.7,5
T100883,2025-04-11,Z11,39.0,23.8,11
T102377,2025-03-27,Z2,62.0,38.6,-3
T101591,2025-03-20,Z7,64.0,30.6,3
T101898,2025-04-11,Z6,64.0,24.9,12
T100886,2025-04-29,Z4,65.0,30.9,5
T100270,2025-03-02,Z11,39.0,26.6,8
T101199,2025-03-14,Z11,52.0,33.6,9
T101237,2025-03-12,Z2,52.0,41.2,-4
T102148,2025-03-07,Z9,63.0,34.6,13
T102357,2025-04-17,Z5,56.0,37.6,8
T100976,2025-04-05,Z4,58.0,35.4,4
T101736,2025-05-10,Z1,40.0,49.3,-9
T101855,12/03/2025,Z10,43.0,32.2,36
T102228,28/03/2025,Z6,66.0,35.0,4
T100429,2025-03-15,Z10,46.0,27.0,8
T102017,2025-04-22,Z1,51.0,35.9,3
T102285,2025-04-05,Z2,54.0,,0
T101413,2025-05-07,Z10,51.0,27.0,4
T102296,2025-05-08,Z3,73.0,29.4,9
T100458,2025/05/13,Z12,37.0,25.4,8
T101894,2025-03-07,Z10,47.0,28.4,8
T100927,2025-03-19,Z2,,43.8,-6
T100078,2025-05-06,Z3,60.0,37.0,1
T102527,2025-03-16,Z6,61.0,28.1,10
T101826,2025-05-07,Z3,58.0,35.2,-2
T100032,2025-04-15,Z1,37.0,44.7,1
T100906,2025-04-21,Z7,70.0,34.3,3
T101566,2025-04-22,Z4,50.0,41.2,7
T101075,2025-03-15,Z12,43.0,31.9,8
T102337,2025-03-07,Z10,43.0,31.0,9
T100380,2025-05-06,Z9,56.0,37.4,5
T101647,2025-05-12,Z3,66.0,42.5,-1
T102448,2025-03-30,Z10,44.0,36.3,10
T100715,2025-04-24,Z11,31.0,31.9,9
T101658,2025-03-02,Z7,57.0,40.6,2
T100686,2025-03-25,Z8,65.0,,1
T102222,2025-05-09,Z1,32.0,38.5,-2
T100305,2025-05-01,Z3,55.0,42.3,4
T100209,2025-05-10,Z1,43.0,41.4,0
T101811,2025-04-28,Z4,59.0,43.8,4
T102577,2025-04-02,Z4,65.0,38.3,2
T101159,2025-03-13,Z1,51.0,43.2,5
T100885,2025-03-17,Z9,53.0,30.7,5
T101344,2025/04/14,Z2,60.0,37.6,-7
T102464,2025-04-06,Z4,59.0,34.0,-2
T101255,2025-05-08,Z12,36.0,24.0,13
T100191,2025-03-31,Z11,48.0,20.8,1
T101657,2025-03-15,Z9,48.0,30.4,5
T100483,2025-05-14,Z10,42.0,32.0,2
T100915,2025-04-19,Z1,39.0,45.4,5
T100277,2025-04-20,Z7,55.0,31.2,7
T100988,2025-05-01,Z7,68.0,28.4,5
T101395,2025-03-08,Z11,35.0,33.1,1
T102209,2025-04-09,Z12,32.0,32.7,16
T100571,09/05/2025,Z12,39.0,29.2,10
T100993,2025-03-18,Z4,64.0,36.5,0
T100585,2025-03-27,Z4,65.0,35.5,11
T101186,2025-03-17,Z9,57.0,26.7,9
T102593,2025-05-06,Z8,57.0,34.8,8
T101530,2025-03-19,Z4,55.0,44.3,8
T100674,2025-04-14,Z3,47.0,41.5,11
T102531,2025-05-08,Z11,43.0,36.3,9
T100855,09/05/2025,Z6,64.0,38.4,8
T100447,2025-03-05,Z9,50.0,30.7,0
T101357,2025-03-01,Z7,59.0,30.7,5
T102299,2025-04-17,Z7,,31.6,4
T101869,2025-03-12,Z1,45.0,55.2,7
T102318,2025-03-01,Z8,61.0,29.9,7
T100294,2025-04-01,Z5,60.0,36.8,6
T100588,2025-03-18,Z12,42.0,25.0,9
T101831,2025-05-02,Z5,64.0,37.6,7
T101735,2025-04-14,Z3,65.0,31.5,4
T102093,2025-03-10,Z11,43.0,30.5,10
T101861,2025-03-25,Z6,72.0,32.7,6
T100425,2025-03-03,Z7,57.0,38.6,13
T100534,2025-04-23,Z6,78.0,32.3,8
T101054,2025-03-15,Z2,46.0,,-3
T101404,2025-04-18,Z5,70.0,35.3,4
T102171,2025-05-01,Z3,64.0,39.1,3
T101080,2025-03-03,Z5,80.0,42.5,5
T102566,2025/03/28,Z7,47.0,38.3,2
T101382,2025/05/08,Z2,42.0,37.7,-1
T101374,2025/03/24,Z6,62.0,40.6,-1
T102028,2025-03-29,Z4,62.0,38.5,0
T102305,2025-03-27,Z2,44.0,29.6,-5
T101793,2025-05-02,Z4,65.0,39.3,4
T100556,2025-04-09,Z9,57.0,33.3,3
T101871,2025-03-06,Z6,57.0,,5
T101208,2025-04-22,Z10,53.0,39.4,4
T102322,2025-03-24,Z4,57.0,41.7,-1
T100570,2025-03-28,Z7,45.0,37.9,9
T100352,2025-03-22,Z10,51.0,24.9,5
T100091,2025-03-11,Z1,51.0,,-3
T102196,2025-05-06,Z9,56.0,28.0,5
T101124,2025-03-07,Z6,85.0,36.6,5
T102190,2025-05-13,Z9,67.0,25.3,11
T102024,2025-04-16,Z8,69.0,31.8,32
T100697,2025-05-12,Z10,45.0,34.7,10
T102173,2025-05-08,Z3,54.0,34.9,0
T100348,2025-04-22,Z1,50.0,45.7,2
T101177,2025-05-09,Z9,52.0,33.3,12
T102008,2025-04-23,Z2,60.0,41.0,2
T101723,2025-03-01,Z5,73.0,38.6,0
T102269,2025-03-26,Z6,50.0,29.4,9
T101100,2025-04-27,Z4,64.0,43.5,5
T102466,23/04/2025,Z5,78.0,45.4,5
T102452,2025-03-28,Z5,63.0,36.8,-5
T102158,2025-04-20,Z9,64.0,27.0,16
T100453,09/03/2025,Z7,53.0,,-8
T100913,2025-04-26,Z1,58.0,41.1,-9
T101406,2025-04-10,Z11,43.0,19.7,4
T100037,2025-03-31,Z6,74.0,40.5,-4
T100974,2025-05-13,Z10,51.0,18.0,26
T101889,2025-03-05,Z3,53.0,30.5,5
T102240,04/04/2025,Z9,63.0,35.0,5
T100039,2025-04-05,Z9,49.0,35.0,6
T101697,2025-04-22,Z7,52.0,35.6,5
T100169,2025-03-29,Z9,55.0,32.3,5
T101921,2025-05-12,Z11,38.0,31.7,7
T101325,2025-04-23,Z4,53.0,41.4,4
T101512,2025-05-11,Z11,38.0,27.8,7
T100634,2025-03-07,Z2,49.0,38.1,-1
T101447,2025-03-07,Z1,38.0,43.7,-1
T100579,2025/04/16,Z8,65.0,35.0,8
T102392,2025-04-11,Z9,53.0,21.3,6
T102128,2025-05-07,Z10,49.0,28.1,14
T100892,2025/04/20,Z6,56.0,39.6,3
T100780,2025-04-10,Z7,79.0,36.7,3
T100159,2025-04-17,Z10,49.0,28.0,6
T101165,2025-04-27,Z10,51.0,34.9,11
T101247,2025-03-24,Z9,52.0,32.5,6
T100061,2025-04-13,Z10,45.0,33.6,11
T100849,2025-04-01,Z6,70.0,34.1,2
T102121,2025-05-01,Z2,56.0,51.9,7
T102508,2025-05-11,Z1,47.0,35.3,6
T101043,2025-04-17,Z2,52.0,39.0,-2
T101992,2025-03-21,Z6,64.0,39.2,7
T102358,2025-04-12,Z11,37.0,42.0,12
T101221,2025-03-14,Z6,,35.3,1
T101070,2025-03-24,Z12,34.0,25.4,20
T100053,2025-03-19,Z10,51.0,35.5,8
T102473,2025-03-13,Z8,64.0,30.3,25
T100505,2025-05-04,Z8,67.0,37.9,8
T100752,2025-04-24,Z6,67.0,39.1,8
T101761,2025-04-25,Z1,51.0,35.1,9
T101752,2025/04/07,Z2,47.0,35.5,-2
T101507,2025-03-01,Z7,72.0,34.2,6
T101146,2025/03/09,Z8,,29.2,6
T102597,2025-05-05,Z7,65.0,29.2,4
T102137,2025-05-12,Z4,75.0,37.6,1
T100771,2025-05-03,Z3,57.0,39.2,-2
T102559,2025-05-01,Z11,40.0,29.5,2
T102410,2025-05-10,Z7,74.0,30.5,1
T101085,2025-03-18,Z12,38.0,28.5,3
T101293,2025-03-25,Z9,57.0,36.8,8
T101289,2025-04-23,Z6,61.0,34.1,4
T101241,2025-04-13,Z12,30.0,28.4,5
T102018,2025-05-03,Z10,41.0,32.6,4
T101266,2025-03-18,Z2,62.0,26.3,1
T101290,2025-03-11,Z11,46.0,27.4,7
T100963,2025-04-25,Z11,44.0,22.7,16
T101260,2025-03-14,Z5,66.0,33.8,3
T100398,2025-04-28,Z2,54.0,44.5,-5
T100584,2025-04-13,Z5,66.0,41.1,5
T100948,2025-03-05,Z9,58.0,24.7,8
T100704,2025-03-20,Z8,49.0,22.1,2
T100431,2025-03-30,Z5,76.0,35.2,-2
T100292,2025-03-11,Z7,52.0,23.3,1
T102009,2025-04-09,Z10,38.0,35.2,42
T101564,2025-03-19,Z7,59.0,41.5,5
T101651,2025-04-12,Z5,62.0,37.0,2
T100002,2025-04-19,Z5,51.0,22.8,7
T100576,2025/03/24,Z1,37.0,37.7,5
T101941,2025-04-09,Z1,43.0,38.0,-4
T100339,2025-04-09,Z7,62.0,34.6,7
T101196,2025-05-10,Z1,45.0,39.2,6
T100925,08/04/2025,Z3,65.0,52.6,-2
T100265,2025-04-08,Z10,45.0,33.4,3
T100376,2025-04-15,Z5,75.0,38.8,8
T100271,2025-03-19,Z3,53.0,44.0,0
T100696,2025/04/18,Z5,68.0,34.3,9
T101939,2025-04-22,Z1,,41.0,4
T100244,2025-03-12,Z2,46.0,41.7,-1
T101786,2025-03-17,Z8,37.0,40.4,11
T100476,2025-04-24,Z5,56.0,36.1,3
T102142,2025-03-17,Z4,64.0,40.2,3
T101295,2025-04-01,Z4,59.0,42.0,6
T102297,2025-05-09,Z8,55.0,32.1,9
T102119,2025-03-24,Z5,55.0,38.6,27
T101451,2025-03-05,Z1,59.0,48.5,-1
T102455,2025-04-03,Z12,28.0,39.3,5
T100250,2025-03-16,Z7,45.0,34.1,5
T100413,2025-04-06,Z5,58.0,31.8,1
T101842,2025-03-30,Z3,58.0,44.4,-8
T101789,2025-04-15,Z3,67.0,42.4,7
T100310,2025-03-19,Z9,45.0,29.2,15
T100893,2025-05-09,Z4,51.0,30.1,3
T101131,2025-03-13,Z10,,25.8,3
T102520,2025-03-24,Z3,53.0,39.0,-1
T100015,2025-05-12,Z10,40.0,33.2,13
T101472,2025-05-08,Z5,69.0,40.6,4
T100721,2025-03-23,Z11,43.0,35.2,5
T102282,2025-05-01,Z4,61.0,39.8,6
T100981,2025-04-22,Z8,55.0,38.5,10
T102194,2025-03-14,Z6,60.0,39.9,8
T102098,2025-05-07,Z11,36.0,31.2,7
T100363,2025-03-12,Z1,50.0,38.4,5
T101508,2025-03-02,Z4,64.0,39.1,0
T100182,2025-03-12,Z3,46.0,41.7,3
T100985,2025-04-23,Z1,45.0,43.2,3
T101503,2025-03-20,Z7,65.0,40.5,7
T101194,2025/03/06,Z2,50.0,42.7,-8
T101441,2025-05-02,Z7,58.0,39.9,-7
T101261,2025-03-29,Z2,52.0,38.1,2
T101121,2025-04-03,Z1,42.0,42.2,6
T100187,2025-04-02,Z4,64.0,39.0,5
T100619,2025-04-04,Z2,58.0,43.5,1
T101216,2025-03-06,Z7,54.0,30.9,8
T101175,2025-04-09,Z3,50.0,35.4,8
T101953,2025-05-08,Z5,76.0,37.1,-1
T100614,2025-03-03,Z8,60.0,29.6,-1
T101623,11/05/2025,Z5,68.0,33.9,9
T100994,2025-03-26,Z1,46.0,38.7,0
T100934,2025-04-08,Z2,57.0,40.1,-4
T100371,2025-03-29,Z6,46.0,35.7,-1
T101450,2025/05/08,Z1,46.0,46.2,2
T100593,2025-04-08,Z3,68.0,32.9,-1
T100726,2025-03-17,Z6,73.0,39.6,6
T101999,2025-05-06,Z4,49.0,38.3,5
T100687,2025-04-16,Z11,34.0,21.4,-3
T101801,2025-05-02,Z12,26.0,20.3,13
T100136,17/03/2025,Z7,60.0,33.9,6
T100628,2025-03-18,Z2,50.0,25.8,0
T100334,2025-03-08,Z9,52.0,30.8,9
T101602,22/03/2025,Z12,40.0,32.3,11
T101951,2025-05-12,Z2,46.0,39.0,7
T101109,2025/05/10,Z6,66.0,35.0,1
T102461,2025-05-14,Z2,61.0,39.6,5
T101936,2025-03-28,Z8,62.0,38.6,27
T100710,2025-04-09,Z12,43.0,23.8,7
T101039,2025/04/06,Z10,51.0,24.0,27
T101418,2025-05-08,Z1,56.0,37.9,-2
T101565,2025-04-28,Z6,,36.6,7
T102394,2025-03-26,Z3,45.0,37.0,3
T101112,2025-05-10,Z6,59.0,37.8,14
T100465,2025-04-20,Z6,62.0,32.3,8
T101223,2025/04/20,Z9,,35.4,-3
T102355,2025-03-09,Z12,35.0,16.7,9
T102570,2025/04/03,Z3,56.0,39.9,10
T102011,2025-03-18,Z3,49.0,35.5,2
T101104,2025-05-02,Z8,52.0,33.8,6
T101502,2025-05-13,Z5,78.0,30.2,9
T100338,2025-04-24,Z3,60.0,44.0,5
T102163,2025-03-03,Z11,45.0,24.1,4
T102181,2025-03-28,Z10,,21.1,6
T101381,2025-04-08,Z3,54.0,43.0,2
T101268,2025-04-28,Z3,49.0,36.9,6
T102188,2025-05-06,Z3,58.0,35.8,1
T100816,2025-03-03,Z7,62.0,38.0,-1
T101067,2025-03-04,Z6,67.0,29.9,12
T100274,2025-03-17,Z6,,32.4,-11
T101845,2025-03-12,Z12,29.0,27.6,5
T100865,2025-03-21,Z4,63.0,,4
T100101,2025-05-12,Z5,59.0,35.6,0
T101672,2025-05-13,Z5,71.0,33.0,3
T100107,2025-04-28,Z3,58.0,45.7,5
T102356,2025-03-03,Z3,71.0,41.7,25
T102588,2025-03-05,Z3,60.0,38.5,0
T101739,2025-04-13,Z5,67.0,39.7,5
T101475,2025/03/03,Z5,59.0,32.4,36
T102509,2025-04-17,Z1,46.0,34.3,6
T101650,2025-03-02,Z11,54.0,26.4,10
T101860,2025-04-06,Z10,47.0,21.4,12
T102001,2025-03-26,Z3,60.0,49.4,8
T101517,2025-03-15,Z11,57.0,30.0,11
T101622,2025-03-19,Z8,55.0,31.4,7
T100712,2025-05-08,Z6,79.0,27.8,5
T100072,2025-03-16,Z2,60.0,36.5,6
T101995,2025-05-05,Z2,67.0,38.9,1
T102501,2025-03-30,Z10,51.0,34.8,26
T100481,2025-03-08,Z11,46.0,28.0,5
T102569,2025-04-26,Z7,66.0,26.7,4
T101539,2025-03-24,Z4,60.0,42.9,2
T102565,2025-04-13,Z7,48.0,35.1,3
T101171,2025-04-06,Z12,40.0,28.1,8
T102125,2025-04-03,Z6,51.0,29.1,6
T101554,2025-04-13,Z1,45.0,44.3,-3
T100405,2025-05-08,Z12,38.0,30.7,6
T100757,2025-04-06,Z9,61.0,30.1,20
T101476,2025-03-28,Z12,29.0,26.9,10
T102425,2025-04-18,Z12,39.0,30.1,14
T101414,2025-04-22,Z2,48.0,45.6,5
T101918,2025-03-08,Z9,59.0,25.0,7
T102562,2025-04-16,Z7,45.0,37.8,10
T100743,2025-05-10,Z3,48.0,38.0,3
T100806,2025-03-13,Z4,67.0,39.2,3
T102404,2025-05-10,Z5,66.0,43.1,5
T101427,2025-03-12,Z7,63.0,,3
T102166,2025-03-31,Z4,56.0,45.3,10
T101553,2025-04-27,Z2,42.0,43.8,3
T100148,2025-03-01,Z1,57.0,31.2,-2
T101911,2025-03-15,Z3,59.0,40.9,-4
T101556,2025-03-25,Z5,81.0,32.6,-2
T100692,2025-03-15,Z6,70.0,34.7,10
T100818,2025-03-20,Z8,58.0,31.2,-2
T101905,2025-03-25,Z8,64.0,34.2,2
T101562,2025-04-04,Z3,68.0,35.1,2
T101859,2025-04-28,Z5,73.0,37.4,7
T100701,2025-05-10,Z7,59.0,28.5,4
T102303,2025-03-31,Z8,56.0,33.5,9
T100921,2025-03-22,Z3,49.0,38.7,7
T100905,2025-05-04,Z4,53.0,34.8,0
T100454,2025/04/22,Z9,49.0,30.0,1
T101607,2025-04-09,Z3,68.0,40.3,8
T102023,2025-03-13,Z3,60.0,42.9,8
T102529,2025-04-09,Z5,59.0,44.2,9
T100167,2025-04-07,Z11,39.0,31.1,10
T100730,2025-04-13,Z3,49.0,41.4,-3
T101713,2025-04-04,Z2,49.0,45.0,5
T101310,2025-03-07,Z7,66.0,33.5,-1
T100026,2025-04-15,Z1,52.0,35.8,2
T101457,2025-03-21,Z12,47.0,31.9,11
T102557,2025-03-29,Z7,47.0,37.0,5
T100997,26/04/2025,Z10,41.0,36.5,10
T101176,2025-05-01,Z12,37.0,24.1,7
T101040,2025-03-29,Z5,64.0,30.9,10
T101760,2025-04-20,Z10,48.0,22.8,4
T101361,2025-04-02,Z10,46.0,20.8,3
T102048,2025-03-18,Z12,49.0,26.7,10
T100041,2025-04-23,Z5,67.0,30.1,1
T102387,2025-04-22,Z1,53.0,37.9,-1
T101765,2025-03-18,Z10,54.0,,7
T101849,2025-03-02,Z9,75.0,32.5,4
T101854,2025-04-30,Z10,49.0,33.2,6
T101362,2025-03-07,Z10,41.0,25.9,8
T100609,2025-03-04,Z1,50.0,49.0,7
T101132,2025/03/12,Z2,39.0,36.7,3
T100028,2025-04-01,Z6,80.0,32.5,9
T100441,2025-04-05,Z5,75.0,41.7,4
T101748,2025-04-08,Z11,35.0,26.9,3
T101714,2025-04-22,Z8,51.0,33.3,1
T100493,2025-03-24,Z12,34.0,29.0,7
T101258,2025-04-11,Z7,52.0,30.4,8
T101301,2025-03-25,Z4,57.0,,35
T102554,2025-04-30,Z11,37.0,23.0,1
T101304,2025-04-15,Z10,38.0,35.2,8
T100236,2025-05-11,Z8,62.0,35.5,2
T100551,2025-05-11,Z2,63.0,36.7,7
T100520,2025-03-13,Z10,51.0,35.4,6
T101804,2025-03-28,Z9,60.0,33.1,6
T101232,2025-03-24,Z9,51.0,30.4,6
T101138,2025-04-06,Z12,34.0,26.1,8
T100720,2025-03-24,Z3,68.0,32.5,9
T100735,2025-03-02,Z8,56.0,35.2,6
T102304,2025/03/21,Z3,57.0,43.9,23
T100058,2025-05-02,Z1,54.0,45.0,3
T100631,2025-04-05,Z5,75.0,38.6,4
T101181,2025-04-19,Z4,48.0,33.8,2
T101783,2025-04-18,Z9,58.0,30.3,-1
T100592,2025-03-02,Z10,52.0,30.8,6
T101303,2025-04-13,Z12,31.0,31.1,2
T102268,2025-04-19,Z6,62.0,34.1,4
T100939,2025-04-14,Z1,43.0,35.5,1
T102422,2025-05-02,Z8,57.0,30.7,5
T101249,2025-03-09,Z5,76.0,32.8,3
T100904,2025-05-02,Z3,62.0,38.6,-2
T101279,2025-05-08,Z9,37.0,33.0,5
T102079,2025-05-01,Z6,56.0,37.8,2
T102495,2025-04-05,Z10,43.0,33.7,10
T101674,2025-04-05,Z11,36.0,23.0,6
T102123,2025-05-05,Z10,50.0,29.5,8
T102014,2025-04-15,Z12,33.0,28.1,16
T102556,2025-03-10,Z4,80.0,37.1,-1
T100706,2025-04-05,Z2,52.0,41.0,0
T101022,2025-03-29,Z3,72.0,44.5,2
T100745,2025-05-01,Z7,47.0,32.7,13
T101985,2025-03-22,Z10,54.0,32.2,9
T101546,2025-05-10,Z6,75.0,31.7,-9
T100513,2025-04-15,Z2,55.0,30.2,4
T100081,2025-03-19,Z7,62.0,33.7,6
T102308,2025-03-26,Z7,63.0,38.1,2
T101308,2025-03-14,Z6,57.0,24.2,1
T100914,2025-05-05,Z4,55.0,35.3,1
T102397,2025-04-20,Z9,51.0,38.1,5
T101971,2025-05-07,Z10,44.0,33.6,4
T100150,2025-05-06,Z12,39.0,27.1,6
T100774,2025-05-02,Z6,49.0,40.7,5
T100329,2025-03-18,Z8,44.0,34.7,10
T100006,2025-04-15,Z4,63.0,39.5,3
T100943,2025-03-02,Z7,67.0,40.4,8
T101729,2025-03-20,Z12,35.0,,12
T100734,2025-03-29,Z11,33.0,33.9,2
T100909,2025-05-07,Z3,58.0,30.5,3
T100468,2025-03-01,Z9,49.0,23.3,4
T100181,2025-03-16,Z6,66.0,36.8,5
T100164,2025-04-12,Z9,50.0,33.6,3
T100451,2025-04-23,Z2,48.0,38.8,-3
T100490,2025-03-28,Z12,43.0,24.2,5
T101513,2025-03-12,Z7,79.0,38.5,5
T101143,2025-04-19,Z5,66.0,40.1,1
T101311,2025-04-18,Z6,62.0,37.8,7
T102283,2025-04-17,Z12,47.0,27.3,44
T101111,2025-05-14,Z11,47.0,18.7,13
T102477,2025-03-26,Z5,67.0,35.3,3
T101422,2025-04-07,Z11,50.0,33.3,13
T101609,2025-03-02,Z7,60.0,32.8,5
T101858,2025-04-13,Z11,39.0,32.6,13
T102099,2025-03-05,Z11,40.0,34.4,1
T101639,2025-03-11,Z9,49.0,28.0,6
T102007,2025-04-24,Z1,47.0,48.1,-3
T102000,23/04/2025,Z8,56.0,38.4,13
T101943,2025-04-21,Z5,80.0,38.7,2
T100327,2025-03-05,Z7,65.0,30.7,9
T100442,2025-04-12,Z12,32.0,34.2,17
T102476,2025-04-01,Z6,66.0,36.1,5
T102439,2025-03-06,Z10,49.0,36.1,5
T100832,2025-03-10,Z3,52.0,40.8,5
T102054,2025/04/26,Z2,44.0,41.3,7
T101641,2025/05/11,Z12,27.0,26.3,11
T101201,2025/04/12,Z9,53.0,34.6,0
T101420,2025-03-07,Z5,66.0,30.4,-11
T100086,2025-03-02,Z5,71.0,33.6,3
T101403,2025-04-04,Z11,41.0,32.4,12
T102538,2025-04-08,Z1,43.0,40.5,2
T100777,2025-04-23,Z6,77.0,38.9,6
T101618,2025-05-03,Z6,71.0,40.0,9
T100054,2025-04-14,Z2,60.0,39.5,7
T102034,2025/04/03,Z9,61.0,25.5,2
T101287,2025-04-01,Z7,60.0,34.0,0
T101828,2025-04-25,Z7,74.0,37.4,4
T101708,2025-03-29,Z1,50.0,44.7,7
T101245,2025-03-07,Z10,57.0,25.1,13
T100113,2025-03-17,Z3,53.0,38.0,-1
T102438,2025-03-16,Z6,69.0,33.5,4
T100987,2025-03-19,Z8,57.0,26.8,9
T102044,2025/03/05,Z8,56.0,31.4,-1
T102286,2025-03-29,Z10,41.0,,4
T101009,2025-04-02,Z1,44.0,40.6,-3
T101198,2025-04-22,Z4,63.0,35.5,7
T101394,2025-03-26,Z3,53.0,35.0,7
T100589,2025-04-25,Z2,45.0,36.5,4
T100768,2025-03-27,Z2,53.0,42.4,3
T100017,30/04/2025,Z4,59.0,40.3,0
T101042,2025-03-17,Z9,57.0,32.9,15
T102134,2025-04-18,Z3,,39.8,6
T100285,2025-03-04,Z12,43.0,26.3,35
T100428,2025-04-04,Z5,65.0,38.1,2
T101328,2025-04-22,Z9,49.0,36.6,5
T102221,2025-03-11,Z12,36.0,23.3,9
T100669,2025-03-16,Z4,61.0,37.6,1
T100031,2025-04-30,Z2,55.0,41.5,2
T101341,2025-03-22,Z6,65.0,37.7,8
T100722,2025-03-10,Z5,64.0,44.7,-2
T100951,09/03/2025,Z5,66.0,42.2,4
T101913,2025-04-23,Z4,63.0,33.9,2
T100214,2025-03-30,Z10,64.0,32.3,8
T101940,2025-03-17,Z10,,30.9,16
T101164,2025-04-24,Z10,41.0,30.9,9
T100326,2025-04-24,Z4,67.0,33.7,0
T100560,2025-04-15,Z12,42.0,33.1,-4
T101383,2025-04-17,Z2,42.0,37.8,5
T101086,2025-04-05,Z10,54.0,23.3,8
T102399,2025-04-18,Z4,65.0,37.9,-2
T100341,2025-04-02,Z8,50.0,28.4,-2
T100147,2025-04-28,Z7,62.0,33.8,8
T101997,2025-04-13,Z4,55.0,32.1,0
T102503,2025-03-04,Z3,61.0,35.0,8
T101107,2025-03-20,Z7,58.0,31.7,9
T100848,2025-04-26,Z7,49.0,39.4,12
T100966,2025-04-28,Z3,55.0,40.8,3
T101072,2025-03-13,Z9,58.0,30.9,14
T100155,04/03/2025,Z10,46.0,32.0,5
T101805,2025-03-29,Z5,69.0,39.0,3
T101742,2025-04-13,Z2,62.0,39.3,2
T101002,2025-03-25,Z6,67.0,33.8,9
T102002,2025-03-26,Z12,32.0,32.3,4
T102502,2025-04-14,Z8,49.0,25.9,11
T102302,2025-04-02,Z5,65.0,,8
T102376,2025-04-11,Z5,60.0,41.3,4
T102540,2025-04-09,Z7,72.0,25.7,4
T101203,2025-05-13,Z9,57.0,35.6,29
T101771,2025-04-03,Z8,55.0,33.1,11
T102442,2025-03-05,Z8,50.0,30.4,3
T101509,27/04/2025,Z3,61.0,45.2,3
T101601,2025-03-04,Z8,69.0,32.6,4
T101938,2025-05-02,Z8,52.0,32.7,6
T100875,2025-04-02,Z6,53.0,41.6,2
T102507,2025-03-22,Z11,47.0,26.9,11
T100938,2025-03-30,Z12,44.0,32.7,11
T102338,2025-04-19,Z1,54.0,36.7,4
T100346,2025-04-10,Z11,44.0,,5
T102174,2025-04-10,Z7,52.0,34.4,9
T102574,2025-04-04,Z2,47.0,37.7,0
T101538,2025-03-11,Z8,67.0,35.1,5
T100385,2025-04-23,Z4,58.0,40.8,1
T101818,2025-03-16,Z5,,37.8,8
T101879,2025-03-08,Z6,62.0,34.8,4
T100243,2025-04-11,Z10,36.0,33.4,6
T101615,2025-03-10,Z10,54.0,32.7,8
T100936,2025-03-25,Z7,57.0,35.7,36
T102456,2025-03-05,Z6,63.0,32.2,2
T100312,2025-03-22,Z9,,28.8,11
T101459,2025/04/12,Z12,41.0,33.1,7
T102537,2025-03-02,Z5,45.0,28.5,10
T102170,2025-03-09,Z8,70.0,33.7,6
T101332,2025-04-24,Z8,58.0,29.5,-1
T100968,2025-04-19,Z3,59.0,34.1,4
T101454,2025-03-04,Z9,63.0,32.2,1
T100660,2025-03-22,Z1,54.0,37.0,2
T100935,2025/05/07,Z3,42.0,37.3,3
T100370,2025-04-19,Z4,60.0,34.1,3
T100566,2025-04-02,Z1,45.0,40.3,5
T101024,2025-03-11,Z8,60.0,31.6,7
T100824,30/04/2025,Z4,62.0,39.7,10
T100982,2025-03-19,Z5,47.0,33.1,3
T102102,15/04/2025,Z9,52.0,31.7,-1
T101592,2025-03-13,Z3,57.0,41.9,0
T102239,2025-03-13,Z8,59.0,37.2,8
T101850,2025-04-24,Z11,41.0,22.2,11
T100813,2025-03-21,Z1,,39.2,4
T101430,2025-04-18,Z4,70.0,38.5,-11
T100778,2025-03-08,Z3,56.0,29.6,0
T101320,2025-04-04,Z11,43.0,26.3,-4
T101645,2025-03-20,Z9,54.0,32.6,7
T102490,2025-03-31,Z8,51.0,31.8,0
T101052,2025-03-07,Z12,31.0,33.6,11
T101966,2025-03-19,Z1,52.0,49.8,-5
T101013,2025-03-10,Z5,79.0,42.8,8
T101401,2025-03-25,Z7,76.0,37.2,10
T102236,2025-03-11,Z11,44.0,24.5,5
T102161,2025-03-13,Z5,76.0,33.0,-3
T101902,2025-03-15,Z11,44.0,29.5,14
T100126,2025-04-01,Z8,51.0,,39
T100887,2025-03-09,Z4,59.0,39.6,3
T102129,2025-04-14,Z6,71.0,37.2,3
T101347,2025-03-15,Z11,47.0,29.6,12
T101007,2025-04-25,Z11,42.0,32.2,17
T100355,2025-03-29,Z12,43.0,22.1,14
T101003,2025-04-16,Z5,60.0,36.6,4
T101483,2025-05-14,Z5,68.0,40.0,-5
T100682,2025-04-20,Z11,43.0,25.3,11
T100827,2025-05-09,Z3,66.0,45.3,-9
T101613,2025-05-10,Z4,54.0,39.8,-2
T100984,2025-04-16,Z7,63.0,42.3,8
T101233,2025-04-08,Z12,43.0,17.3,6
T102211,2025-04-13,Z5,57.0,35.6,8
T100140,2025-04-25,Z7,67.0,34.9,-13
T100217,2025-04-25,Z8,62.0,,3
T102136,2025-04-03,Z8,59.0,27.6,7
T101963,2025/03/23,Z6,61.0,44.8,3
T102311,2025-03-22,Z7,64.0,32.9,39
T101844,2025-03-08,Z4,73.0,36.8,0
T101659,2025-04-30,Z12,27.0,29.9,8
T100022,2025-04-30,Z1,46.0,38.7,1
T100711,2025-03-14,Z11,48.0,29.7,14
T101157,2025-04-11,Z5,63.0,40.6,8
T101590,2025-03-19,Z6,65.0,34.1,8
T100871,2025-03-16,Z8,51.0,35.1,9
T101582,2025-05-06,Z8,42.0,35.1,7
T100010,2025-03-11,Z5,56.0,37.5,5
T101888,2025-04-20,Z6,66.0,41.3,18
T102453,2025-04-27,Z8,49.0,45.0,7
T101837,2025-03-02,Z9,60.0,24.9,10
T101315,2025-04-25,Z5,50.0,37.5,-3
T100754,2025-03-29,Z3,61.0,40.1,1
T100626,2025-04-23,Z11,52.0,30.1,10
T101917,2025-03-07,Z6,61.0,33.4,37
T102545,2025-03-15,Z11,38.0,32.9,5
T100129,2025-05-08,Z8,44.0,40.0,0
T100843,2025-04-16,Z8,47.0,34.0,10
T100323,2025-03-01,Z7,76.0,30.6,-3
T101835,2025/04/24,Z2,55.0,41.0,30
T102189,2025-04-15,Z2,68.0,44.7,6
T101284,2025-04-09,Z2,49.0,43.4,-3
T102519,2025-05-06,Z6,60.0,37.7,6
T100014,2025-05-04,Z1,47.0,35.1,1
T100947,2025-04-21,Z4,72.0,36.8,3
T100215,2025-04-29,Z3,61.0,37.4,7
T101763,2025-04-07,Z4,61.0,44.4,2
T102328,2025-04-14,Z3,68.0,34.7,-2
T101182,2025-04-30,Z7,71.0,33.2,5
T101790,2025-03-08,Z1,50.0,38.7,-3
T101694,2025-03-12,Z3,57.0,44.4,7
T100864,2025-04-16,Z9,51.0,36.0,9
T100516,2025-05-09,Z2,52.0,43.5,6
T101545,2025-04-17,Z12,30.0,33.6,13
T100597,2025-03-17,Z12,35.0,20.3,7
T100195,2025-03-10,Z7,61.0,36.8,2
T101277,2025-04-10,Z6,56.0,40.1,8
T100288,2025-04-02,Z5,63.0,,0
T100950,2025-05-07,Z2,48.0,36.7,9
T102447,2025-03-13,Z9,65.0,29.8,0
T101978,2025-03-26,Z2,55.0,34.1,2
T102478,2025-04-22,Z12,37.0,,8
T101120,2025-03-09,Z4,53.0,37.4,-1
T101706,2025-03-26,Z6,73.0,37.4,3
T100549,2025-05-05,Z12,34.0,30.6,8
T100156,2025-03-14,Z5,60.0,43.2,4
T100419,2025-03-26,Z10,54.0,27.2,10
T100922,2025-05-07,Z9,47.0,29.9,4
T101780,2025-03-21,Z7,72.0,28.3,8
T100477,2025-05-14,Z5,59.0,33.9,8
T101744,2025-04-05,Z1,44.0,41.2,6
T101788,2025-04-13,Z4,46.0,32.9,3
T101523,2025-03-18,Z8,61.0,30.8,5
T101471,2025-04-03,Z11,43.0,23.1,12
T100553,2025-04-13,Z1,43.0,36.5,4
T101202,2025-05-12,Z12,40.0,42.9,16
T100390,2025-04-30,Z7,,35.1,3
T100578,2025-04-10,Z8,55.0,31.1,12
T102409,10/03/2025,Z4,72.0,43.4,5
T102195,2025-03-03,Z2,40.0,42.0,4
T102360,2025/04/26,Z6,76.0,31.1,11
T100820,2025-03-29,Z9,52.0,36.8,6
T102488,2025-03-10,Z5,66.0,39.2,5
T101006,2025-03-10,Z1,46.0,39.9,0
T101248,2025-03-19,Z11,42.0,29.1,13
T102403,2025/05/04,Z3,51.0,44.2,4
T100664,2025-03-26,Z9,61.0,32.7,5
T102307,2025-05-01,Z12,48.0,31.7,44
T100142,2025-03-18,Z3,60.0,38.7,8
T102266,2025-05-03,Z1,54.0,34.8,2
T101979,2025-03-26,Z10,56.0,31.0,9
T100421,2025-03-31,Z9,52.0,31.4,8
T100799,17/04/2025,Z8,65.0,26.4,7
T102064,2025-05-09,Z10,50.0,25.7,8
T100615,2025-05-01,Z6,55.0,30.6,-2
T101318,2025-04-26,Z4,60.0,37.8,9
T100295,2025-04-26,Z2,49.0,42.9,0
T100401,2025-03-04,Z10,56.0,33.4,9
T100088,2025-05-14,Z7,59.0,31.8,7
T102132,2025-04-16,Z6,72.0,31.6,5
T102572,2025-04-21,Z3,60.0,32.3,9
T100131,2025-03-28,Z1,39.0,37.6,2
T102421,2025-03-28,Z1,42.0,33.6,6
T102420,2025-03-03,Z10,53.0,28.6,3
T101809,2025-03-05,Z10,55.0,28.4,10
T101402,2025-03-15,Z7,61.0,29.9,7
T102140,2025-03-19,Z10,50.0,27.7,4
T102258,2025-04-28,Z1,49.0,37.8,-3
T101188,2025-04-17,Z4,55.0,40.9,6
T100724,2025-04-10,Z4,63.0,43.0,7
T101314,2025-05-12,Z10,39.0,32.3,5
T101916,2025-04-02,Z10,51.0,22.9,3
T100269,2025-03-25,Z12,37.0,30.2,11
T102408,2025-05-06,Z1,39.0,41.5,4
T102156,2025-04-06,Z10,35.0,29.7,1
T101372,2025-04-29,Z7,72.0,33.0,8
T102259,2025-03-03,Z7,57.0,42.7,-6
T100917,2025-03-16,Z8,58.0,34.6,7
T101749,2025-03-24,Z9,55.0,33.4,4
T101319,2025-04-27,Z11,46.0,20.4,9
T102229,2025-03-23,Z12,47.0,29.2,34
T102031,2025-05-03,Z6,54.0,32.9,7
T100587,2025-04-29,Z2,47.0,43.9,5
T101728,11/05/2025,Z7,68.0,35.7,3
T102590,2025-03-19,Z5,71.0,45.4,1
T100375,2025-04-25,Z9,59.0,32.8,9
T100333,2025-04-30,Z2,57.0,37.1,-12
T101942,2025-03-13,Z3,46.0,35.0,0
T102445,2025-04-01,Z6,76.0,35.2,2
T101604,2025-04-03,Z4,69.0,50.3,3
T101118,2025-04-25,Z3,62.0,42.9,3
T101710,2025-04-16,Z2,48.0,,-9
T101442,2025-05-12,Z5,65.0,37.6,33
T102067,2025-03-17,Z3,68.0,41.3,19
T100910,2025-03-28,Z6,57.0,38.5,1
T100776,2025-04-30,Z4,81.0,42.8,2
T102165,2025-05-12,Z9,52.0,30.2,12
T100328,2025-04-28,Z3,53.0,41.0,2
T102187,2025-04-17,Z3,42.0,42.1,-3
T101342,2025-04-16,Z11,51.0,37.0,9
T100320,2025-03-08,Z11,49.0,29.9,11
T101619,2025-04-09,Z6,66.0,28.2,7
T101665,2025-05-06,Z8,55.0,28.7,8
T102120,2025-03-03,Z4,61.0,34.4,3
T100012,2025-03-24,Z12,36.0,25.5,14
T100897,2025-03-06,Z5,63.0,38.3,5
T100171,2025-05-06,Z6,66.0,36.5,3
T101673,2025-05-06,Z2,64.0,48.0,-4
T100260,2025-03-22,Z10,40.0,27.4,2
T102021,2025-05-09,Z7,57.0,,10
T100689,2025-04-07,Z11,37.0,20.9,0
T100901,2025-04-21,Z1,47.0,43.3,7
T100258,2025-03-19,Z8,51.0,30.2,7
T100844,2025-04-04,Z12,46.0,29.2,3
T102398,2025-05-02,Z5,70.0,39.3,4
T100138,2025-05-13,Z2,51.0,42.6,9
T101573,2025-03-23,Z6,67.0,37.2,9
T100319,2025-04-14,Z2,42.0,47.3,10
T100653,2025-03-07,Z9,61.0,34.5,3
T102051,2025-03-10,Z10,55.0,36.4,0
T101967,2025-04-20,Z12,26.0,29.2,16
T100558,2025-04-15,Z11,42.0,24.3,3
T100139,2025-04-16,Z5,65.0,27.3,4
T100112,2025-04-26,Z8,43.0,,11
T100531,2025-03-13,Z3,57.0,38.7,4
T100224,2025-04-03,Z1,41.0,43.7,6
T100723,2025-04-23,Z1,41.0,42.3,0
T102416,2025-03-23,Z6,69.0,27.5,-1
T102227,2025-03-03,Z12,40.0,29.4,0
T101433,2025-03-14,Z9,66.0,37.8,0
T100325,2025/04/10,Z5,75.0,42.5,-1
T101983,2025-03-20,Z12,38.0,29.8,7
T101323,2025-04-14,Z4,74.0,41.6,3
T102097,2025-03-17,Z10,42.0,37.7,8
T101458,2025-05-09,Z10,65.0,23.5,11
T102012,2025-03-23,Z6,61.0,37.9,5
T102342,2025-04-02,Z12,25.0,27.1,9
T100714,2025-04-02,Z1,39.0,33.3,5
T100846,2025-05-11,Z2,67.0,41.8,-3
T100193,2025-04-15,Z4,49.0,38.7,6
T101464,2025-03-03,Z4,58.0,34.8,6
T100573,2025-04-24,Z10,38.0,28.4,4
T100946,2025-05-08,Z3,41.0,41.7,-3
T100503,2025-05-05,Z6,53.0,35.9,9
T101629,2025-03-02,Z9,52.0,31.7,2
T101960,2025-05-09,Z6,,33.9,2
T101948,2025-05-09,Z2,68.0,35.3,9
T100645,2025-04-01,Z12,38.0,25.9,5
T100003,2025-05-07,Z2,59.0,31.3,0
T101927,2025-04-13,Z3,51.0,38.5,2
T100467,2025-03-19,Z5,65.0,35.7,2
T101345,2025-03-09,Z8,61.0,29.2,1
T100005,2025-04-06,Z10,43.0,27.2,9
T101246,2025-03-06,Z6,64.0,35.0,7
T100919,2025-04-12,Z9,61.0,30.0,10
T100547,2025-03-13,Z12,29.0,22.1,9
T100228,2025-04-07,Z4,57.0,34.9,8
T101063,2025-04-22,Z7,71.0,33.9,5
T100542,2025-05-13,Z3,59.0,39.3,8
T100242,2025-03-31,Z8,58.0,28.8,9
T100898,2025-03-26,Z12,26.0,29.6,14
T102151,2025-03-28,Z10,54.0,30.8,3
T101160,2025-04-27,Z6,63.0,37.3,-2
T101988,2025-03-10,Z3,62.0,46.6,-4
T102159,2025-04-17,Z5,63.0,42.0,8
T102180,2025-03-10,Z1,49.0,35.1,2
T101830,2025-03-09,Z1,53.0,42.5,3
T101962,2025-03-06,Z3,42.0,41.6,2
T100842,2025-05-01,Z5,60.0,27.8,5
T101373,2025-03-22,Z8,52.0,31.8,5
T102524,2025-04-04,Z3,64.0,41.7,10
T101935,2025-03-04,Z4,52.0,43.2,6
T101526,2025-04-03,Z6,,40.3,27
T101605,2025-04-13,Z2,49.0,44.3,6
T102419,2025-03-03,Z3,,,4
T100276,2025-03-03,Z2,55.0,40.6,-2
T100661,2025-03-04,Z8,57.0,42.2,9
T101980,2025-03-19,Z2,43.0,41.1,2
T102206,2025-03-24,Z4,58.0,34.2,11
T102497,2025-03-04,Z6,60.0,33.3,3
T102016,2025-03-15,Z9,54.0,24.2,9
T100314,2025-03-09,Z7,71.0,43.4,1
T101466,2025-04-18,Z5,62.0,33.9,6
T101343,2025-03-29,Z6,68.0,39.9,9
T102003,2025-04-03,Z3,59.0,41.8,2
T100691,2025-05-06,Z8,51.0,33.2,1
T101541,2025-03-13,Z8,54.0,26.6,17
T100612,2025-04-16,Z10,51.0,26.7,7
T100424,2025-03-01,Z8,63.0,38.5,5
T101577,2025-03-10,Z4,51.0,,2
T100594,30/04/2025,Z10,39.0,27.0,-11
T102575,2025-05-14,Z2,54.0,33.7,6
T101392,2025-03-06,Z6,65.0,38.8,7
T100622,2025-04-12,Z5,51.0,34.0,0
T101957,2025-03-01,Z11,43.0,34.6,28
T101493,2025-03-26,Z12,45.0,29.0,6
T101764,2025-05-01,Z10,45.0,23.2,7
T100227,2025-05-08,Z4,52.0,27.0,-1
T101878,2025-04-30,Z5,63.0,35.7,2
T101169,2025-05-11,Z5,69.0,41.3,2
T100108,2025-04-05,Z6,,35.8,4
T101846,2025-04-10,Z10,54.0,24.8,9
T100066,2025-04-09,Z12,48.0,27.2,-12
T101417,2025-03-20,Z4,61.0,38.3,10
T102348,2025-05-09,Z5,74.0,40.5,1
T100024,2025-03-31,Z7,58.0,42.7,6
T101235,2025-03-18,Z11,46.0,33.4,8
T102157,2025-03-15,Z9,64.0,28.8,3
T100144,2025-04-04,Z7,68.0,30.2,-12
T100536,2025-03-22,Z4,54.0,44.1,-1
T100811,2025-03-31,Z1,43.0,37.6,-3
T101882,2025-04-26,Z7,69.0,26.9,5
T101497,2025-05-11,Z4,61.0,37.3,7
T100085,2025-04-30,Z8,54.0,29.8,5
T101254,2025-05-02,Z12,29.0,28.0,15
T102154,2025-03-20,Z4,64.0,44.5,7
T102133,2025-03-05,Z11,33.0,26.2,12
T101975,2025-05-10,Z3,59.0,,1
T102103,2025-04-21,Z4,78.0,47.6,9
T100484,2025-05-11,Z2,49.0,40.1,-3
T101654,2025-04-04,Z7,72.0,33.9,5
T102319,2025-03-25,Z5,71.0,37.6,12
T102483,2025-04-09,Z5,,,13
T100738,2025-03-07,Z12,31.0,30.8,15
T101920,2025-04-14,Z9,52.0,,9
T102280,2025-05-09,Z1,40.0,39.9,-4
T102560,2025-03-13,Z5,65.0,34.7,1
T101891,2025-03-28,Z4,65.0,34.0,-3
T101774,2025-03-18,Z4,63.0,40.8,0
T100362,2025-03-05,Z8,51.0,33.5,6
T100749,2025-05-07,Z4,64.0,40.6,-4
T101932,2025-03-29,Z7,65.0,36.8,4
T101646,2025-05-11,Z12,39.0,33.2,13
T101026,2025-04-04,Z9,44.0,28.6,2
T101030,2025-03-13,Z10,43.0,28.9,2
T102514,2025-04-20,Z5,72.0,39.2,7
T101335,2025-03-16,Z7,67.0,34.2,5
T102147,2025-04-22,Z6,73.0,45.4,3
T102112,2025-03-27,Z10,43.0,22.9,1
T100665,2025-03-11,Z5,57.0,41.8,2
T100364,2025-04-10,Z1,32.0,36.4,-1
T102290,2025/04/11,Z4,61.0,31.4,3
T101239,2025-03-31,Z10,41.0,37.7,11
T100077,2025-04-26,Z4,52.0,35.0,0
T100027,2025/03/31,Z12,37.0,19.5,22
T100473,2025-04-09,Z10,62.0,28.5,39
T100525,2025-03-17,Z3,,42.9,7
T100725,2025-04-18,Z8,51.0,31.8,12
T100055,2025-03-26,Z8,50.0,39.0,5
T100638,2025-04-06,Z6,69.0,34.5,5
T100302,2025-03-10,Z4,63.0,41.1,4
T100718,2025-04-30,Z10,46.0,25.4,8
T102263,2025/04/17,Z8,68.0,36.4,12
T102030,2025-04-12,Z4,74.0,42.3,7
T100624,2025-04-25,Z11,48.0,26.4,-1
T100007,2025-04-11,Z8,54.0,31.3,1
T101280,2025-03-14,Z8,59.0,31.7,7
T100803,2025-03-27,Z12,24.0,27.5,8
T101049,2025-04-27,Z12,36.0,25.7,5
T100336,2025-03-25,Z11,56.0,27.7,11
T101596,2025-03-15,Z5,76.0,37.5,6
T100047,2025-03-27,Z11,48.0,,-6
T102243,2025-03-21,Z9,46.0,37.7,0
T100106,2025-05-08,Z3,53.0,45.7,2
T100349,2025-05-02,Z5,70.0,35.8,5
T101079,2025-04-06,Z3,41.0,43.8,5
T100238,2025-03-16,Z6,56.0,34.2,10
T100213,2025-03-23,Z5,65.0,35.5,11
T101144,2025-04-10,Z1,36.0,,3
T102252,2025-03-29,Z1,47.0,41.6,5
T101910,2025-05-07,Z2,48.0,47.2,-2
T100793,2025-03-11,Z6,74.0,39.1,2
T101096,2025-03-08,Z10,49.0,28.4,6
T101836,2025-04-26,Z11,26.0,25.5,-2
T101753,2025-05-13,Z9,55.0,27.1,5
T101970,2025-04-26,Z1,46.0,48.5,2
T101887,2025-04-24,Z12,,25.6,-2
T102315,2025-04-06,Z3,49.0,36.5,2
T100345,2025-04-07,Z12,38.0,25.6,8
T100523,2025-04-26,Z4,62.0,37.4,1
T100232,2025-04-08,Z6,62.0,33.8,7
T100644,2025/03/06,Z7,63.0,35.4,10
T101536,2025-03-10,Z6,53.0,35.2,7
T102261,2025-03-17,Z5,68.0,32.8,-3
T101428,2025-04-13,Z11,44.0,27.3,-13
T100533,01/05/2025,Z9,64.0,31.9,17
T102262,2025-03-11,Z2,52.0,38.1,3
T100603,2025-04-30,Z7,63.0,35.6,4
T101489,2025-03-03,Z7,65.0,23.9,2
T102015,2025-04-08,Z1,,35.8,3
T101812,2025-05-14,Z1,44.0,45.2,6
T101426,2025-03-23,Z8,74.0,28.6,5
T101074,2025-04-23,Z10,52.0,28.6,17
T102130,2025-05-14,Z7,60.0,30.0,9
T100060,2025-05-04,Z7,72.0,,10
T100671,2025-05-01,Z5,56.0,42.1,-2
T100092,2025-04-02,Z2,51.0,41.1,-1
T100666,2025-03-17,Z8,49.0,28.2,8
T101865,2025-03-14,Z11,35.0,32.0,8
T102340,2025-04-07,Z3,52.0,43.0,7
T100280,2025-05-03,Z9,53.0,35.7,10
T101719,2025-04-01,Z2,66.0,37.0,8
T101870,2025-03-13,Z10,,27.9,8
T100359,2025-03-13,Z4,42.0,,4
T101897,2025-05-07,Z3,57.0,24.5,5
T101543,2025-04-26,Z8,53.0,39.2,9
T101397,2025-03-04,Z9,55.0,27.3,7
T102401,2025-03-09,Z12,33.0,29.7,4
T100847,2025-03-25,Z1,38.0,39.9,-3
T101206,19/03/2025,Z6,73.0,38.8,11
T102292,2025-04-15,Z9,55.0,36.7,13
T100760,03/03/2025,Z7,53.0,29.3,8
T100110,2025-04-27,Z11,44.0,19.5,9
T101775,2025-03-05,Z7,46.0,28.8,10
T100042,2025-03-17,Z2,63.0,43.2,-6
T101770,2025-03-13,Z11,38.0,31.4,12
T100125,2025-04-13,Z3,47.0,37.2,7
T100204,2025-03-13,Z2,44.0,44.9,4
T101473,2025-03-15,Z5,58.0,43.2,2
T100052,2025-03-26,Z8,74.0,36.8,8
T101797,2025-04-15,Z8,57.0,31.1,11
T100545,2025-04-04,Z2,46.0,38.5,-2
T100068,2025-04-30,Z4,44.0,28.6,3
T101907,2025-04-07,Z10,33.0,34.2,11
T101875,2025-04-21,Z1,47.0,43.1,6
T102178,2025-05-02,Z9,56.0,31.7,2
T102289,2025-04-25,Z2,49.0,37.4,1
T102059,2025/05/09,Z4,,42.1,2
T101424,2025-03-15,Z2,56.0,30.6,5
T100183,2025-04-24,Z11,33.0,34.3,10
T100137,2025-05-06,Z6,58.0,42.1,-5
T100899,2025-05-14,Z6,52.0,38.0,-2
T100796,2025-03-23,Z4,77.0,39.3,11
T100132,2025-04-22,Z8,54.0,29.5,4
T100080,2025-03-13,Z10,52.0,24.7,11
T101586,2025-05-13,Z1,41.0,34.2,3
T102248,2025-03-21,Z6,71.0,41.3,8
T100758,2025-04-22,Z2,47.0,43.3,6
T100541,2025-04-04,Z8,49.0,40.1,2
T101019,2025-04-06,Z6,59.0,41.4,9
T101915,2025-03-20,Z9,52.0,34.8,0
T100983,2025-04-10,Z4,55.0,36.0,-5
T102580,2025-03-09,Z10,49.0,30.1,10
T100165,2025-03-26,Z10,49.0,25.7,6
T100248,2025-03-09,Z3,59.0,43.1,-1
T101331,2025-03-06,Z6,76.0,41.9,-1
T100446,2025-04-02,Z1,34.0,47.3,10
T101926,2025-04-20,Z5,70.0,36.2,5
T100858,2025-03-05,Z7,59.0,30.4,6
T101358,2025-04-03,Z3,68.0,36.0,6
T102019,2025/05/02,Z2,50.0,41.4,7
T101873,2025-04-07,Z12,41.0,32.1,8
T100097,2025-04-22,Z9,42.0,33.7,10
T101945,2025-04-06,Z4,66.0,32.9,3
T100805,2025-03-04,Z11,42.0,,9
T100737,2025-03-19,Z7,71.0,32.6,-7
T102523,2025-04-17,Z12,37.0,24.6,34
T102046,2025-03-21,Z2,67.0,42.2,0
T102115,2025-05-13,Z4,,35.5,4
T100102,2025-04-19,Z3,49.0,37.4,1
T100434,2025-04-29,Z7,57.0,37.4,5
T100074,2025-05-11,Z9,59.0,28.5,7
T100577,2025-05-08,Z12,34.0,30.1,6
T102004,2025-03-08,Z3,63.0,38.3,1
T102203,2025-04-20,Z7,50.0,36.5,3
T101230,11/03/2025,Z1,63.0,41.3,-1
T100918,2025-04-23,Z6,80.0,34.5,5
T101326,2025-03-14,Z4,50.0,43.4,2
T102412,2025-04-26,Z3,56.0,39.9,2
T102381,2025-03-24,Z10,54.0,34.2,8
T102339,2025-03-14,Z4,59.0,45.3,6
T101848,2025-04-19,Z3,53.0,43.0,23
T100762,2025-03-07,Z2,53.0,32.2,2
T102316,2025-04-07,Z8,57.0,38.6,7
T100989,2025-04-28,Z2,55.0,43.1,0
T100388,2025-04-10,Z3,53.0,46.5,6
T100235,2025-04-02,Z10,44.0,,15
T102260,2025-03-10,Z8,58.0,33.6,5
T100267,2025-04-11,Z12,37.0,,5
T101329,2025-03-27,Z11,48.0,24.6,8
T101914,2025-03-30,Z10,51.0,29.2,-1
T102462,2025-04-23,Z8,54.0,28.4,2
T100117,2025-04-14,Z11,38.0,30.7,10
T100437,2025-03-29,Z3,55.0,44.4,4
T100673,2025-04-04,Z11,50.0,32.7,8
T100249,2025-04-20,Z4,74.0,41.4,7
T102219,2025-04-12,Z7,84.0,36.9,1
T101574,2025-04-15,Z11,54.0,32.4,2
T102596,2025-03-30,Z2,62.0,42.9,-1
T100094,2025-03-31,Z5,66.0,45.6,5
T102052,2025-03-24,Z7,60.0,35.2,2
T100033,2025-05-13,Z10,56.0,31.5,4
T102270,2025-05-11,Z5,71.0,38.2,40
T102225,2025-03-25,Z10,50.0,28.6,7
T102379,25/03/2025,Z10,51.0,15.5,12
T100448,2025-03-14,Z7,,34.6,-2
T101469,2025-04-24,Z3,51.0,42.5,6
T101795,2025-05-10,Z10,42.0,28.3,10
T100716,2025-03-19,Z2,50.0,34.3,2
T102116,2025-05-08,Z2,48.0,41.2,10
T102428,2025-04-23,Z10,53.0,33.9,9
T100000,2025-04-12,Z4,51.0,36.7,-2
T101901,2025/04/19,Z7,53.0,38.7,5
T100456,2025-04-15,Z10,47.0,29.7,3
T101101,12/03/2025,Z9,56.0,39.5,10
T101108,2025-04-17,Z4,54.0,41.3,5
T102042,2025/04/27,Z11,53.0,35.5,4
T100082,2025-03-07,Z10,44.0,26.1,7
T101481,2025-04-28,Z6,55.0,30.2,1
T102100,29/04/2025,Z12,43.0,17.9,8
T100676,2025-03-28,Z6,63.0,,-4
T101588,2025-03-28,Z2,62.0,47.5,1
T102217,2025/04/23,Z1,60.0,44.4,1
T101046,2025-03-21,Z1,48.0,37.5,0
T101460,2025-05-08,Z8,65.0,22.9,5
T100770,2025-04-01,Z7,58.0,44.0,8
T101893,2025-03-24,Z11,52.0,,1
T101668,2025-04-13,Z10,35.0,36.7,20
T101886,2025-04-14,Z3,48.0,38.3,-1
T102025,2025-03-09,Z9,53.0,25.1,7
T100475,2025-04-17,Z9,41.0,30.1,12
T100517,2025-03-15,Z4,76.0,35.5,2
T100822,2025-04-15,Z4,70.0,39.4,-1
T100404,2025/05/08,Z7,59.0,33.0,0
T100384,2025-03-27,Z9,47.0,,5
T102108,2025-03-26,Z12,32.0,24.9,3
T102164,2025-05-04,Z8,59.0,33.0,9
T100104,2025-03-23,Z5,73.0,37.9,7
T101633,2025-03-12,Z4,63.0,35.0,1
T101952,2025-04-28,Z9,53.0,26.8,11
T102481,2025/04/05,Z2,54.0,38.4,5
T100688,2025-04-25,Z2,60.0,42.2,-12
T100794,2025-03-17,Z1,50.0,40.9,3
T100826,2025-05-10,Z9,54.0,35.6,9
T101877,2025-03-08,Z10,,32.1,7
T101240,2025-03-22,Z3,57.0,40.8,2
T100062,2025-04-12,Z5,65.0,31.3,0
T101305,2025-03-14,Z7,54.0,37.7,1
T100852,2025-05-02,Z8,63.0,35.6,13
T102389,2025-04-17,Z7,63.0,32.7,14
T100176,2025-04-18,Z1,,42.8,6
T101262,2025-03-06,Z5,63.0,43.3,1
T100223,2025-03-04,Z8,67.0,23.8,5
T100145,2025-05-03,Z5,70.0,37.2,11
T101088,2025-05-03,Z4,63.0,41.4,5
T100373,2025-04-14,Z1,49.0,32.3,2
T101824,2025/04/25,Z8,63.0,40.7,-2
T102368,2025-04-22,Z2,,48.1,-2
T101142,02/03/2025,Z1,38.0,42.3,3
T102489,2025-03-25,Z2,46.0,42.2,2
T102254,2025-03-30,Z2,58.0,43.4,6
T101274,2025-04-29,Z8,58.0,30.5,7
T101265,2025-04-22,Z4,61.0,47.4,7
T102326,2025/03/08,Z9,48.0,39.5,3
T102081,2025-03-19,Z10,47.0,33.4,15
T100009,2025-04-02,Z12,46.0,33.8,10
T100449,2025-05-07,Z3,58.0,38.6,-5
T101944,2025-04-27,Z6,79.0,36.5,10
T101838,2025-03-13,Z6,74.0,31.5,1
T100708,01/03/2025,Z9,43.0,34.8,33
T100255,2025-03-02,Z10,46.0,22.9,9
T100882,2025-03-15,Z2,41.0,46.5,2
T101617,2025-04-06,Z6,62.0,35.2,5
T100389,2025-04-24,Z7,56.0,31.1,12
T101276,2025-03-08,Z1,52.0,43.9,2
T102492,2025-04-02,Z1,37.0,39.4,-1
T101581,2025-05-05,Z4,63.0,40.8,6
T100908,2025-05-11,Z12,35.0,28.4,7
T100924,2025-05-05,Z6,54.0,31.7,3
T100751,2025-03-05,Z10,40.0,29.9,4
T100731,2025-05-13,Z10,47.0,30.4,8
T100460,2025/03/23,Z6,69.0,34.2,11
T101747,2025-05-06,Z7,71.0,32.0,-2
T102036,2025-03-12,Z7,53.0,35.2,4
T102080,2025-04-13,Z12,51.0,25.4,3
T101224,2025-05-04,Z12,40.0,25.5,4
T101168,2025-03-24,Z4,52.0,38.6,4
T100958,2025-03-06,Z11,53.0,30.0,8
T100501,2025-03-25,Z2,43.0,48.5,-7
T101946,2025-04-30,Z7,69.0,24.3,0
T101727,2025-04-19,Z12,29.0,,5
T100739,2025-03-26,Z3,48.0,39.2,-6
T100040,2025-04-23,Z11,38.0,30.3,13
T100868,2025-04-28,Z9,64.0,35.2,9
T100539,2025-04-17,Z1,46.0,43.7,-2
T102177,2025-03-04,Z3,55.0,37.2,14
T101371,2025-03-17,Z8,56.0,35.5,7
T101145,2025-04-14,Z5,67.0,,5
T101031,2025-05-13,Z12,34.0,19.5,5
T100372,2025-04-08,Z12,45.0,25.2,7
T100667,2025-03-31,Z7,56.0,,3
T100357,2025-03-17,Z4,60.0,28.9,5
T100967,2025-04-20,Z2,51.0,41.4,1
T101353,2025/04/05,Z9,56.0,34.4,14
T101035,2025-04-03,Z6,54.0,44.8,1
T100470,2025-04-01,Z9,58.0,,7
T101396,2025-05-12,Z4,58.0,36.9,1
T102273,2025/03/16,Z9,53.0,,2
T101549,2025-03-12,Z12,36.0,22.3,6
T101256,2025-04-22,Z7,55.0,25.3,9
T101555,2025-04-03,Z4,51.0,38.6,7
T102246,2025-04-29,Z5,62.0,40.1,1
T101250,05/04/2025,Z3,55.0,38.8,4
T101699,2025-03-05,Z7,56.0,29.9,0
T101252,2025-03-24,Z5,70.0,33.1,5
T102415,2025-03-04,Z6,,37.9,3
T100079,2025-03-30,Z4,55.0,35.1,3
T101172,2025-04-22,Z10,42.0,28.0,14
T100814,2025-05-13,Z2,50.0,34.6,-2
T101852,2025-03-14,Z9,50.0,26.9,8
T102474,2025-04-16,Z9,55.0,31.6,8
T100133,2025-04-20,Z10,37.0,28.8,43
T101140,2025-04-09,Z2,56.0,28.0,6
T100933,2025-03-11,Z8,58.0,33.2,5
T100928,2025-03-16,Z7,60.0,37.1,7
T100823,2025-04-03,Z6,71.0,32.7,5
T101531,2025-03-22,Z9,51.0,31.7,-4
T101214,2025-03-16,Z8,52.0,27.9,9
T100504,2025-04-11,Z5,64.0,32.2,0
T102568,2025-04-26,Z11,33.0,25.6,12
T101996,2025-04-17,Z3,64.0,39.9,-1
T101958,2025-03-13,Z5,,33.4,-2
T101384,2025-04-26,Z8,69.0,28.0,9
T100894,2025-05-13,Z8,58.0,28.7,5
T100828,2025-03-11,Z3,,29.7,8
T102532,2025-04-14,Z6,54.0,32.3,3
T101683,2025-03-26,Z7,70.0,37.5,6
T102231,2025-05-06,Z12,31.0,25.2,1
T102216,2025-04-05,Z9,51.0,29.3,7
T102179,2025-04-21,Z12,38.0,22.9,7
T100652,03/05/2025,Z7,57.0,30.7,7
T100172,2025-05-04,Z1,52.0,29.4,4
T100038,2025-05-14,Z3,59.0,31.8,-1
T102482,2025-03-08,Z7,58.0,23.5,8
T100713,2025-03-06,Z9,66.0,31.0,-1
T100090,2025-04-02,Z11,42.0,33.2,13
T101205,2025-05-09,Z5,66.0,29.3,6
T102242,2025-03-28,Z7,79.0,30.2,5
T101827,2025-04-03,Z12,40.0,28.6,11
T101155,2025-03-31,Z7,56.0,34.6,6
T101324,2025-04-09,Z5,64.0,31.8,14
T100216,2025-03-18,Z3,59.0,,4
T100510,2025/04/02,Z7,55.0,37.2,1
T101680,2025-03-21,Z9,51.0,33.1,5
T100499,2025-04-10,Z1,56.0,39.3,4
T102149,2025-03-05,Z5,68.0,39.3,4
T101856,2025-03-13,Z9,51.0,24.2,13
T101388,2025-05-08,Z6,,32.5,8
T101519,2025-03-01,Z1,72.0,41.3,-2
T102361,2025-04-22,Z9,49.0,39.8,6
T102076,2025-05-04,Z7,54.0,34.5,6
T101540,2025-03-04,Z5,69.0,31.9,6
T101217,2025-04-06,Z3,57.0,42.1,8
T101416,2025-03-24,Z3,50.0,49.4,7
T102184,2025-03-12,Z10,42.0,27.0,8
T101676,25/03/2025,Z7,,,6
T101197,2025-04-03,Z7,61.0,37.8,2
T101542,2025-05-12,Z11,43.0,34.4,12
T100953,2025-03-27,Z4,69.0,44.6,3
T100750,2025/04/13,Z2,56.0,37.6,2
T100234,2025-04-02,Z1,42.0,39.4,4
T100732,2025-04-24,Z8,56.0,35.8,2
T102592,2025-05-04,Z2,55.0,37.3,3
T101156,2025-05-06,Z6,58.0,37.4,9
T102230,2025-04-17,Z6,58.0,34.7,6
T101209,2025-03-29,Z8,55.0,29.3,7
T101065,2025-05-08,Z1,57.0,39.4,0
T101062,2025-04-01,Z4,58.0,37.9,36
T101167,2025-04-21,Z9,55.0,29.0,1
T101492,2025-03-31,Z6,46.0,40.4,3
T102145,2025-05-11,Z10,46.0,34.3,10
T100884,2025-04-26,Z8,46.0,31.6,3
T100143,2025-03-01,Z1,53.0,42.9,2
T102551,2025-03-31,Z1,50.0,39.6,1
T100850,02/05/2025,Z8,46.0,29.6,8
T100717,2025-03-29,Z1,39.0,41.6,-8
T102468,2025-03-06,Z6,58.0,27.4,6
T100264,2025-05-03,Z9,57.0,36.8,9
T100075,2025-04-12,Z5,61.0,39.7,7
T100395,2025-04-19,Z9,54.0,,-10
T102207,2025-04-04,Z4,65.0,39.7,4
T102432,2025-03-07,Z9,58.0,27.5,8
T100396,2025-04-12,Z4,61.0,38.2,13
T101365,2025-04-20,Z6,45.0,31.7,6
T102167,2025-03-26,Z9,54.0,30.6,7
T101903,2025-05-12,Z3,48.0,31.4,8
T100595,2025-05-02,Z4,82.0,29.4,2
T102109,2025-04-24,Z1,,39.4,7
T101296,2025-03-28,Z1,43.0,47.8,-1
T101821,2025-03-06,Z5,81.0,42.7,4
T100872,2025-03-17,Z8,59.0,30.0,4
T101548,2025-04-29,Z1,56.0,38.6,-1
T100036,2025-04-21,Z5,58.0,32.7,9
T102382,2025-03-24,Z7,52.0,31.0,9
T102143,2025/04/29,Z4,75.0,46.1,29
T102561,2025-04-13,Z6,65.0,32.4,33
T100977,2025-05-09,Z9,67.0,30.3,8
T101571,29/03/2025,Z9,52.0,21.8,9
T101122,2025-04-14,Z12,42.0,26.4,-1
T101892,2025-05-01,Z5,79.0,43.7,-6
T100675,2025-04-04,Z9,49.0,37.6,8
T100728,2025-04-14,Z12,43.0,23.0,11
T100412,2025/03/16,Z10,46.0,34.5,1
T101516,2025-03-29,Z7,55.0,38.4,6
T101649,2025-03-28,Z2,58.0,33.8,6
T100825,2025-05-11,Z7,79.0,28.5,7
T100616,2025-05-03,Z12,47.0,30.6,8
T100114,2025-04-08,Z5,76.0,34.4,2
T100417,2025-04-12,Z3,68.0,,3
T101625,2025-04-13,Z2,57.0,,1
T102549,2025-05-06,Z3,50.0,30.7,-1
T100089,2025-03-31,Z11,33.0,26.3,3
T102082,2025-04-28,Z4,58.0,37.9,0
T100753,2025-03-30,Z2,64.0,43.3,1
T101630,2025-03-31,Z6,64.0,26.4,1
T100011,2025-03-20,Z11,44.0,36.1,6
T100284,2025-04-14,Z4,53.0,31.1,3
T101066,2025-05-01,Z11,45.0,25.2,13
T101191,2025-04-02,Z8,54.0,36.8,5
T101440,2025-04-21,Z9,49.0,27.6,7
T102434,2025-04-17,Z9,56.0,31.8,9
T102583,2025-04-05,Z4,55.0,44.7,6
T102351,2025-04-12,Z5,73.0,35.2,2
T101568,2025-03-10,Z5,70.0,38.3,1
T102234,2025-03-06,Z11,44.0,26.8,46
T101687,2025-04-06,Z1,43.0,40.4,30
T100851,2025-03-12,Z11,44.0,25.5,-1
T100895,2025-05-07,Z8,47.0,31.8,8
T100496,2025-04-20,Z1,46.0,41.7,-4
T101782,2025-04-06,Z2,48.0,41.4,4
T100335,2025-03-03,Z5,67.0,35.7,1
T100515,2025-03-18,Z12,45.0,32.2,9
T101348,2025-04-05,Z7,72.0,34.2,2
T101015,2025-04-29,Z8,59.0,38.9,1
T102440,2025-04-14,Z8,48.0,38.6,2
T101781,2025-03-10,Z11,36.0,22.9,10
T101785,2025-04-24,Z3,51.0,42.7,-1
T102070,2025-05-08,Z4,58.0,38.1,2
T100356,2025-03-16,Z2,45.0,36.7,3
T102475,2025-04-13,Z12,40.0,27.4,3
T101312,2025-04-24,Z3,56.0,39.5,3
T101635,2025-04-18,Z1,43.0,37.5,10
T100550,2025-05-09,Z11,40.0,31.5,14
T101227,2025-04-26,Z12,47.0,26.4,7
T102323,2025-04-22,Z8,51.0,29.3,-2
T100957,2025-03-10,Z5,66.0,35.7,8
T101773,2025-05-05,Z1,47.0,48.2,-2
T102141,2025-04-09,Z11,58.0,27.8,2
T101008,2025-03-12,Z2,53.0,35.4,8
T101092,2025-03-17,Z1,45.0,41.0,1
T102534,2025-05-08,Z1,53.0,46.0,1
T100996,2025-04-24,Z7,63.0,35.5,6
T101679,2025-04-16,Z6,76.0,43.1,10
T100153,2025-04-02,Z8,62.0,26.2,3
T100580,2025-05-08,Z4,75.0,37.6,0
T101470,2025-03-23,Z12,49.0,23.8,3
T100703,2025-04-01,Z12,40.0,28.9,10
T101212,2025-05-03,Z4,69.0,31.6,38
T100896,2025-03-22,Z12,29.0,34.9,11
T100487,2025-05-09,Z6,72.0,42.0,-3
T100559,2025-03-23,Z3,42.0,30.8,7
T101141,2025-04-23,Z9,48.0,37.5,6
T101119,2025-03-17,Z7,52.0,27.6,9
T100512,2025-04-30,Z8,58.0,36.5,3
T100633,2025-04-11,Z4,64.0,36.4,7
T102241,2025-04-16,Z2,58.0,43.9,39
T101664,2025-05-08,Z10,39.0,29.6,5
T101012,2025-04-30,Z4,73.0,38.1,-2
T101931,01/03/2025,Z9,54.0,33.9,13
T101150,2025-03-01,Z2,49.0,33.7,32
T102437,2025-03-02,Z7,61.0,33.8,3
T100116,2025-04-24,Z2,50.0,31.2,3
T100740,2025-04-07,Z4,72.0,45.7,3
T102400,2025-03-27,Z11,53.0,28.7,11
T101974,2025-03-07,Z2,,41.8,-2
T101081,2025-05-02,Z10,48.0,30.9,40
T101810,2025-05-14,Z10,50.0,37.4,10
T100830,2025-03-21,Z1,45.0,,4
T100119,2025-03-21,Z10,53.0,18.7,4
T100656,2025-03-03,Z10,53.0,27.7,44
T102372,2025-04-28,Z10,40.0,29.3,4
T102333,2025-05-05,Z10,50.0,32.1,11
T102543,2025-04-06,Z1,47.0,41.8,6
T100635,2025-03-15,Z3,55.0,50.4,6
T100369,09/03/2025,Z9,60.0,35.8,10
T100268,2025-03-09,Z4,69.0,45.6,35
T100046,2025-04-12,Z8,65.0,33.6,3
T100991,2025-05-07,Z6,78.0,31.3,12
T100876,2025-03-26,Z8,54.0,41.1,5
T100773,2025-03-13,Z10,36.0,35.7,7
T101219,2025-04-07,Z1,54.0,41.8,3
T101126,2025-03-19,Z7,66.0,36.7,9
T100004,2025-04-19,Z5,84.0,30.3,6
T101595,2025-04-17,Z5,71.0,46.8,7
T101077,2025-03-03,Z11,39.0,35.3,10
T100837,2025-05-04,Z7,48.0,33.1,7
T100681,2025-04-04,Z9,48.0,31.4,11
T101715,2025-04-27,Z12,36.0,34.6,9
T102197,2025-03-19,Z7,67.0,29.2,6
T101148,2025-04-16,Z11,37.0,30.4,13
T100574,2025-04-26,Z9,51.0,31.7,7
T100050,2025-04-04,Z6,,23.0,0
T100853,2025-03-01,Z2,54.0,37.0,-3
T101982,2025-04-30,Z7,45.0,30.5,3
T101823,2025-03-04,Z9,66.0,30.9,3
T100833,2025-03-27,Z7,60.0,33.7,3
T101115,2025-05-12,Z6,62.0,36.2,6
T101166,2025-05-02,Z1,65.0,46.5,4
T101906,2025-03-09,Z4,51.0,46.2,2
T100971,2025-04-01,Z8,57.0,33.9,8
T100399,2025-05-04,Z8,55.0,33.0,3
T100019,2025-04-20,Z1,52.0,36.8,3
T100684,2025-04-13,Z4,62.0,37.8,7
T100035,2025-03-04,Z10,56.0,38.4,5
T102459,2025-04-26,Z11,39.0,27.2,5
T100524,2025-05-10,Z9,55.0,34.3,0
T100920,2025-04-11,Z2,50.0,44.0,1
T101841,2025-04-17,Z12,41.0,23.4,9
T101890,2025-03-13,Z2,68.0,34.2,-1
T100537,2025-05-04,Z8,45.0,33.2,6
T101705,2025-04-21,Z8,56.0,33.8,3
T102542,2025-03-12,Z5,70.0,30.8,7
T100245,2025-05-04,Z5,71.0,36.7,9
T100784,2025-03-02,Z7,60.0,30.3,3
T101409,2025-04-11,Z8,48.0,,10
T100154,2025-04-30,Z10,43.0,27.0,11
T101686,2025-03-01,Z8,61.0,39.2,10
T100625,2025-04-20,Z10,32.0,30.4,5
T102493,2025-03-31,Z2,63.0,31.8,8
T101346,2025-03-24,Z8,70.0,35.4,2
T100569,2025-04-21,Z2,51.0,35.5,10
T101758,2025-05-09,Z4,54.0,40.0,10
T101816,2025-04-02,Z3,63.0,36.9,8
T102065,2025-03-02,Z1,51.0,43.8,-3
T100127,2025-03-10,Z2,53.0,36.3,0
T102579,2025-05-12,Z8,51.0,39.4,8
T102006,2025-04-17,Z4,69.0,34.2,-3
T100980,2025-04-28,Z7,63.0,35.3,0
T102576,2025-04-17,Z3,60.0,34.4,4
T100190,2025-05-09,Z12,32.0,32.4,5
T101139,2025-03-12,Z12,44.0,29.6,10
T100992,2025/03/28,Z5,69.0,42.3,-2
T100699,2025-03-26,Z11,46.0,27.1,11
T100606,2025-03-25,Z4,76.0,37.8,2
T100180,2025-04-13,Z3,64.0,36.7,2
T100301,02/04/2025,Z3,77.0,34.2,3
T101060,2025-03-21,Z11,40.0,34.0,5
T102451,2025-04-28,Z4,76.0,40.8,11
T102494,2025/03/21,Z10,35.0,34.5,6
T101069,2025-04-25,Z3,71.0,,0
T102205,2025-05-14,Z7,68.0,31.0,11
T101243,2025-03-25,Z1,49.0,47.2,1
T100016,2025-03-17,Z10,51.0,27.8,7
T102582,2025-05-06,Z7,41.0,35.2,2
T100546,2025-04-14,Z6,80.0,41.1,-4
T100658,2025-05-05,Z12,39.0,,16
T102345,2025-04-26,Z8,50.0,30.5,2
T102375,2025-04-18,Z4,53.0,42.0,3
T101504,2025-04-16,Z9,57.0,,3
T100959,2025-05-01,Z4,74.0,37.7,-2
T100797,2025-04-25,Z3,66.0,38.4,-4
T100225,2025-05-08,Z7,74.0,34.9,33
T102074,2025-04-16,Z8,62.0,32.0,5
T101799,2025-05-14,Z3,56.0,40.8,14
T102567,2025-03-02,Z7,52.0,35.6,5
T102277,2025-04-17,Z6,58.0,36.5,4
T102085,2025-04-16,Z9,55.0,32.4,7
T101693,2025-04-23,Z12,37.0,18.8,3
T101045,2025-03-12,Z5,75.0,37.2,11
T100469,2025-04-09,Z1,62.0,42.2,7
T100954,2025-03-10,Z2,36.0,34.5,0
T102578,2025-05-14,Z6,88.0,33.1,6
T100639,2025-05-05,Z7,60.0,29.1,5
T102413,2025-03-27,Z10,37.0,35.5,37
T101218,2025-03-04,Z8,56.0,36.6,3
T101158,2025-03-26,Z1,59.0,44.4,-6
T101415,2025-04-03,Z10,47.0,21.6,2
T102354,2025-04-28,Z5,58.0,37.5,9
T101527,29/04/2025,Z6,67.0,25.8,3
T102533,2025-03-06,Z6,66.0,39.0,1
T101300,2025-04-14,Z4,59.0,47.9,0
T102487,2025-04-29,Z1,53.0,42.9,-4
T101603,2025-04-08,Z4,65.0,39.9,6
T100160,2025-03-03,Z3,46.0,42.0,9
T101704,2025-05-02,Z7,62.0,30.3,6
T100956,2025-04-20,Z4,70.0,35.4,-2
T102528,2025-04-22,Z11,49.0,23.7,12
T100877,2025-05-05,Z7,58.0,37.8,8
T101919,2025-03-28,Z4,,37.3,7
T101884,2025-03-22,Z2,52.0,37.6,2
T102200,2025-03-10,Z7,59.0,38.6,4
T100098,2025-03-19,Z8,51.0,37.6,10
T102457,2025-04-29,Z4,65.0,33.1,9
T100253,2025-05-12,Z11,49.0,25.5,5
T100103,2025-03-12,Z9,46.0,25.3,8
T101445,2025-04-21,Z9,47.0,36.4,6
T101443,2025-04-22,Z8,51.0,24.6,11
T101648,2025-05-10,Z9,62.0,23.7,2
T100586,2025-03-26,Z6,70.0,37.3,7
T100627,2025-03-16,Z11,55.0,28.2,-11
T101696,2025-03-06,Z12,37.0,30.8,9
T102101,2025-03-23,Z12,37.0,29.6,8
T102199,2025-05-08,Z5,67.0,29.1,7
T100403,2025-03-07,Z7,42.0,37.4,13
T101154,2025-03-19,Z1,43.0,42.6,2
T102255,2025-04-07,Z10,46.0,31.4,12
T101682,2025-03-31,Z7,53.0,36.0,13
T102056,2025-03-22,Z2,43.0,42.9,6
T102470,2025-05-02,Z5,85.0,34.5,11
T100452,2025-03-04,Z12,37.0,20.9,9
T102301,2025-04-05,Z4,69.0,30.3,0
T101327,2025-04-28,Z11,38.0,38.0,10
T102049,2025-03-21,Z12,30.0,30.4,7
T100880,2025-04-27,Z4,,39.3,6
T102530,2025-03-20,Z5,55.0,33.3,3
T100623,2025-03-02,Z2,62.0,37.3,9
T102407,2025-05-11,Z4,84.0,39.0,7
T101787,2025-03-09,Z11,46.0,30.0,27
T100262,2025-04-02,Z8,33.0,41.1,7
T101634,2025-04-20,Z11,41.0,23.0,8
T101438,2025-03-27,Z8,50.0,32.8,-7
T102198,2025-04-23,Z10,48.0,29.3,12
T101969,2025-04-11,Z8,54.0,36.8,0
T101802,2025-05-11,Z12,37.0,33.4,7
T100640,2025-04-24,Z3,64.0,44.7,4
T102385,2025-05-05,Z7,63.0,32.7,4
T102460,2025/04/26,Z5,70.0,34.6,-1
T101959,2025-03-27,Z1,50.0,35.7,7
T100488,2025-04-28,Z6,73.0,29.6,1
T101843,2025/03/29,Z6,55.0,34.1,3
T101734,2025-04-03,Z2,60.0,42.3,3
T100146,2025-04-27,Z5,74.0,37.7,0
T101534,2025-04-04,Z10,59.0,26.2,10
T101986,2025-03-13,Z5,72.0,37.2,3
T101369,2025-03-06,Z5,69.0,39.4,0
T102546,2025-03-07,Z9,54.0,30.9,4
T100659,2025-04-21,Z1,56.0,37.3,5
T101794,2025-04-15,Z1,53.0,44.3,5
T100186,2025/04/02,Z5,73.0,34.2,9
T101147,2025-05-01,Z8,55.0,31.3,7
T100608,2025-04-01,Z2,60.0,,4
T102191,2025-03-15,Z11,40.0,28.3,4
T101930,2025-04-04,Z2,42.0,40.7,1
T100197,2025/04/10,Z4,66.0,32.4,2
T102327,2025-04-28,Z6,81.0,39.2,7
T100293,2025-05-11,Z12,43.0,31.0,24
T100766,2025-04-23,Z4,48.0,40.5,1
T100400,2025-03-12,Z11,38.0,29.7,0
T100122,2025-04-12,Z3,51.0,35.9,4
T100202,2025-04-18,Z10,54.0,24.8,12
T100835,2025-03-07,Z9,52.0,34.7,34
T102294,2025-03-21,Z11,41.0,29.9,8
T101439,2025-04-22,Z5,,32.5,5
T101733,2025-04-09,Z4,67.0,41.9,0
T101695,2025-05-03,Z4,59.0,41.1,-5
T101707,2025-04-22,Z1,45.0,41.9,-1
T102526,2025-05-10,Z11,45.0,33.6,6
T101153,2025-04-07,Z5,79.0,39.9,7
T101661,2025-04-21,Z4,,32.8,1
T101759,2025-04-22,Z2,51.0,37.6,10
T100854,2025-04-20,Z8,66.0,41.3,7
T101589,2025-03-28,Z11,41.0,23.5,10
T102267,2025-03-14,Z12,46.0,22.5,11
T100641,2025-04-25,Z4,58.0,38.2,5
T100001,2025/04/26,Z10,40.0,32.5,4
T102160,2025-03-08,Z6,60.0,33.4,1
T100698,2025-03-29,Z10,40.0,30.6,11
T101636,2025-03-24,Z2,50.0,39.9,2
T101291,2025-04-22,Z2,,36.7,7
T102479,2025-03-14,Z4,66.0,37.9,-1
T101520,29/04/2025,Z12,36.0,24.9,1
T101853,2025-03-06,Z6,58.0,37.9,1
T101136,2025-04-05,Z12,50.0,23.9,9
T102513,2025-03-07,Z3,52.0,,8
T101631,2025-03-30,Z11,32.0,21.4,-1
T101998,2025-03-09,Z6,54.0,42.7,1
T100663,2025-04-07,Z2,33.0,38.4,8
T100683,2025/04/24,Z6,67.0,,8
T101257,2025-04-23,Z5,70.0,34.0,7
T100317,2025-03-17,Z7,48.0,35.5,5
T100648,2025-05-07,Z1,46.0,47.3,6
T101434,2025-04-11,Z9,51.0,26.6,5
T101479,2025-03-31,Z2,61.0,30.0,2
T100709,2025-03-27,Z7,60.0,35.7,-1
T101282,2025-05-09,Z11,47.0,31.2,-7
T101768,2025-04-18,Z2,54.0,43.3,3
T100972,2025-04-20,Z4,67.0,44.0,6
T101306,2025-03-08,Z4,60.0,,6
T101400,2025-03-21,Z3,53.0,37.2,2
T101408,2025-04-26,Z10,64.0,33.9,12
T102237,2025-03-27,Z10,46.0,33.1,3
T101496,2025-03-10,Z1,50.0,46.5,2
T102038,2025-03-13,Z5,53.0,41.0,3
T101529,2025-05-11,Z9,50.0,32.1,12
T101663,2025-05-06,Z4,49.0,45.1,35
T101354,2025-04-30,Z6,76.0,39.6,7
T102536,2025-04-08,Z9,41.0,30.7,4
T102553,2025-04-17,Z12,46.0,30.5,5
T101643,2025-05-11,Z2,47.0,36.8,13
T101051,2025-04-03,Z2,56.0,38.7,3
T100795,2025-03-26,Z2,54.0,,2
T101597,2025-03-17,Z11,49.0,27.5,0
T101819,2025-04-13,Z1,46.0,42.2,5
T101722,2025-05-05,Z7,52.0,33.9,-4
T101183,2025-03-04,Z6,66.0,37.4,5
T101059,2025-04-21,Z7,51.0,30.2,5
T100540,2025-03-05,Z6,51.0,33.0,4
T101678,2025-04-08,Z8,57.0,,5
T102504,2025-05-08,Z6,64.0,30.8,8
T101757,2025-04-30,Z4,57.0,36.3,7
T101923,2025-03-11,Z6,69.0,36.3,2
T100095,2025-04-17,Z6,54.0,33.7,25
T101020,2025-05-01,Z12,42.0,21.1,2
T100563,2025-03-01,Z9,44.0,,8
T100863,04/03/2025,Z4,55.0,,2
T101484,2025-04-06,Z1,39.0,47.2,1
T101881,2025-04-29,Z10,50.0,,3
T101038,2025-04-25,Z4,63.0,34.0,-1
T100206,2025-05-06,Z1,55.0,41.5,-3
T100392,2025-05-12,Z4,55.0,38.8,0
T100870,2025-04-18,Z4,53.0,34.4,4
T100397,2025-03-08,Z8,45.0,37.6,6
T102498,2025-05-07,Z12,32.0,33.2,9
T101028,2025-03-18,Z7,52.0,30.8,-2
T101485,2025-05-04,Z9,,36.4,9
T100960,2025-03-05,Z5,64.0,30.8,3
T101570,2025-04-07,Z10,46.0,29.5,7
T101895,07/04/2025,Z9,50.0,37.3,6
T102146,2025-05-04,Z4,59.0,38.1,3
T100804,2025-03-02,Z9,49.0,38.6,11
T101751,2025-04-23,Z2,64.0,41.1,4
T102454,2025-03-20,Z1,42.0,41.7,6
T100502,2025-04-30,Z6,55.0,36.8,-3
T100779,2025-03-29,Z7,62.0,27.3,16
T101863,2025-04-07,Z5,74.0,45.0,7
T100200,2025-04-21,Z12,48.0,28.5,8
T102182,2025-03-06,Z3,54.0,43.0,3
T102088,2025-04-14,Z2,59.0,39.4,5
T102278,2025-03-17,Z2,59.0,31.7,8
T101796,2025-03-26,Z8,51.0,26.7,8
T100378,2025-05-08,Z4,65.0,33.7,-4
T102336,2025-05-09,Z11,42.0,28.0,7
T100418,2025-04-05,Z2,46.0,44.2,4
T101698,2025-03-16,Z8,54.0,42.9,7
T100391,2025-04-18,Z10,41.0,23.3,4
T101522,2025-03-03,Z4,55.0,37.6,0
T101162,2025-05-06,Z12,44.0,23.0,9
T101495,2025-03-30,Z4,76.0,38.3,-2
T102027,2025-04-03,Z7,69.0,36.5,8
T101152,2025-03-22,Z12,48.0,24.5,9
T101367,2025-05-13,Z9,40.0,24.4,7
T100064,2025-05-05,Z8,49.0,38.1,4
T102062,2025-04-11,Z3,50.0,38.5,4
T101180,2025-04-11,Z12,45.0,29.6,4
T100492,2025-03-14,Z9,51.0,30.6,2
T100379,2025-03-14,Z1,58.0,39.8,-4
T102235,2025-03-20,Z6,88.0,39.4,13
T100763,2025-04-18,Z8,47.0,34.7,1
T102264,2025-03-05,Z1,43.0,43.7,2
T100791,2025-03-25,Z8,53.0,33.9,3
T101076,2025-05-08,Z12,33.0,25.7,1
T100878,2025-05-02,Z5,80.0,26.7,5
T100337,2025-05-08,Z8,53.0,34.3,1
T102343,2025-04-12,Z9,55.0,30.5,3
T101016,2025-05-09,Z11,38.0,30.1,15
T101275,2025-04-21,Z8,59.0,40.1,6
T100455,2025-04-29,Z6,67.0,31.9,3
T100815,2025-03-23,Z4,66.0,39.7,4
T102317,2025-03-11,Z4,51.0,45.4,8
T100995,2025-03-19,Z2,53.0,36.6,6
T101981,2025-03-09,Z1,46.0,43.1,1
T100201,2025-04-03,Z3,53.0,39.5,-3
T100161,2025-03-23,Z2,42.0,42.8,3
T101579,2025-03-04,Z2,71.0,36.5,0
T102449,2025-03-25,Z10,46.0,33.7,-9
T100702,2025-03-12,Z8,54.0,36.9,9
T101500,2025-03-15,Z10,53.0,27.2,3
T101129,2025-04-30,Z3,49.0,41.1,2
T101021,2025-05-11,Z12,33.0,25.4,9
T101585,2025-03-31,Z9,59.0,33.2,12
T101955,2025-03-17,Z8,62.0,33.2,4
T102253,16/04/2025,Z5,70.0,33.0,-3
T100034,2025-03-07,Z3,53.0,34.8,6
T100775,2025-04-04,Z6,53.0,40.3,4
T101478,2025-03-04,Z8,59.0,34.8,7
T101390,2025-05-01,Z10,43.0,26.3,13
T102139,2025-03-18,Z8,69.0,35.7,0
T101363,2025-05-04,Z2,49.0,38.3,3
T102041,2025/04/16,Z7,64.0,27.2,7
T100241,2025-05-01,Z6,69.0,31.8,3
T102061,2025-04-08,Z2,42.0,47.2,9
T102363,2025-04-20,Z12,40.0,,10
T100600,2025-04-23,Z11,51.0,30.5,7
T102435,2025-03-13,Z4,63.0,37.6,1
T101297,2025-03-03,Z4,48.0,36.8,3
T102214,2025-04-02,Z4,74.0,37.5,0
T102068,2025-05-04,Z3,57.0,35.5,-3
T100646,2025-05-13,Z6,52.0,38.1,6
T101528,2025-03-26,Z9,51.0,30.3,6
T101267,07/04/2025,Z10,50.0,29.0,7
T101899,2025-03-05,Z5,44.0,38.8,3
T100562,2025-03-21,Z1,40.0,40.9,6
T100189,2025-05-08,Z2,56.0,42.0,3
T101806,2025-03-18,Z9,62.0,37.2,5
T100975,2025-04-03,Z5,70.0,38.6,5
T102047,2025-03-24,Z3,64.0,34.6,7
T102558,2025-04-17,Z12,37.0,28.0,8
T101082,2025-04-04,Z5,59.0,34.4,6
T100474,2025-04-07,Z7,66.0,18.8,5
T100747,2025-03-24,Z4,69.0,,8
T102300,2025-04-02,Z6,60.0,37.6,5
T100021,2025-05-13,Z2,54.0,41.6,13
T100459,2025-04-06,Z7,52.0,36.2,-6
T101184,2025-05-11,Z10,38.0,31.1,13
T102324,2025-04-25,Z6,69.0,33.3,9
T100955,2025-04-30,Z8,71.0,28.6,3
T101215,2025-04-21,Z3,65.0,41.8,3
T102433,2025-03-29,Z3,53.0,40.1,6
T101515,2025-03-27,Z12,46.0,28.4,12
T102391,2025-04-09,Z2,52.0,38.7,0
T100769,2025-03-08,Z3,43.0,35.8,0
T101685,2025-03-21,Z11,,28.8,5
T100130,2025-05-07,Z8,55.0,25.2,5
T102135,2025-04-06,Z1,50.0,47.0,3
T101482,2025-04-14,Z12,44.0,30.2,11
T100330,2025-04-18,Z2,48.0,39.4,6
T101238,2025-04-18,Z4,61.0,41.5,3
T100466,19/04/2025,Z5,69.0,41.7,4
T102169,2025-04-03,Z7,61.0,32.4,1
T101638,2025-04-29,Z8,59.0,35.8,4
T101095,2025-04-26,Z10,51.0,29.5,10
T101130,2025-04-11,Z6,53.0,33.0,9
T101294,2025-04-09,Z7,57.0,32.0,2
T100860,2025-03-23,Z8,67.0,35.3,8
