Postcode,Age,AnnualIncome,LoanAmount,Defaulted,City_Brisbane,City_Melbourne,City_Sydney,IncomeBand_Low,IncomeBand_Medium,IncomeBand_Very High,AgeGroup_26-35,AgeGroup_36-50,AgeGroup_51-70,PCA1,PCA2
4000,58,2.2577020477165113,0.7526826057576277,0,0,0,1,0,0,0,0,0,1,-407.4980794140396,14.91044412960448
4000,47,1.1622065889777258,-1.4572082663037103,0,1,0,0,0,0,0,0,1,0,-407.4993001921906,3.8919094363985995
2000,34,0.5270701831517065,1.5320128328546674,0,0,0,0,0,0,1,1,0,0,1592.4997817719238,-9.237164555568706
5000,66,0.5452313326191641,0.1857273238952223,0,0,0,1,1,0,0,0,0,1,-1407.4984931756644,22.963623970051472
4000,37,0.03222592313927337,0.24135416553645073,1,0,0,1,0,0,0,0,1,0,-407.50026233504593,-6.108454259268703
4000,65,-0.19361907512297652,-0.46037267595764886,0,1,0,0,0,0,0,0,0,1,-407.49878172826715,21.908808622127857
3000,42,0.9322249575357494,0.5265178219699227,1,0,0,0,0,1,0,0,1,0,592.5003551027994,-1.1692709037591222
4000,39,-0.7102283030157962,0.011675725262316517,0,0,0,0,0,0,0,0,1,0,-407.5004787092622,-4.111096334252195
4000,30,-1.1969332591409916,1.2313955677547572,1,0,0,1,0,0,0,1,0,0,-407.5010917193895,-13.119052119240116
3000,36,0.566107718962953,-1.5530667357284538,1,0,1,0,0,1,0,0,1,0,592.4997262154571,-7.164016138169124
2000,66,0.9042633544234709,0.14571748787112127,0,0,0,1,0,0,1,0,0,1,1592.5016800336336,22.791527761485145
4000,53,0.447476477836335,0.39046086289817045,0,0,0,1,0,0,0,0,0,1,-407.49915430637725,9.911927414683031
3000,29,-0.48339479018629405,-0.2344963225206772,0,0,0,1,0,1,0,1,0,0,592.4990128949298,-14.172940461497193
5000,58,-0.9214467598112326,-0.463824858195948,0,0,0,1,1,0,0,0,0,1,-1407.499611291979,14.967114541429662
2000,36,0.5128867583779093,-0.4200078755019155,0,1,0,0,0,0,1,0,1,0,1592.4997449774517,-7.220930173252142
5000,29,-1.2336287264350445,0.14476509916124128,0,0,0,0,1,0,0,1,0,0,-1407.5013494864343,-14.061575561686475
5000,26,-1.0369879374695607,-1.9401579079655624,0,1,0,0,1,0,0,1,0,0,-1407.501549417467,-17.053979006686127
3000,24,-0.525310522740345,0.9750956358462098,0,1,0,0,0,1,0,0,0,0,592.4987266456199,-19.159921961336014
4000,45,-0.3226666276380077,-0.5431058403886503,0,1,0,0,0,0,0,0,1,0,-407.49999646136826,1.8902556504297972
3000,31,-0.6314266991003734,0.09556085822274368,0,0,0,1,0,1,0,1,0,0,592.4990833140655,-12.174445775871021
3000,48,-2.2085236953963943,0.3469574307562929,0,0,1,0,0,1,0,0,1,0,592.4993456774214,4.825756985262938
3000,69,0.3593484616802717,-0.5910882346530965,1,0,0,0,0,1,0,0,0,1,592.5016142539364,25.847694154194265
3000,36,0.12217937885121392,-0.17636510731795133,0,0,1,0,0,1,0,0,1,0,592.4996108296879,-7.166554558896017
2000,64,0.8135494048605458,-2.1768276051966646,1,1,0,0,0,0,1,0,0,1,1592.5013981729974,20.797248478821043
4000,33,0.5360628683295198,0.7304312252831183,0,1,0,0,0,0,0,1,0,0,-407.5002160221902,-10.117165542473444
5000,22,-0.5089062681311625,1.0959658538569899,0,0,1,0,1,0,0,0,0,0,-1407.5014522460945,-21.04834781084902
5000,52,-1.3125877849099554,-1.8256841738910867,0,0,1,0,1,0,0,0,0,1,-1407.5002184959937,8.969566320721826
4000,29,-0.0841968230982471,-0.46574427226340964,0,0,1,0,0,0,0,1,0,0,-407.5007905358364,-14.1171706608226
5000,42,-0.30368026511398605,-1.3307438662599786,0,1,0,0,1,0,0,0,1,0,-1407.500325014494,-1.050220161666374
4000,69,0.5120382035922233,-0.22542788357590524,0,1,0,0,0,0,0,0,0,1,-407.49823912903594,25.90718918541654
5000,38,0.9168550232717954,0.6427235280414705,0,0,0,0,1,0,0,0,1,0,-1407.4999358003847,-5.053604802923098
3000,53,1.112589979619135,0.9985165708008709,0,0,0,0,0,1,0,0,0,1,592.5010914482465,9.852592373885713
5000,40,0.02235531990721494,1.1398623052898729,0,1,0,0,1,0,0,0,1,0,-1407.5001723719542,-3.053119544425305
4000,33,-0.2688110646621816,1.338091575361729,0,0,1,0,0,0,0,1,0,0,-407.50054219284203,-10.12195283843762
4000,56,-0.10995827001634838,-0.2723586097598568,0,0,1,0,0,0,0,0,0,1,-407.49927442078484,12.909227942776093
4000,62,-0.46241389672146205,-1.2436418363534933,0,0,0,0,0,0,0,0,0,1,-407.49911069428475,18.908402892087214
4000,59,0.5702482139172005,-0.15908552066098264,0,1,0,0,0,0,0,0,0,1,-407.4987894759825,15.911460380343662
4000,56,-1.8633335594896216,0.6265777748212836,0,0,0,0,0,0,0,0,0,1,-407.4999523926135,12.906996717086587
2000,31,0.5124763904003667,-1.328002349325717,1,0,0,0,0,0,1,1,0,0,1592.4994512284352,-12.231247813615132
2000,48,0.6348541776689013,1.7053572355678366,0,0,0,1,0,0,1,0,1,0,1592.5006081691795,4.769352360081888
5000,22,-1.9573258326056617,0.9045758579201709,0,0,0,1,1,0,0,0,0,0,-1407.5020530115519,-21.046976812206
4000,52,0.9875485347245709,-0.2557119770081558,1,0,0,1,0,0,0,0,0,1,-407.49901753526507,8.91378558430807
5000,40,-1.6470377115920642,-0.7855102084913945,0,0,1,0,1,0,0,0,1,0,-1407.5009981980647,-3.0544171588896454
4000,46,0.5605688024676712,-0.7416487822489004,0,1,0,0,0,0,0,0,1,0,-407.4995750734347,2.8907633261195227
4000,60,2.587566389152049,0.03925498061048611,0,1,0,0,0,0,0,0,0,1,-407.4978669294384,16.91212264379278
2000,28,-0.4159226743245992,-0.2797017816240717,0,1,0,0,0,0,1,1,0,0,1592.4989401189143,-15.229508990630068
2000,35,0.7622769252211353,0.9598498132065425,0,1,0,0,0,0,1,1,0,0,1592.4999093409467,-8.233722655056086
3000,64,-0.5204839011681278,-0.39901632827996053,0,0,0,1,0,1,0,0,0,1,592.5009681356452,20.850558962672213
2000,29,0.3969895550484284,0.4923533085740354,0,0,1,0,0,0,1,1,0,0,1592.499365521995,-14.233859721959611
3000,26,0.4202613895844559,-0.06908957101258457,0,0,1,0,0,1,0,1,0,0,592.4992080605413,-17.17335075324034
3000,27,0.6990728365627384,0.24459912091016703,1,0,0,1,0,1,0,1,0,0,592.4994231785652,-16.172017336585025
3000,61,0.42943516282266353,-0.28038866686138064,1,0,1,0,0,1,0,0,0,1,592.5011804246117,17.85025682173462
3000,34,-0.7749660210375106,0.7047892896524303,0,0,0,1,0,1,0,1,0,0,592.4992282064078,-9.17683321995279
3000,55,1.7685643240651794,0.7203632345332059,0,1,0,0,0,1,0,0,0,1,592.5014705455769,11.855420506204213
5000,24,-2.1554731105513754,0.44447674145543276,0,0,0,1,1,0,0,0,0,0,-1407.5020454806977,-19.047239347445906
2000,63,0.050035853876858015,0.5995227325525199,0,1,0,0,0,0,1,0,0,1,1592.5011634154532,19.792655614100912
3000,30,-0.055481753687727786,-1.0308107211846964,0,1,0,0,0,1,0,1,0,0,592.4992046782149,-13.17062526515577
4000,57,0.41688538245855844,0.3008839054876494,0,0,0,0,0,0,0,0,0,1,-407.498946153692,13.908691180964679
2000,59,1.2751384850828,1.2736485720972126,1,0,0,1,0,0,1,0,0,1,1592.5014916139019,15.793000281834402
2000,26,2.154960919732679,0.47754342517237064,0,0,0,0,0,0,1,1,0,0,1592.4999527058228,-17.230845686300373
3000,67,-0.288776771711044,-1.1215245224051418,0,0,0,1,0,1,0,0,0,1,592.5012017013602,23.850588977114977
5000,44,-0.6376848525859705,-0.09098477635255521,0,0,0,1,1,0,0,0,1,0,-1407.5002800997877,0.9455120975943262
3000,19,-0.6711820929506953,0.3552312309945084,0,0,0,0,0,1,0,0,0,0,592.498342649561,-24.159638122854645
5000,22,-0.2553327635562877,-0.8343898441689456,1,0,0,0,1,0,0,0,0,0,-1407.5014295659928,-21.04459348713075
4000,46,0.08829038657736417,-1.465636616596511,0,0,0,1,0,0,0,0,1,0,-407.4998079630247,2.8904421034001877
2000,54,0.6249121804779123,-0.3707796415054152,0,0,1,0,0,0,1,0,0,1,1592.5008176485403,10.795293356463258
4000,55,0.7827141049117912,-0.8169852395053564,0,1,0,0,0,0,0,0,0,1,-407.498965597209,11.914408714191536
5000,36,0.10445627819004517,-0.05371385080076833,0,0,0,0,1,0,0,0,1,0,-1407.5004322362356,-7.052181451012704
5000,25,-2.5082297559136655,-1.7105553626225618,0,1,0,0,1,0,0,0,0,0,-1407.502255922224,-18.04327488412319
4000,65,0.6355213675402777,0.5545451840813844,0,0,1,0,0,0,0,0,0,1,-407.4983944960335,21.904510250193752
5000,62,-0.9469933046460618,-0.7053878911935415,0,0,1,0,1,0,0,0,0,1,-1407.4994261137772,18.96367353891094
4000,18,1.1082971294486352,1.007386733394372,0,0,1,0,0,0,0,0,0,0,-407.5008819957168,-25.102269362312104
2000,39,0.6804479406777817,-0.32959903482647435,0,0,0,0,0,0,1,0,1,0,1592.4999939552195,-4.225045068892236
4000,69,1.3930360004884668,-0.06537499056563084,0,0,1,0,0,0,0,0,0,1,-407.4978750167345,25.904309868686994
2000,34,0.3370148268482195,-0.2204845725927629,0,0,0,0,0,0,1,1,0,0,1592.4996088792045,-9.234463596621014
4000,24,-1.4519578773929747,-0.7616498255306388,0,0,1,0,0,0,0,0,0,0,-407.50171233050537,-19.103808873966916
5000,42,0.11788786291257128,2.558554939270418,0,1,0,0,1,0,0,0,1,0,-1407.4999414085569,-1.056214525358852
4000,62,-0.3347198389128808,-0.5596355470364297,1,1,0,0,0,0,0,0,0,1,-407.4990202604342,18.91017135218727
5000,21,-2.0024101183612575,1.036559804138969,1,0,0,1,1,0,0,0,0,0,-1407.502122992224,-22.046788181898712
4000,53,0.35779994372875484,-1.187616246880124,1,1,0,0,0,0,0,0,0,1,-407.49928077126054,9.91557725659174
4000,23,0.15217686237906938,0.3522407859090132,0,0,0,1,0,0,0,0,0,0,-407.5010095035742,-20.101971349686323
3000,48,0.4708984743579276,0.46437748764282816,0,1,0,0,0,1,0,0,1,0,592.5005038651411,4.830688100676429
5000,36,-0.010354394679707786,-0.06410164910078632,0,0,0,0,1,0,0,0,1,0,-1407.5004814008585,-7.052245284604455
3000,61,-0.11518618993552772,-0.638572470647319,0,1,0,0,0,1,0,0,0,1,592.5009483037957,17.853692835728943
5000,56,-1.4421447727245507,-0.31533576021458687,1,0,0,1,1,0,0,0,0,1,-1407.4999396514984,12.967376202152655
3000,44,0.038947941068141555,-0.4623789614611964,0,0,0,1,0,1,0,0,1,0,592.5000459622185,0.8324581986186964
2000,27,1.0150405038315375,2.4847503402307867,0,0,1,0,0,0,1,1,0,0,1592.49961660203,-16.23578057278338
4000,43,0.8032202710151598,-0.06244819873080923,0,0,0,0,0,0,0,0,1,0,-407.4996103468294,-0.11164855911061211
5000,36,-1.4340810203105447,0.5127203210680084,0,1,0,0,1,0,0,0,1,0,-1407.5010535718309,-7.051393070732568
5000,56,-1.051862035888567,1.8329868059569385,0,0,1,0,1,0,0,0,0,1,-1407.4996837628905,12.962096959053934
4000,20,0.7552380031909582,-0.9593205620192653,0,1,0,0,0,0,0,0,0,0,-407.5010021214028,-23.096964751307176
5000,62,0.27557740750949905,0.000861538060481079,0,1,0,0,1,0,0,0,0,1,-1407.498853782872,18.96662911365228
5000,30,0.04886855544125493,-0.32149643610576206,0,0,1,0,1,0,0,1,0,0,-1407.5007902435887,-13.0608086032251
3000,67,-0.12611504819870337,-0.12919537584197782,0,0,1,0,0,1,0,0,0,1,592.5013002450478,23.84701954093875
5000,45,-1.1219698470067465,-0.22676381307069,0,0,1,0,1,0,0,0,1,0,-1407.5004571455718,1.942879102915145
2000,37,1.2072853393058807,-0.8075772102848214,1,0,1,0,0,0,1,0,1,0,1592.500059045912,-6.223488596032239
2000,45,0.002695827558445261,0.16658612520717397,1,0,1,0,0,0,1,0,1,0,1592.5000631251842,1.7706197149359537
4000,25,-0.3133355329666515,-1.1550531688167318,0,1,0,0,0,0,0,0,0,0,-407.5011756855744,-18.099567472314096
5000,58,0.48701084434654945,1.00016996906252,0,0,1,0,1,0,0,0,0,1,-1407.498960341047,14.963657201377499
4000,56,0.6687585572966637,0.616116700601477,0,0,0,0,0,0,0,0,0,1,-407.4988807238828,12.908791990715098
2000,18,0.6019760748572226,-0.5571106913455587,0,0,0,1,0,0,1,0,0,0,1592.4987455410337,-25.21349328913023
5000,20,-0.06132843826896642,-0.5061804748468127,0,0,1,0,1,0,0,0,0,0,-1407.5014629020732,-23.044574676547402
5000,30,0.30751902311588664,0.2507356087765866,1,0,1,0,1,0,0,1,0,0,-1407.500650542291,-13.061552458206647
4000,45,-0.01334735281504465,-0.8776156334770085,0,1,0,0,0,0,0,0,1,0,-407.49988311888524,1.8910139200900542
2000,66,0.5376212336899113,1.8648763386132847,1,0,1,0,0,0,1,0,0,1,1592.5015927698112,22.786411027625753
5000,42,-1.1745379250932184,0.33731700294143246,0,0,1,0,1,0,0,0,1,0,-1407.500623208684,-1.0567688615468733
4000,50,1.1213752572917681,0.37444079287719906,0,0,1,0,0,0,0,0,1,0,-407.4990647350353,6.884377818856943
2000,55,1.6662834891333989,0.6771908119653152,0,1,0,0,0,0,1,0,0,1,1592.5013891193391,11.797135218943973
4000,23,1.461394573410751,-0.647458619492292,1,0,1,0,0,0,0,0,0,0,-407.50053049242945,-20.10151367908118
3000,61,0.6203415393552493,1.105358817246861,0,0,0,1,0,1,0,0,0,1,592.5013570017711,17.85022834406081
5000,62,-2.044275694934005,0.08162073965369836,0,1,0,0,1,0,0,0,0,1,-1407.4998318715054,18.964869202802088
3000,49,0.03413272794808107,0.9594744675902387,0,0,0,1,0,1,0,0,1,0,592.5004081481488,5.827986344828765
2000,62,0.029285732552523987,-0.24666248057464552,0,1,0,0,0,0,1,0,0,1,1592.5010521579686,18.794443398075877
3000,64,-0.6054411872010647,1.3451664129586163,0,0,1,0,0,1,0,0,0,1,592.5010014714978,20.845599590468932
3000,38,-0.05478494729172148,0.38292975040240157,0,0,0,1,0,1,0,0,1,0,592.499703749232,-5.166372243175275
2000,33,1.5551127074960958,2.2541340080999595,0,1,0,0,0,0,1,1,0,0,1592.5001976208898,-10.23439164197279
4000,38,-0.37282491764208625,-0.4269040518774881,0,0,0,0,0,0,0,0,1,0,-407.5004168118031,-5.109716259261113
3000,28,-2.0650891240486953,0.17618723402078165,0,0,1,0,0,1,0,1,0,0,592.4982842659414,-15.176360505907668
4000,54,0.490308184634706,-1.1224266774573233,0,1,0,0,0,0,0,0,0,1,-407.4991633732837,10.9151311235319
3000,53,1.9375242468892437,-0.5947576544482881,0,0,0,0,0,1,0,0,0,1,592.5013567514876,9.855748663386436
4000,52,0.1814474361905793,0.6112597281432719,0,1,0,0,0,0,0,0,0,1,-407.4993184386124,8.912977709757671
2000,36,0.9197512254644928,1.147711237791552,0,0,0,0,0,0,1,0,1,0,1592.499999642471,-7.225965076012215
3000,37,1.2435466058714608,3.076194219141316,0,0,1,0,0,1,0,0,1,0,592.500315039873,-6.171461352313574
2000,35,1.357498657803674,-0.14021614776076666,1,0,0,1,0,0,1,1,0,0,1592.5001086553186,-8.232685886510765
3000,64,-0.017510915460751345,-1.0190914282317411,0,0,0,0,0,1,0,0,0,1,592.5011428550746,20.850290522707567
2000,58,1.238137900259839,0.7527051834792248,0,1,0,0,0,0,1,0,0,1,1592.5013853504836,14.795411102510323
2000,66,1.083559127049079,-1.2235433026664928,0,0,1,0,0,0,1,0,0,1,1592.5016610888285,22.79178957664937
3000,31,-1.1104434615583043,0.5541000920998342,0,0,0,0,0,1,0,1,0,0,592.498899085508,-12.177148413125717
3000,32,-1.2729319251925426,-0.5663480873227674,0,1,0,0,0,1,0,1,0,0,592.4988293371871,-11.173099043384365
3000,48,1.3278676492347266,0.18358897415859904,0,1,0,0,0,1,0,0,1,0,592.5008519441135,4.831744111833006
5000,18,-0.5811666472167798,1.1074978669994737,0,1,0,0,1,0,0,0,0,0,-1407.5016962463562,-25.0434429682498
4000,20,0.42550686994299713,-0.15503367798702986,0,0,0,0,0,0,0,0,0,0,-407.5010996271109,-23.10128223061525
5000,33,-0.801999195780721,0.9413352354995692,0,0,0,0,1,0,0,1,0,0,-1407.5008933090662,-10.064295812173114
5000,40,-0.10005146619903706,0.878595724419223,0,0,0,0,1,0,0,0,1,0,-1407.500238274833,-3.055568018392753
2000,28,2.9272049172336367,-1.9972791647361359,0,0,0,1,0,0,1,1,0,0,1592.5002704776546,-15.225543550774571
3000,29,0.2298918643410093,-0.9858806924304069,0,0,0,0,0,1,0,1,0,0,592.4992697479294,-14.172848816797703
4000,27,-0.12891464348443765,-1.6794613577385535,0,0,0,0,0,0,0,1,0,0,-407.5009720767499,-16.11391738334337
2000,49,0.774482687619705,2.0642258572867145,0,0,0,0,0,0,1,0,1,0,1592.500738501002,5.766811656652627
5000,33,0.13351988017119035,-0.14942215218543295,1,0,0,1,1,0,0,1,0,0,-1407.5005491118875,-10.060250029692135
3000,25,-0.6617437529351846,1.8321506955294773,0,0,0,0,0,1,0,0,0,0,592.4987716244044,-18.164622789531155
2000,55,1.5685515244471455,-1.754203299682495,0,1,0,0,0,0,1,0,0,1,1592.501219521349,11.800999047355884
3000,29,-2.0618808666608146,-0.6404253338603354,0,0,0,0,0,1,0,1,0,0,592.4983175080489,-14.175017118155111
2000,41,0.6967563688806978,0.8022623146003096,0,1,0,0,0,0,1,0,1,0,1592.5001765379186,-2.224946708491021
3000,45,0.3138285027389309,0.14963475834683515,0,1,0,0,0,1,0,0,1,0,592.500247208013,1.8323881261778783
5000,25,0.29394459690992875,0.5210943886908889,0,1,0,0,1,0,0,0,0,0,-1407.50095165473,-18.044916251389235
4000,45,-0.3145220495676557,-1.3558928719636407,0,0,0,1,0,0,0,0,1,0,-407.5000305973021,1.8904154625922251
5000,53,-1.9399841929818609,1.4077007832664261,0,0,0,1,1,0,0,0,0,1,-1407.5002331513328,9.965541049804138
4000,43,0.1348102616058824,0.7775931058901066,0,0,0,1,0,0,0,0,1,0,-407.49984352161806,-0.11185207699482606
3000,25,-1.0988943911470606,0.38322587830838395,0,0,0,0,0,1,0,0,0,0,592.4985101067066,-18.162586361753608
2000,67,0.7618859829508282,-0.758971539519602,0,1,0,0,0,0,1,0,0,1,1592.5016246112525,23.793617710094512
5000,45,-0.7346691558083968,0.30146629426957616,1,0,0,1,1,0,0,0,1,0,-1407.500242623696,1.9443754824468447
4000,45,-0.717878385270983,-0.34492778110205263,0,0,0,1,0,0,0,0,1,0,-407.50014808891257,1.88849706857822
5000,54,-0.08122720067549488,-1.7726288521053821,0,0,0,0,1,0,0,0,0,1,-1407.4995614807985,10.969931934269605
4000,58,0.2182102889334608,-0.09167429764091621,1,0,0,1,0,0,0,0,0,1,-407.4989875665605,14.910377380461599
5000,53,0.1411438975069035,-0.20335587270368685,0,0,0,0,1,0,0,0,0,1,-1407.4994424152092,9.967983774794748
4000,44,-1.1414475125784365,1.0774052415065478,0,0,1,0,0,0,0,0,1,0,-407.50033296038805,0.8842541923840227
4000,34,-0.47461555023770163,-2.386083010551611,0,0,0,1,0,0,0,1,0,0,-407.50074521265213,-9.114429054225157
3000,26,0.22402415922484334,0.20838709865974825,1,0,1,0,0,1,0,1,0,0,592.4991395954247,-17.1739373586764
4000,50,-0.2989220805966128,-1.2526864766214592,0,0,0,0,0,0,0,0,1,0,-407.4997348695298,6.886466106436047
3000,37,-0.324776217741749,0.29665814451745465,0,1,0,0,0,1,0,0,1,0,592.4995217466296,-6.16482808377624
4000,30,0.34543003065352,0.35449806906311554,0,0,0,1,0,0,0,1,0,0,-407.50048484290176,-13.116550608137665
2000,45,1.009450708887781,-0.12993741376337448,1,0,0,0,0,0,1,0,1,0,1592.5004908975461,1.7722605035796268
2000,65,0.33608577851141613,0.8094006906217894,0,1,0,0,0,0,1,0,0,1,1592.5014113102284,21.791649541172237
2000,46,1.0022246610235894,-1.3474441515644944,0,1,0,0,0,0,1,0,1,0,1592.5004817773333,2.7765758979247566
4000,30,-0.2855752870089922,1.1250151319740445,0,0,1,0,0,0,0,1,0,0,-407.5007340760666,-13.120318704734744
3000,63,0.3510007203259494,-0.7825759500940932,0,0,0,0,0,1,0,0,0,1,592.5012535247645,19.8506005658478
3000,52,-0.28474305399417055,-1.6732544766519757,0,1,0,0,0,1,0,0,0,1,592.5003012982626,8.859151068469151
4000,23,0.46976923197279064,-0.32486853777434155,1,0,0,1,0,0,0,0,0,0,-407.5009107239131,-20.100653158818965
2000,35,2.952369420725809,-2.2397738084867522,0,0,0,1,0,0,1,1,0,0,1592.5006732924594,-8.22817000205551
2000,68,-0.009963884338987627,0.228320333454919,0,0,1,0,0,0,1,0,0,1,1592.5013902930373,24.787805841217533
3000,22,0.9264649585996109,-0.311058480902449,0,1,0,0,0,1,0,0,0,0,592.4991578825174,-21.155954629765134
2000,64,-1.2605033355396114,1.2573494239405794,1,0,0,0,0,0,1,0,0,1,1592.5007007105228,20.78745240707025
5000,42,-2.403715226919447,0.6430259564415701,0,0,0,1,1,0,0,0,1,0,-1407.5011049222862,-1.0560478771482855
3000,19,-1.1917201480179593,-1.501066620676883,0,1,0,0,0,1,0,0,0,0,592.4980246317543,-24.154216316918486
2000,27,-0.06669962558469039,-0.9194718992034577,1,1,0,0,0,0,1,1,0,0,1592.498996412196,-16.22779521481177
3000,47,-0.028112416611333794,0.5082824143992271,1,0,1,0,0,1,0,0,1,0,592.5002196353079,3.8274611836515664
5000,67,-0.4958027790186927,0.8511978204374976,1,0,0,1,1,0,0,0,0,1,-1407.498841062727,23.961382750255133
3000,62,-0.39751317563553845,1.245597945663738,1,0,0,1,0,1,0,0,0,1,592.5009912333869,18.848852898127276
3000,22,-0.3129675156665298,1.2372023255186047,0,0,0,0,0,1,0,0,0,0,592.4987143931385,-21.16211429839087
3000,50,0.232963008313596,-0.13275061593184526,0,0,0,1,0,1,0,0,1,0,592.5004925971386,6.82945876120888
3000,18,0.4790505833932019,0.34228600072173504,0,0,0,0,0,1,0,0,0,0,592.4987711862128,-25.1583755859871
5000,35,-1.7980109238573332,1.3256894754290447,1,0,0,1,1,0,0,1,0,0,-1407.5011735381297,-8.064859920447406
4000,49,0.053315928231434356,-0.35734370860023157,0,0,1,0,0,0,0,0,1,0,-407.4996134454496,5.885245021845107
3000,64,-0.24828483458726394,0.3602195116945879,0,0,0,1,0,1,0,0,0,1,592.5011234352816,20.849522168571642
3000,66,0.19876493427192699,-0.3821076473811083,0,0,0,0,0,1,0,0,0,1,592.5013837261534,22.848544656744657
2000,28,0.25946944637529423,-0.6175019697281879,0,0,0,0,0,0,1,1,0,0,1592.4992080100637,-15.2312733663721
3000,38,-0.26410047639583223,0.01212858449089451,0,0,1,0,0,1,0,0,1,0,592.4995728971923,-5.167998240216379
2000,43,0.9061104287745257,-0.7610024348450969,1,0,0,1,0,0,1,0,1,0,1592.5003037290498,-0.2242993027817253
4000,42,-0.22267671142617618,-0.17623648382870782,1,0,0,1,0,0,0,0,1,0,-407.50010304745774,-1.110126691101074
5000,39,-1.3160627594868815,-1.1259760900290878,0,0,1,0,1,0,0,0,1,0,-1407.5009338489629,-4.053200285396125
5000,44,-0.6497561836065358,-0.23830141328081572,0,0,0,1,1,0,0,0,1,0,-1407.5002929797754,0.9457418853491603
4000,66,0.23985660598944372,0.4323547065723063,0,0,0,1,0,0,0,0,0,1,-407.4984879714867,22.90607494330554
5000,30,-0.326108321203442,-0.6572290258097403,0,0,0,0,1,0,0,1,0,0,-1407.5009496363787,-13.060074825139518
4000,50,-0.5036719095688696,-0.02894101786295683,1,0,0,1,0,0,0,0,1,0,-407.49975147269623,6.885967636908075
4000,51,0.062346612150549686,0.10768411599869938,0,0,0,1,0,0,0,0,0,1,-407.49944800091237,7.91298180563149
4000,58,0.1602030613171405,0.43670882131603295,0,0,1,0,0,0,0,0,0,1,-407.4990069306307,14.907403335930633
5000,52,-0.07363428377810494,-0.17903501548137976,1,0,1,0,1,0,0,0,0,1,-1407.4996070265142,8.967773226198268
2000,18,0.12432742666230855,1.1020562609475884,0,1,0,0,0,0,1,0,0,0,1592.4986254959776,-25.21535175717957
4000,38,0.5339099143639268,-2.245826392801764,0,0,0,0,0,0,0,0,1,0,-407.5001287688791,-5.106137562210753
3000,65,0.011406811118758782,3.0475588010459114,0,0,0,1,0,1,0,0,0,1,592.5014329615244,21.844924368883458
5000,23,0.5970810371283356,-0.9538735523077753,0,0,0,1,1,0,0,0,0,0,-1407.5010114929305,-20.042610743522264
4000,45,-0.46647640835896353,0.3850795955712513,0,1,0,0,0,0,0,0,1,0,-407.500008412546,1.8886534281892828
4000,34,-0.18462125547719013,-1.0246115548964503,0,0,0,1,0,0,0,1,0,0,-407.5005506202768,-9.116427389136788
3000,22,-0.9473845974923876,0.6381345340909472,0,0,0,0,0,1,0,0,0,0,592.4984141574706,-21.161590950702536
2000,48,-0.4632725243994448,0.25184771257340965,1,1,0,0,0,0,1,0,1,0,1592.5000612424415,4.772092469102128
2000,22,2.30364255399518,-0.7223107056150164,0,0,0,0,0,0,1,0,0,0,1592.4996832344848,-21.215390602683154
2000,55,-0.11823819989634926,1.0886312643309992,0,1,0,0,0,0,1,0,0,1,1592.500655155657,11.795216450767168
4000,20,-0.31277478890556343,-0.21095186730135215,0,1,0,0,0,0,0,0,0,0,-407.50141491068325,-23.098925234856996
4000,40,1.4048901271717147,0.5361761566108728,0,0,1,0,0,0,0,0,1,0,-407.49951464581034,-3.111347034693551
4000,54,-1.0674919697058258,-1.0022262886813604,0,0,0,0,0,0,0,0,0,1,-407.49981698120826,10.911057561555987
5000,54,-0.11996805228621316,-0.07115154285424616,0,0,0,1,1,0,0,0,0,1,-1407.4994825951426,10.968777387174155
3000,27,-1.3305983942091748,2.0659804516225395,0,0,0,1,0,1,0,1,0,0,592.498659755248,-16.17638867818944
4000,27,1.349243712026921,0.9729426016017666,1,0,0,0,0,0,0,1,0,0,-407.5002062795831,-16.11716915746098
3000,36,-1.9403435069707125,0.2844690271398377,0,0,0,1,0,1,0,0,1,0,592.4987844140537,-7.166669749869199
3000,34,-1.6048717662265797,-0.5103170287672306,0,0,0,1,0,1,0,1,0,0,592.4988127054373,-9.175450805738175
2000,38,0.4429479838151088,0.03220821807715277,1,0,0,0,0,0,1,0,1,0,1592.4998546148042,-5.22536328683811
5000,31,0.05362233261735554,0.1688508049719008,0,1,0,0,1,0,0,1,0,0,-1407.5006871357139,-12.058792900188463
4000,26,0.31992584843547384,0.4332352173546896,0,0,0,0,0,0,0,1,0,0,-407.5007284561521,-17.116585405433938
2000,63,0.6114919243650041,-1.1697900253953255,0,1,0,0,0,0,1,0,0,1,1592.5013078653035,19.79591157575503
2000,18,1.9663706644568548,0.6634946438336803,0,0,0,1,0,0,1,0,0,0,1592.4993876625392,-25.21450921187542
4000,68,2.081196287464988,-1.1833763800939752,0,0,0,1,0,0,0,0,0,1,-407.49767775428353,24.909113879313132
3000,62,0.3493707787093938,1.6748795735465993,0,0,0,1,0,1,0,0,0,1,592.5013301401907,18.84868314619205
2000,30,0.38016327109975234,-0.8493379401779162,0,0,1,0,0,0,1,1,0,0,1592.4993454957653,-13.23213528727176
3000,21,-0.5290903821008344,0.27292090490843485,0,1,0,0,0,1,0,0,0,0,592.4985144693452,-22.157487654631016
5000,18,-1.7673230906625355,1.0172517675899877,0,0,1,0,1,0,0,0,0,0,-1407.5022206742422,-25.047369274677287
3000,66,-0.11099934056207499,-0.3038407713435871,0,0,1,0,0,1,0,0,0,1,592.5012395869151,22.847746384898436
5000,57,-2.0421608361960852,0.3191154490537621,0,0,0,0,1,0,0,0,0,1,-1407.5001079917897,13.963870307604855
3000,49,0.25237784373845756,1.4690299503154047,0,0,1,0,0,1,0,0,1,0,592.5005047709582,5.825236770793794
2000,51,2.4977088688241254,0.5542320412547477,0,0,0,0,0,0,1,0,0,1,1592.501503014433,7.796867996097795
2000,45,1.460069248828963,0.33482183860056003,1,0,0,0,0,0,1,0,1,0,1592.500706220882,1.7718252962275
5000,48,-1.107269239035384,-1.8086566666687467,0,0,1,0,1,0,0,0,1,0,-1407.5003607891638,4.944146652489094
4000,25,0.7693843305042386,-1.0196259963174614,0,1,0,0,0,0,0,0,0,0,-407.50071006390425,-18.09902608606087
5000,56,0.5762443396298866,1.0611412488930796,0,1,0,0,1,0,0,0,0,1,-1407.499017650397,12.967727981097488
5000,43,0.5359314836156389,0.5600597851014435,0,1,0,0,1,0,0,0,1,0,-1407.4998119229251,-0.05312237414861253
3000,51,-1.0008803282911314,0.7192351452701339,1,1,0,0,0,1,0,0,0,1,592.5000663604314,7.855212322813061
3000,20,0.21888993302763526,0.6288148510619602,1,1,0,0,0,1,0,0,0,0,592.4987921210495,-23.157104180122886
5000,67,-0.8566805077553084,1.316253445611096,0,0,1,0,1,0,0,0,0,1,-1407.498992017432,23.95829841598857
2000,29,1.5317718220677279,-0.31331662329308224,0,0,1,0,0,0,1,1,0,0,1592.4998035633382,-14.231759667068735
3000,18,0.11683053548653946,0.08788895370186536,0,0,0,1,0,1,0,0,0,0,592.4986099559626,-25.156593945037688
4000,61,-1.5642561026051973,-1.1193780670061708,1,1,0,0,0,0,0,0,0,1,-407.4996282764562,17.910646889884163
3000,22,-0.47259146676291447,-1.381331298456136,0,0,1,0,0,1,0,0,0,0,592.4984916225075,-21.158445393876043
3000,47,-0.03225613155472627,-1.7655371085988374,0,0,0,1,0,1,0,0,1,0,592.5001206404271,3.8332145974641754
4000,47,-0.8107032172896527,-0.9686125144029172,0,1,0,0,0,0,0,0,1,0,-407.5001098606835,3.8897335695442097
5000,34,-0.26121911915715096,1.5923439901281635,0,0,0,0,1,0,0,1,0,0,-1407.5005721357888,-9.06540269269106
4000,65,-0.8829283285020364,-1.6699225650415919,0,0,0,1,0,0,0,0,0,1,-407.4991321249112,21.90912030734698
5000,64,-1.3725568005564868,-0.3575827339512544,0,0,1,0,1,0,0,0,0,1,-1407.499472280153,20.9619446018062
5000,40,0.35129460214395664,-1.3972185190861128,0,0,0,0,1,0,0,0,1,0,-1407.5001671603427,-3.051570188671688
5000,32,-1.4413084036211508,-0.6700567105951828,0,0,0,0,1,0,0,1,0,0,-1407.5013068480125,-11.061704834598862
4000,54,0.8072728283101717,0.13956961981155225,0,0,0,0,0,0,0,0,0,1,-407.4989628980434,10.910527549228023
5000,38,-2.1420436552408497,-0.7742104141701547,0,0,0,1,1,0,0,0,1,0,-1407.5013002488683,-5.051836855232222
2000,31,2.5587279129727305,1.1060468059476098,0,0,1,0,0,0,1,1,0,0,1592.5004289756016,-12.23420156993274
4000,19,0.09950870626953559,1.572820857893437,0,0,0,0,0,0,0,0,0,0,-407.5012044073965,-24.103872009419376
2000,28,0.9587481319729546,-2.4014938538134953,0,1,0,0,0,0,1,1,0,0,1592.4994103393917,-15.22511179702565
5000,68,-0.5850711862857789,-0.7562212468953925,0,0,0,0,1,0,0,0,0,1,-1407.4989113448416,24.961861504696625
3000,56,0.2972541197551083,0.02342937345389075,0,0,0,0,0,1,0,0,0,1,592.5008683220547,12.8522955369321
5000,55,-1.9532086109110225,1.1443416861211566,0,0,0,1,1,0,0,0,0,1,-1407.500136939891,11.965090188954335
2000,51,0.8776554290523011,-0.5159095857021471,0,0,0,1,0,0,1,0,0,1,1592.5007661355326,7.799085590152161
2000,55,0.3512295510171335,-0.059645648020749634,0,0,1,0,0,0,1,0,0,1,1592.5007760132683,11.794164161425455
4000,67,-1.0162942137452937,-1.2539221113269063,1,1,0,0,0,0,0,0,0,1,-407.49905623882876,23.908646777841135
3000,51,0.6030359644985714,-1.6489837924029984,0,0,0,1,0,1,0,0,0,1,592.5006259361853,7.859008598576585
4000,35,0.06114504800786077,1.47974887693133,1,0,0,0,0,0,0,1,0,0,-407.5002622073,-8.122363607044022
2000,47,1.0773368243076307,-1.954982214728118,0,0,1,0,0,0,1,0,1,0,1592.5005220080313,3.7739383053826803
5000,32,-0.5844197345518587,2.4076322034120934,0,0,0,0,1,0,0,1,0,0,-1407.5007817026765,-11.066080786448882
3000,44,-0.46198869668052145,0.7231065602776839,0,0,0,0,0,1,0,0,1,0,592.4998907852346,0.8285644240860324
5000,68,0.8618359018009253,0.6756443947588113,0,0,0,1,1,0,0,0,0,1,-1407.498217575328,24.962186429098892
5000,51,-0.7673868279626119,0.5658571099133106,0,0,1,0,1,0,0,0,0,1,-1407.49991936719,7.966514979542855
3000,69,-1.4473569760438756,-0.3041618667349371,0,1,0,0,0,1,0,0,0,1,592.5008646228036,25.84874626103399
4000,55,0.022306847267270214,0.37320258984955407,0,1,0,0,0,0,0,0,0,1,-407.4992248320345,11.911949684232427
5000,50,-0.32670440760810066,-0.23714822329818208,0,0,0,1,1,0,0,0,1,0,-1407.499809025229,6.94336434021001
2000,41,1.311030211140335,0.5423295934822221,0,0,0,1,0,0,1,0,1,0,1592.5004282221635,-2.22525536690943
5000,32,-1.6056598237055253,-0.07409192294248244,0,0,1,0,1,0,0,1,0,0,-1407.5013621124015,-11.06323828918304
3000,47,0.5565995956015468,-1.0370923959360387,0,1,0,0,0,1,0,0,1,0,592.5004031299758,3.8336104870337278
3000,59,-1.6124427011444675,-0.9532840375508027,0,1,0,0,0,1,0,0,0,1,592.5001819926161,15.854017801670171
3000,68,0.729530630812616,-1.0727315141482174,0,1,0,0,0,1,0,0,0,1,592.5016880530407,24.85195196994932
4000,34,-0.718041802793885,0.9812789425161115,0,0,0,0,0,0,0,1,0,0,-407.50067629075465,-9.121670877783679
5000,22,-0.9115792621061926,-0.6873620806956545,0,1,0,0,1,0,0,0,0,0,-1407.501699409763,-21.04250711499259
4000,46,1.202517169432345,-2.0474657353731103,0,0,0,0,0,0,0,0,1,0,-407.4993723899348,2.8905411049141376
4000,21,0.44122492849458483,0.3781970557227657,1,0,1,0,0,0,0,0,0,0,-407.5010240993191,-22.103021514711678
3000,27,0.4657372281037833,1.5523765350808998,1,0,0,0,0,1,0,1,0,0,592.4993877666078,-16.1759209594017
3000,34,0.3061926813098755,0.773461384146361,0,0,1,0,0,1,0,1,0,0,592.4996669831835,-9.178263674990776
4000,27,1.3811256853077638,-0.6725250892301263,0,1,0,0,0,0,0,1,0,0,-407.5002792562554,-16.111700363307175
5000,34,0.12644110275646425,-1.7057302501468734,0,1,0,0,1,0,0,1,0,0,-1407.5005816031749,-9.057011147092469
2000,37,0.5164038199260034,-0.17975807035928995,0,0,1,0,0,0,1,0,1,0,1592.4997995968934,-6.224989237033022
4000,41,0.8547847009912373,-0.20597540225640332,0,0,0,1,0,0,0,0,1,0,-407.49970621153994,-2.108888101749263
5000,22,-1.9591476307562141,-1.0568967950828128,0,0,1,0,1,0,0,0,0,0,-1407.5021798797509,-21.04588437389696
3000,51,-0.2388710951314399,0.5401906973013086,1,0,0,1,0,1,0,0,0,1,592.5003848690053,7.854876596397272
3000,23,0.46717626124313294,1.9012741489939904,0,0,0,0,0,1,0,0,0,0,592.4991376143848,-20.163074195391808
5000,19,-0.6214769959070486,0.1948170051575058,0,0,0,0,1,0,0,0,0,0,-1407.5017038864703,-24.04521396598536
2000,30,1.241781826183663,0.12988606973067549,0,0,0,0,0,0,1,1,0,0,1592.4997790829923,-13.232659789673782
3000,60,-0.36404006705589026,-1.023309016408404,0,1,0,0,0,1,0,0,0,1,592.5007647885179,16.854574082468638
3000,60,0.7173931715160777,1.429353925425914,0,0,0,0,0,1,0,0,0,1,592.5013517664513,16.848581663774436
3000,65,-0.25700656471007516,-0.11764531755042942,0,0,0,1,0,1,0,0,0,1,592.5011523925525,21.849855166863314
5000,28,-1.1042903850447554,-0.6469333238057718,0,0,0,0,1,0,0,1,0,0,-1407.501394315389,-15.05977049207296
4000,68,1.0590734096544154,0.02820546663826423,0,0,1,0,0,0,0,0,0,1,-407.49806934871106,24.90435772496121
3000,64,-1.3242625650453057,0.45711730262942735,1,0,1,0,0,1,0,0,0,1,592.5006502559642,20.84653104904109
4000,40,0.7485151889242968,0.10755050160393786,0,1,0,0,0,0,0,0,1,0,-407.49979780351015,-3.107875577491166
2000,33,0.04209570389327568,1.2284240313506443,0,0,1,0,0,0,1,1,0,0,1592.4994854539095,-10.237034518242396
3000,48,0.8373174185116543,0.3646794878043107,0,0,0,1,0,1,0,0,1,0,592.5006590442015,4.829946208204264
3000,28,-0.4025129143412712,-0.33699804016440593,1,0,0,0,0,1,0,1,0,0,592.4989783223031,-15.173908694312862
2000,33,0.9907026419208584,0.38277068563438293,0,1,0,0,0,0,1,1,0,0,1592.4998599387068,-10.231761351704243
3000,25,0.14015876636585384,0.4861921279787933,0,0,0,0,0,1,0,0,0,0,592.4990402163368,-18.16188267718084
4000,21,-1.209748456958276,-1.4006124268457123,1,0,0,0,0,0,0,0,0,0,-407.5017999126908,-22.10084991039915
5000,57,-1.2534407519675947,1.1688223798815691,1,0,0,1,1,0,0,0,0,1,-1407.4997236317186,13.964674537191646
4000,21,1.1855805586125479,-0.35481771733511064,0,0,1,0,0,0,0,0,0,0,-407.5007475537771,-22.101313177007718
5000,42,-0.030209831151071655,-0.32794376843326567,1,0,1,0,1,0,0,0,1,0,-1407.5001737210318,-1.0548891961809284
5000,20,-0.5012891788610813,0.7506568457979308,0,0,0,0,1,0,0,0,0,0,-1407.5015658324567,-23.046462315880124
4000,49,-0.7423039538355063,0.7462332217089035,0,1,0,0,0,0,0,0,1,0,-407.4998747700842,5.886140542545637
4000,20,0.816567000795254,-0.7749624050334488,0,0,1,0,0,0,0,0,0,0,-407.5009838181098,-23.10045905341055
4000,44,0.91960418846929,0.8047871857725782,0,1,0,0,0,0,0,0,1,0,-407.49945719073105,0.8893818467454339
4000,46,0.38274536091385386,-0.6274822498957436,0,0,1,0,0,0,0,0,1,0,-407.49966174117526,2.8872145869847423
2000,49,1.8673800625268029,1.872853096418008,0,1,0,0,0,0,1,0,1,0,1592.501191491663,5.770673817491989
3000,67,-0.7428154376738737,-0.9087630899686245,0,0,0,1,0,1,0,0,0,1,592.5010206570313,23.849925979617847
5000,68,-1.1400663942639557,0.212880973178404,0,1,0,0,1,0,0,0,0,1,-1407.4990949635853,24.962689388260355
4000,36,-1.6568152756432821,-0.8602524523112177,0,0,0,1,0,0,0,0,1,0,-407.5010935032893,-7.107425048168444
4000,38,1.085909083205874,2.2963542158745764,0,0,0,1,0,0,0,0,1,0,-407.4996499359703,-5.111471690443038
4000,22,0.5977239749007025,-1.3390973973794424,0,1,0,0,0,0,0,0,0,0,-407.50097314871886,-21.097328659745703
2000,35,-0.47297326010183427,0.512167697868141,0,0,0,1,0,0,1,1,0,0,1592.4993679394183,-8.23502662176311
4000,45,-1.0719164616792018,-0.8107638791012071,0,0,0,0,0,0,0,0,1,0,-407.50032813944784,1.8873772656415784
4000,59,-0.35815217538364713,-0.41071087364665165,0,0,0,1,0,0,0,0,0,1,-407.49919060270565,15.910054825567144
4000,39,0.9842628681062007,0.4377624636719871,1,0,1,0,0,0,0,0,1,0,-407.49975580045015,-4.111049519359175
3000,38,-0.43420101875007133,1.2477867940461778,0,1,0,0,0,1,0,0,1,0,592.4995834151528,-5.166877025534376
2000,23,0.23359273502799285,1.6667595547162293,0,0,0,0,0,0,1,0,0,0,1592.4989904977886,-20.22114222852852
4000,18,-0.4656921489948409,-1.6533457963262719,0,1,0,0,0,0,0,0,0,0,-407.5016714236417,-25.095832222969033
5000,22,-1.5759570034046062,0.24258402296733575,0,0,1,0,1,0,0,0,0,0,-1407.5019490920824,-21.047716992693978
5000,58,-2.2871416330669545,1.4945710204906217,0,0,1,0,1,0,0,0,0,1,-1407.500108991508,14.960909211618143
5000,29,-1.7020253868412607,-1.8092087777566315,1,0,1,0,1,0,0,1,0,0,-1407.5016679637895,-14.059198356431551
2000,43,0.01946292448781515,0.29157363376343515,0,0,0,1,0,0,1,0,1,0,1592.4999837809019,-0.2266244251787331
2000,63,1.4318976397790917,-0.040891621348394955,0,0,0,1,0,0,1,0,0,1,1592.501720072924,19.793501432907917
5000,51,-0.8628206812623925,0.39679512873436545,0,1,0,0,1,0,0,0,0,1,-1407.4999513056605,7.9699605893162
4000,66,-0.32025059590298766,-0.8500478010269534,0,1,0,0,0,0,0,0,0,1,-407.498798049723,22.90891617377047
2000,31,2.742740738428293,-1.546894303341293,0,0,0,0,0,0,1,1,0,0,1592.500384096434,-12.229327411268901
5000,43,-1.2641653803589998,-2.04851971618565,0,0,0,0,1,0,0,0,1,0,-1407.5007120269763,-0.052952655942278264
5000,62,0.21094628928281378,0.9870393502839272,0,1,0,0,1,0,0,0,0,1,-1407.4988291475831,18.964988705416555
4000,44,1.6508833892066574,1.1211582269748774,0,0,0,1,0,0,0,0,1,0,-407.4991255704318,0.8882232668187579
3000,26,-1.4570310186803557,0.27928412743498643,0,0,1,0,0,1,0,1,0,0,592.4984314872202,-17.17523267432208
2000,43,0.9415415747786549,-0.5998529480663249,1,1,0,0,0,0,1,0,1,0,1592.5003219548385,-0.22337457043253234
4000,64,-0.0720747624617274,-1.7437961277716567,0,0,0,0,0,0,0,0,0,1,-407.4988560796773,20.90861845027578
5000,39,-1.211821455170133,0.553121056146775,0,0,0,1,1,0,0,0,1,0,-1407.5007785013106,-4.053764085657336
5000,64,-0.28187970195710826,-1.1951280454245714,0,1,0,0,1,0,0,0,0,1,-1407.499037207855,20.9673044342096
4000,47,-0.1569374739116574,-0.7859584729709004,0,1,0,0,0,0,0,0,1,0,-407.4998233902609,3.8898973067538507
2000,60,0.4823862288200317,-0.6549183828650231,1,0,0,1,0,0,1,0,0,1,1592.5011120726479,16.79512895970048
3000,65,-0.3276597653181311,-0.24622345409844518,0,1,0,0,0,1,0,0,0,1,592.5011104186522,21.851173990684334
3000,34,-0.4930433820838414,-0.836113726317097,0,0,0,1,0,1,0,1,0,0,592.4992663317541,-9.174143005362314
5000,43,-1.6747743883049553,-0.0035523152244966607,1,0,1,0,1,0,0,0,1,0,-1407.5007951603864,-0.05700263950975246
2000,53,1.5231622421174922,-0.6919547650616702,0,0,0,1,0,0,1,0,0,1,1592.5011458925337,9.7989561543244
3000,18,0.6525087963464455,0.6981261901959418,1,0,0,1,0,1,0,0,0,0,592.4988689694353,-25.15720470471408
2000,25,1.1587847191172693,1.0444824259198946,0,0,0,1,0,0,1,0,0,0,1592.4994707249077,-18.218728928319173
2000,66,0.578591873174957,0.07532720981672157,0,1,0,0,0,0,1,0,0,1,1592.5015331400257,22.792573367934008
5000,52,-1.2974491093770275,0.447310404632612,0,1,0,0,1,0,0,0,0,1,-1407.5000748368514,8.969139875203478
3000,69,-0.759079752032347,2.186214710994295,0,0,0,1,0,1,0,0,0,1,592.501292674266,25.844041304592654
4000,32,2.2440441409891103,-1.2705828443579659,1,1,0,0,0,0,0,1,0,0,-407.4996561411521,-11.112295837904325
5000,64,0.026243428778159175,-1.3345245109128847,0,0,0,0,1,0,0,0,0,1,-1407.4989143753278,20.96496122332582
3000,39,-0.8690404477210303,0.6914287506707089,0,0,0,0,0,1,0,0,1,0,592.4994275005157,-4.169501417764569
3000,31,-0.059535255361402806,2.006241427636762,0,1,0,0,0,1,0,1,0,0,592.4994209621403,-12.17597391561846
3000,43,-0.48429080232082156,-0.31236969483232685,0,1,0,0,0,1,0,0,1,0,592.4997691810269,-0.16655765827724667
3000,45,0.27810708133453377,1.775425766305729,0,0,0,1,0,1,0,0,1,0,592.5003230889035,1.8285730429116496
3000,40,0.24563909431554554,0.06260612405303542,1,0,1,0,0,1,0,0,1,0,592.4999071083138,-3.1685894003543433
2000,31,1.7549450452037543,-0.7540097847856008,0,1,0,0,0,0,1,1,0,0,1592.50000791493,-12.2285184852184
5000,41,-1.414544243890183,-1.079476070164369,0,0,0,0,1,0,0,0,1,0,-1407.5008403041984,-2.0537580521777423
2000,19,0.9663327457694346,0.6225290352779947,0,0,0,1,0,0,1,0,0,0,1592.4990198833652,-24.2155790691894
4000,62,-1.0638182388078783,-0.999914300222301,0,1,0,0,0,0,0,0,0,1,-407.49935221580756,18.91037138181982
3000,43,-1.2051743783654938,0.046683041982376085,0,0,0,0,0,1,0,0,1,0,592.4994825626467,-0.1704297449989603
5000,31,-0.017049181368659922,1.6248094102145365,0,0,0,0,1,0,0,1,0,0,-1407.5006405778265,-12.063982430607442
3000,68,-0.9581221459556554,-0.3609911515912457,1,0,1,0,0,1,0,0,0,1,592.5009935559943,24.84637633936143
5000,24,-1.4067717817960472,1.3417324198545209,0,0,0,1,1,0,0,0,0,0,-1407.5016811269443,-19.048164710993998
2000,20,0.8752855795859671,-1.3146432278306195,0,0,0,1,0,0,1,0,0,0,1592.498937027006,-23.212943647596884
5000,64,-0.16958734804349634,-0.5996016052800687,0,0,1,0,1,0,0,0,0,1,-1407.4989756421332,20.963180913037828
4000,40,-0.509768991533529,-1.5169800513294227,1,0,1,0,0,0,0,0,1,0,-407.5004336805021,-3.109371032796009
4000,63,-2.4593834495139855,0.03798438261895562,0,0,0,1,0,0,0,0,0,1,-407.4998253154729,19.90611832402667
5000,60,-1.4303884298781198,0.7808099834383533,0,0,0,1,1,0,0,0,0,1,-1407.4996454730897,16.963876538680548
5000,64,0.24198338578545306,0.040285439267476075,0,1,0,0,1,0,0,0,0,1,-1407.4987502305237,20.96567423403618
5000,62,-0.4528684157333185,1.250377057822853,0,1,0,0,1,0,0,0,0,1,-1407.4990963550622,18.964096576110652
5000,35,0.33724670723119626,-0.8257540188544741,0,0,1,0,1,0,0,1,0,0,-1407.500405472625,-8.061959302175726
4000,55,-0.5669602656931104,0.19803173146105826,0,1,0,0,0,0,0,0,0,1,-407.49948359575404,11.911819143000539
3000,52,-1.5129708112914306,-0.592836285784036,0,0,0,0,0,1,0,0,0,1,592.4998378831002,8.853755944630736
5000,68,-0.35666510261378637,0.34125747190567307,0,1,0,0,1,0,0,0,0,1,-1407.4987564608673,24.96303195885231
5000,32,-0.5359389733376154,0.49049828176015375,1,1,0,0,1,0,0,1,0,0,-1407.500861976155,-11.060160949251182
4000,42,0.5910310735215841,0.5731345889035259,1,0,0,0,0,0,0,0,1,0,-407.499724532512,-1.1123917974632773
4000,54,1.0965185550025214,-1.1634172001724097,0,0,1,0,0,0,0,0,0,1,-407.49892622185945,10.912383978380475
2000,45,1.2216774398532968,-0.9734267756096984,0,0,0,0,0,0,1,0,1,0,1592.5005362862667,1.7737737917882455
5000,27,-0.402530493452106,-0.7785931425605057,0,1,0,0,1,0,0,1,0,0,-1407.5011616534616,-16.055845854012496
2000,56,1.4579870403014317,-0.2896590632313474,0,0,1,0,0,0,1,0,0,1,1592.501290392631,12.794879721927838
4000,34,0.7496296102519263,0.05289134187457863,0,1,0,0,0,0,0,1,0,0,-407.50010346568007,-9.116353476414671
4000,56,1.0356525004856203,0.7051817553990505,0,0,0,0,0,0,0,0,0,1,-407.49872066516804,12.908905618576323
3000,39,0.6202753767878614,-0.9296740256339827,0,0,0,0,0,1,0,0,1,0,592.4999726702257,-4.165833506696008
5000,43,0.5046682700750231,-1.7206560498641144,1,1,0,0,1,0,0,0,1,0,-1407.4999454289446,-0.04945556578899943
2000,61,0.358945490197006,2.226017188115834,0,0,0,1,0,0,1,0,0,1,1592.5012695693713,17.78994895901507
4000,42,0.7320229103275433,-1.227352393225613,0,0,0,1,0,0,0,0,1,0,-407.4997542054823,-1.1077561355513814
4000,34,0.04652252084527112,0.8398988352687836,0,0,0,0,0,0,0,1,0,0,-407.50035998949926,-9.120905240174578
2000,30,0.2104130402610443,-0.005855012951193221,0,0,0,0,0,0,1,1,0,0,1592.4993351895032,-13.233164603019546
3000,37,-0.7477366644001795,0.22530708699200463,0,0,0,1,0,1,0,0,1,0,592.49934415593,-6.16617022547878
4000,42,0.7436186991176235,-0.0403313709610934,0,0,0,1,0,0,0,0,1,0,-407.49968670079346,-1.109667845777935
5000,21,-0.39235136667960346,-0.44299878264536335,0,1,0,0,1,0,0,0,0,0,-1407.5015245050843,-22.042103912743436
4000,27,0.6674514593469486,0.4487243921286062,0,1,0,0,0,0,0,1,0,0,-407.50052233715064,-16.114015072506525
5000,20,-0.9111510112557765,-0.4994610251556877,0,0,0,1,1,0,0,0,0,0,-1407.5017997434463,-23.04310368427868
2000,58,0.8847056917127039,1.1865588643813711,0,1,0,0,0,0,1,0,0,1,1592.501258566913,14.794461175192588
5000,62,-0.07050135273852376,0.5584741883622942,1,1,0,0,1,0,0,0,0,1,-1407.4989709265042,18.965484186593525
2000,35,-0.3179477376835964,0.5912021383075502,1,0,1,0,0,0,1,1,0,0,1592.49941508935,-8.237124283998288
5000,64,-0.7094564633644987,-0.5714614837543843,1,1,0,0,1,0,0,0,0,1,-1407.4991853788285,20.96599543525465
2000,53,0.9544261922820342,-0.2870053582823269,0,0,0,0,0,0,1,0,0,1,1592.5009208462147,9.796277179551186
